{"type": "FeatureCollection", "features": [{"type": "Feature", "properties": {"sheet_name": "Загиблі цивільні", "description": "В с. Білозірка пошкоджено будинок, загинула одна людина.", "date": "2022-7-1", "timestamp": 1656633600000}, "geometry": {"type": "Point", "coordinates": [32.448873, 47.090263]}}, {"type": "Feature", "properties": {"sheet_name": "Загиблі цивільні", "description": "В селищі Луч внаслідок ворожих обстрілів загинула одна людина. ", "date": "2022-7-2", "timestamp": 1656720000000}, "geometry": {"type": "Point", "coordinates": [32.219268, 46.826064]}}, {"type": "Feature", "properties": {"sheet_name": "Загиблі цивільні", "description": "Внаслідок обстрілів с. Засілля загинула одна людина.", "date": "2022-7-5", "timestamp": 1656979200000}, "geometry": {"type": "Point", "coordinates": [32.427847, 47.023995]}}, {"type": "Feature", "properties": {"sheet_name": "Загиблі цивільні", "description": "Під час обстрілів с. Нечаяне загинула одна людина.", "date": "2022-7-6", "timestamp": 1657065600000}, "geometry": {"type": "Point", "coordinates": [31.552642, 46.942736]}}, {"type": "Feature", "properties": {"sheet_name": "Загиблі цивільні", "description": "Внаслідок обстрілів с. Українка Галицинівської громади загинуло дві людини.", "date": "2022-7-7", "timestamp": 1657152000000}, "geometry": {"type": "Point", "coordinates": [32.141298, 46.824849]}}, {"type": "Feature", "properties": {"sheet_name": "Загиблі цивільні", "description": "Через ракетний удар по Баштанці загинула жінка. ", "date": "2022-7-12", "timestamp": 1657584000000}, "geometry": {"type": "Point", "coordinates": [32.438221, 47.40372]}}, {"type": "Feature", "properties": {"sheet_name": "Загиблі цивільні", "description": "Через обстріли с. Новоселівка загинуло 4 людини.", "date": "2022-7-13", "timestamp": 1657670400000}, "geometry": {"type": "Point", "coordinates": [32.395752, 46.999938]}}, {"type": "Feature", "properties": {"sheet_name": "Загиблі цивільні", "description": "Через нічний обстріл Баштанки загинула одна людина.", "date": "2022-7-14", "timestamp": 1657756800000}, "geometry": {"type": "Point", "coordinates": [32.438221, 47.40372]}}, {"type": "Feature", "properties": {"sheet_name": "Загиблі цивільні", "description": "У с. Шевченкове внаслідок обстрілів загинули три людини. ", "date": "2022-7-16", "timestamp": 1657929600000}, "geometry": {"type": "Point", "coordinates": [32.196443, 46.86215]}}, {"type": "Feature", "properties": {"sheet_name": "Загиблі цивільні", "description": "Через обстріли у Широківській громаді загинула жінка.", "date": "2022-7-16", "timestamp": 1657929600000}, "geometry": {"type": "Point", "coordinates": [32.621648, 47.123866]}}, {"type": "Feature", "properties": {"sheet_name": "Загиблі цивільні", "description": "В с. Широке внаслідок влучання боєприпасу в житловий будинок є один загиблий.", "date": "2022-7-21", "timestamp": 1658361600000}, "geometry": {"type": "Point", "coordinates": [32.674144, 47.098634]}}, {"type": "Feature", "properties": {"sheet_name": "Загиблі цивільні", "description": "Через удари по с. Шевченкове загинуло дві людини.", "date": "2022-7-23", "timestamp": 1658534400000}, "geometry": {"type": "Point", "coordinates": [32.196443, 46.86215]}}, {"type": "Feature", "properties": {"sheet_name": "Загиблі цивільні", "description": "Ворожі касетні снаряди влучили у зупинку громадського транспорту в Корабельному районі Миколаєва, загинуло 7 цивільних.", "date": "2022-7-29", "timestamp": 1659052800000}, "geometry": {"type": "Point", "coordinates": [32.011812, 46.959077]}}, {"type": "Feature", "properties": {"sheet_name": "Загиблі цивільні", "description": "У Миколаєві обстріляли один зі спальних районів міста, одна людина загинула.", "date": "2022-7-30", "timestamp": 1659139200000}, "geometry": {"type": "Point", "coordinates": [32.011812, 46.959077]}}, {"type": "Feature", "properties": {"sheet_name": "Загиблі цивільні", "description": "Внаслідок масованих обстрілів Миколаєва загинула одна людина", "date": "2022-7-31", "timestamp": 1659225600000}, "geometry": {"type": "Point", "coordinates": [32.011812, 46.959077]}}, {"type": "Feature", "properties": {"sheet_name": "Поранені цивільні", "description": "Через влучання по домогосподарствах у Широківській громаді поранено троє людей.", "date": "2022-7-9", "timestamp": 1657324800000}, "geometry": {"type": "Point", "coordinates": [32.621648, 47.123866]}}, {"type": "Feature", "properties": {"sheet_name": "Поранені цивільні", "description": "У Миколаєві внаслідок ракетного обстрілу є один поранений.\n", "date": "2022-7-11", "timestamp": 1657497600000}, "geometry": {"type": "Point", "coordinates": [32.011807, 46.959077]}}, {"type": "Feature", "properties": {"sheet_name": "Поранені цивільні", "description": "У Миколаєві через масований ракетний обстріл поранено 4 людей.", "date": "2022-7-12", "timestamp": 1657584000000}, "geometry": {"type": "Point", "coordinates": [32.011807, 46.959077]}}, {"type": "Feature", "properties": {"sheet_name": "Поранені цивільні", "description": "По Миколаєву випущено 9 ракет типу С-300, поранена одна людина.", "date": "2022-7-14", "timestamp": 1657756800000}, "geometry": {"type": "Point", "coordinates": [32.011807, 46.959077]}}, {"type": "Feature", "properties": {"sheet_name": "Поранені цивільні", "description": "Через обстріли с. Новоселівка поранено 2 людини.", "date": "2022-7-13", "timestamp": 1657670400000}, "geometry": {"type": "Point", "coordinates": [32.395752, 46.999938]}}, {"type": "Feature", "properties": {"sheet_name": "Поранені цивільні", "description": "Через обстріли у Широківській громаді отримали поранення 2 людини.", "date": "2022-7-15", "timestamp": 1657843200000}, "geometry": {"type": "Point", "coordinates": [32.621648, 47.123866]}}, {"type": "Feature", "properties": {"sheet_name": "Поранені цивільні", "description": "У с. Шевченкове внаслідок обстрілів поранені три людини. ", "date": "2022-7-16", "timestamp": 1657929600000}, "geometry": {"type": "Point", "coordinates": [32.196443, 46.86215]}}, {"type": "Feature", "properties": {"sheet_name": "Поранені цивільні", "description": "Окупанти обстріляли касетними снарядами Корабельний район Миколаєва - поранень зазнали двоє цивільних.", "date": "2022-7-18", "timestamp": 1658102400000}, "geometry": {"type": "Point", "coordinates": [32.025611, 46.870032]}}, {"type": "Feature", "properties": {"sheet_name": "Поранені цивільні", "description": "В смт Березнегувате після ракетного обстрілу з-під завалів врятовано дві людини.", "date": "2022-7-20", "timestamp": 1658275200000}, "geometry": {"type": "Point", "coordinates": [32.846669, 47.307953]}}, {"type": "Feature", "properties": {"sheet_name": "Поранені цивільні", "description": "Окупанти випустили по Миколаєву сім ракет С-300, одна людина постраждала. ", "date": "2022-7-21", "timestamp": 1658361600000}, "geometry": {"type": "Point", "coordinates": [32.01181, 46.959077]}}, {"type": "Feature", "properties": {"sheet_name": "Поранені цивільні", "description": "По Миколаєву було випущено чотири крилатих ракети типу «Калібр». Відомо про п‘ятьох поранених, серед них підліток. ", "date": "2022-7-23", "timestamp": 1658534400000}, "geometry": {"type": "Point", "coordinates": [32.011811, 46.959077]}}, {"type": "Feature", "properties": {"sheet_name": "Поранені цивільні", "description": "Через обстріл с. Мішково-Погорілове зазнала поранень 7-річна дитина.", "date": "2022-7-25", "timestamp": 1658707200000}, "geometry": {"type": "Point", "coordinates": [32.112717, 46.995222]}}, {"type": "Feature", "properties": {"sheet_name": "Поранені цивільні", "description": "У Миколаєві через ворожий обстріл отримали поранення троє осіб.", "date": "2022-7-28", "timestamp": 1658966400000}, "geometry": {"type": "Point", "coordinates": [32.011812, 46.959077]}}, {"type": "Feature", "properties": {"sheet_name": "Поранені цивільні", "description": "Ворожі касетні снаряди влучили у зупинку громадського транспорту в Корабельному районі Миколаєва, поранено 12 цивільних.", "date": "2022-7-29", "timestamp": 1659052800000}, "geometry": {"type": "Point", "coordinates": [32.011812, 46.959077]}}, {"type": "Feature", "properties": {"sheet_name": "Поранені цивільні", "description": "У Миколаєві обстріляний один зі спальних районів міста, шість людей поранено.", "date": "2022-7-30", "timestamp": 1659139200000}, "geometry": {"type": "Point", "coordinates": [32.011812, 46.959077]}}, {"type": "Feature", "properties": {"sheet_name": "Поранені цивільні", "description": "Внаслідок масованих обстрілів Миколаєва поранено дві людини", "date": "2022-7-31", "timestamp": 1659225600000}, "geometry": {"type": "Point", "coordinates": [32.011812, 46.959077]}}, {"type": "Feature", "properties": {"sheet_name": "Житлові будинки", "description": "В с. Білозірка пошкоджено будинок, загинула одна людина.", "date": "2022-7-1", "timestamp": 1656633600000}, "geometry": {"type": "Point", "coordinates": [32.448873, 47.090263]}}, {"type": "Feature", "properties": {"sheet_name": "Житлові будинки", "description": "В селищі Засілля зруйновано житловий будинок та господарське підсобне приміщення.", "date": "2022-7-2", "timestamp": 1656720000000}, "geometry": {"type": "Point", "coordinates": [32.427847, 47.023995]}}, {"type": "Feature", "properties": {"sheet_name": "Житлові будинки", "description": "В смт Первомайське пошкоджено недобудовану 4-поверхівку. ", "date": "2022-7-2", "timestamp": 1656720000000}, "geometry": {"type": "Point", "coordinates": [32.43914, 47.041483]}}, {"type": "Feature", "properties": {"sheet_name": "Житлові будинки", "description": "Внаслідок обстрілів в смт Первомайське виникло загоряння житлового будинку та гаражів.", "date": "2022-7-3", "timestamp": 1656806400000}, "geometry": {"type": "Point", "coordinates": [32.439141, 47.041483]}}, {"type": "Feature", "properties": {"sheet_name": "Житлові будинки", "description": "В с. Дніпровське внаслідок ворожого обстрілу зруйновано два житлових будинки, інші будинки й будівлі зазнали пошкоджень.", "date": "2022-7-3", "timestamp": 1656806400000}, "geometry": {"type": "Point", "coordinates": [31.873512, 46.63574]}}, {"type": "Feature", "properties": {"sheet_name": "Житлові будинки", "description": "Обстрілів зазнала Широківська громада. Зруйновано житловий будинок, потерпілих немає.", "date": "2022-7-4", "timestamp": 1656892800000}, "geometry": {"type": "Point", "coordinates": [32.621648, 47.123866]}}, {"type": "Feature", "properties": {"sheet_name": "Житлові будинки", "description": "Внаслідок обстрілів с. Лимани зруйновано житловий будинок. ", "date": "2022-7-4", "timestamp": 1656892800000}, "geometry": {"type": "Point", "coordinates": [31.97235, 46.72796]}}, {"type": "Feature", "properties": {"sheet_name": "Житлові будинки", "description": "У Широківській громаді пошкоджено один житловий будинок, зруйновано ще один житловий будинок.", "date": "2022-7-5", "timestamp": 1656979200000}, "geometry": {"type": "Point", "coordinates": [32.621648, 47.123866]}}, {"type": "Feature", "properties": {"sheet_name": "Житлові будинки", "description": "Через обстріли с. Новомиколаївка пошкоджено житлові будинки.", "date": "2022-7-6", "timestamp": 1657065600000}, "geometry": {"type": "Point", "coordinates": [32.359167, 46.966356]}}, {"type": "Feature", "properties": {"sheet_name": "Житлові будинки", "description": "Через обстріли смт Березнегувате є руйнування житлових будинків.", "date": "2022-7-8", "timestamp": 1657238400000}, "geometry": {"type": "Point", "coordinates": [32.846669, 47.307953]}}, {"type": "Feature", "properties": {"sheet_name": "Житлові будинки", "description": "Внаслідок ворожих обстрілів у Галицинівській громаді, у СВТ «Бірюза» відбулась пожежа дачного будинку.", "date": "2022-7-7", "timestamp": 1657152000000}, "geometry": {"type": "Point", "coordinates": [31.954482, 46.80328]}}, {"type": "Feature", "properties": {"sheet_name": "Житлові будинки", "description": "Внаслідок обстрілів с. Новомиколаївка частково пошкоджено житлові будинки.", "date": "2022-7-8", "timestamp": 1657238400000}, "geometry": {"type": "Point", "coordinates": [32.359167, 46.966356]}}, {"type": "Feature", "properties": {"sheet_name": "Житлові будинки", "description": "У Широківській громаді влучання по житловим будинкам та відкритих територіяч домогосподарств.", "date": "2022-7-10", "timestamp": 1657411200000}, "geometry": {"type": "Point", "coordinates": [32.621648, 47.123866]}}, {"type": "Feature", "properties": {"sheet_name": "Житлові будинки", "description": "Під час масованого ракетного обстрілу Миколаєва були влучання у житлові будинки.", "date": "2022-7-12", "timestamp": 1657584000000}, "geometry": {"type": "Point", "coordinates": [32.011807, 46.959077]}}, {"type": "Feature", "properties": {"sheet_name": "Житлові будинки", "description": "Внаслідок обстрілів смт Первомайське зазнав пошкоджень житловий будинок.", "date": "2022-7-11", "timestamp": 1657497600000}, "geometry": {"type": "Point", "coordinates": [32.438662, 47.04128]}}, {"type": "Feature", "properties": {"sheet_name": "Житлові будинки", "description": "В смт Березнегувате було влучання по житлових будинках.", "date": "2022-7-13", "timestamp": 1657670400000}, "geometry": {"type": "Point", "coordinates": [32.846669, 47.307953]}}, {"type": "Feature", "properties": {"sheet_name": "Житлові будинки", "description": "В с. Зоря пошкоджено житлові будинки.", "date": "2022-7-12", "timestamp": 1657584000000}, "geometry": {"type": "Point", "coordinates": [32.288157, 46.896352]}}, {"type": "Feature", "properties": {"sheet_name": "Житлові будинки", "description": "Нічний обстріл Баштанки зруйнував житлові будинки.", "date": "2022-7-14", "timestamp": 1657756800000}, "geometry": {"type": "Point", "coordinates": [32.438221, 47.40372]}}, {"type": "Feature", "properties": {"sheet_name": "Житлові будинки", "description": "Обстріли с. Лимани пошкодили житлові будинки.", "date": "2022-7-15", "timestamp": 1657843200000}, "geometry": {"type": "Point", "coordinates": [31.97235, 46.72796]}}, {"type": "Feature", "properties": {"sheet_name": "Житлові будинки", "description": "Періодичні обстріли у Широківській громаді зруйнували один житловий будинок і пошкодили три.", "date": "2022-7-15", "timestamp": 1657843200000}, "geometry": {"type": "Point", "coordinates": [32.621648, 47.123866]}}, {"type": "Feature", "properties": {"sheet_name": "Житлові будинки", "description": "Через обстріли с. Олександрівка у 6 приватних будинках частково пошкоджені покрівлі та вікна.", "date": "2022-7-15", "timestamp": 1657843200000}, "geometry": {"type": "Point", "coordinates": [32.973923, 47.55982]}}, {"type": "Feature", "properties": {"sheet_name": "Житлові будинки", "description": "У с. Шевченкове внаслідок обстрілів зруйновані житлові будинки.", "date": "2022-7-16", "timestamp": 1657929600000}, "geometry": {"type": "Point", "coordinates": [32.196443, 46.86215]}}, {"type": "Feature", "properties": {"sheet_name": "Житлові будинки", "description": "Лимани зазнали масованого обстрілу: пошкоджено житлові будинки.", "date": "2022-7-16", "timestamp": 1657929600000}, "geometry": {"type": "Point", "coordinates": [31.97235, 46.72796]}}, {"type": "Feature", "properties": {"sheet_name": "Житлові будинки", "description": "Через обстріли у Широківській громаді зруйновано житловий будинок.", "date": "2022-7-16", "timestamp": 1657929600000}, "geometry": {"type": "Point", "coordinates": [32.621648, 47.123866]}}, {"type": "Feature", "properties": {"sheet_name": "Житлові будинки", "description": "Окупанти обстріляли касетними снарядами Корабельний район Миколаєва – пошкоджено вікна і дах у приватних будинках. ", "date": "2022-7-18", "timestamp": 1658102400000}, "geometry": {"type": "Point", "coordinates": [32.025611, 46.870032]}}, {"type": "Feature", "properties": {"sheet_name": "Житлові будинки", "description": "Через обстріл у Шевченківській громаді відбулося руйнування житлових будинків.", "date": "2022-7-19", "timestamp": 1658188800000}, "geometry": {"type": "Point", "coordinates": [32.243351, 46.844318]}}, {"type": "Feature", "properties": {"sheet_name": "Житлові будинки", "description": "В с. Лимани відбулось загоряння житлових та дачних будинків.", "date": "2022-7-19", "timestamp": 1658188800000}, "geometry": {"type": "Point", "coordinates": [31.97235, 46.72796]}}, {"type": "Feature", "properties": {"sheet_name": "Житлові будинки", "description": "В Широківській громаді зруйновані та пошкоджені сім житлових будинків.", "date": "2022-7-19", "timestamp": 1658188800000}, "geometry": {"type": "Point", "coordinates": [32.621648, 47.123866]}}, {"type": "Feature", "properties": {"sheet_name": "Житлові будинки", "description": "В смт Березнегувате внаслідок ракетного обстрілу пошкоджено вісім житлових будинків. ", "date": "2022-7-20", "timestamp": 1658275200000}, "geometry": {"type": "Point", "coordinates": [32.846669, 47.307953]}}, {"type": "Feature", "properties": {"sheet_name": "Житлові будинки", "description": "Під ворожий обстріл потрапили житлові будинки в с. Калуга.", "date": "2022-7-20", "timestamp": 1658275200000}, "geometry": {"type": "Point", "coordinates": [32.94025, 47.364476]}}, {"type": "Feature", "properties": {"sheet_name": "Житлові будинки", "description": "Під ворожий обстріл потрапили житлові будинки в с. Висунськ. ", "date": "2022-7-20", "timestamp": 1658275200000}, "geometry": {"type": "Point", "coordinates": [32.821056, 47.261436]}}, {"type": "Feature", "properties": {"sheet_name": "Житлові будинки", "description": "Через обстріли с. Лимани зруйновано житлові будинки.", "date": "2022-7-20", "timestamp": 1658275200000}, "geometry": {"type": "Point", "coordinates": [31.97235, 46.72796]}}, {"type": "Feature", "properties": {"sheet_name": "Житлові будинки", "description": "В с. Широке боєприпас влучив в житловий будинок.", "date": "2022-7-21", "timestamp": 1658361600000}, "geometry": {"type": "Point", "coordinates": [32.674144, 47.098634]}}, {"type": "Feature", "properties": {"sheet_name": "Житлові будинки", "description": "Після обстрілів у с. Галицинове відбулося займання житлового будинку. ", "date": "2022-7-22", "timestamp": 1658448000000}, "geometry": {"type": "Point", "coordinates": [31.952911, 46.780528]}}, {"type": "Feature", "properties": {"sheet_name": "Житлові будинки", "description": "Через ракетний обстріл ракетами \"Калібр\" у Миколаєві повністю зруйновано декілька садиб, пошкоджено приватні та багатоповерхові будинки.", "date": "2022-7-23", "timestamp": 1658534400000}, "geometry": {"type": "Point", "coordinates": [32.011811, 46.959077]}}, {"type": "Feature", "properties": {"sheet_name": "Житлові будинки", "description": "Через обстріли с. Лимани відбулося загоряння житлових будинків.", "date": "2022-7-23", "timestamp": 1658534400000}, "geometry": {"type": "Point", "coordinates": [31.97235, 46.72796]}}, {"type": "Feature", "properties": {"sheet_name": "Житлові будинки", "description": "Через обстріл с. Мішково-Погорілове зруйновані та пошкоджені будинки, виникла пожежа двоповерхового житлового будинку.", "date": "2022-7-25", "timestamp": 1658707200000}, "geometry": {"type": "Point", "coordinates": [32.112717, 46.995222]}}, {"type": "Feature", "properties": {"sheet_name": "Житлові будинки", "description": "Через обстріли с. Маліївка зруйновано один житловий будинок. ", "date": "2022-7-25", "timestamp": 1658707200000}, "geometry": {"type": "Point", "coordinates": [32.73034, 47.483595]}}, {"type": "Feature", "properties": {"sheet_name": "Житлові будинки", "description": "Внаслідок ворожих обстрілів в с. Шевченкове частково зруйновано житловий будинок. ", "date": "2022-7-26", "timestamp": 1658793600000}, "geometry": {"type": "Point", "coordinates": [32.196443, 46.86215]}}, {"type": "Feature", "properties": {"sheet_name": "Житлові будинки", "description": "В селищі Весняне пошкоджено біля восьми приватних житлових будинків.", "date": "2022-7-26", "timestamp": 1658793600000}, "geometry": {"type": "Point", "coordinates": [31.892919, 46.97526]}}, {"type": "Feature", "properties": {"sheet_name": "Житлові будинки", "description": "В с. Лепетиха пошкоджені житлові будинки.", "date": "2022-7-26", "timestamp": 1658793600000}, "geometry": {"type": "Point", "coordinates": [33.048818, 47.331542]}}, {"type": "Feature", "properties": {"sheet_name": "Житлові будинки", "description": "В с. Кавказ пошкоджені житлові будинки.", "date": "2022-7-26", "timestamp": 1658793600000}, "geometry": {"type": "Point", "coordinates": [33.071037, 47.286823]}}, {"type": "Feature", "properties": {"sheet_name": "Житлові будинки", "description": "Внаслідок ворожих обстрілів с. Лимани зруйновано та пошкоджено три житлових будинки.", "date": "2022-7-27", "timestamp": 1658880000000}, "geometry": {"type": "Point", "coordinates": [31.97235, 46.72796]}}, {"type": "Feature", "properties": {"sheet_name": "Житлові будинки", "description": "В с. Широке пошкоджено три житлових будинки.", "date": "2022-7-27", "timestamp": 1658880000000}, "geometry": {"type": "Point", "coordinates": [32.674144, 47.098634]}}, {"type": "Feature", "properties": {"sheet_name": "Житлові будинки", "description": "У Миколаєві зруйновано три приватних будинка.", "date": "2022-7-28", "timestamp": 1658966400000}, "geometry": {"type": "Point", "coordinates": [32.011812, 46.959077]}}, {"type": "Feature", "properties": {"sheet_name": "Житлові будинки", "description": "У Миколаєві через обстріл багатоповерхівки зазнали значних ушкоджень", "date": "2022-7-30", "timestamp": 1659139200000}, "geometry": {"type": "Point", "coordinates": [32.011812, 46.959077]}}, {"type": "Feature", "properties": {"sheet_name": "Житлові будинки", "description": "Внаслідок масованих обстрілів Миколаєва пошкоджено житлові будинки. Також зайнялась двоповерхова будівля", "date": "2022-7-31", "timestamp": 1659225600000}, "geometry": {"type": "Point", "coordinates": [32.011812, 46.959077]}}, {"type": "Feature", "properties": {"sheet_name": "Житлові будинки", "description": "У селі Лупареве загорівся дачний будинок", "date": "2022-7-30", "timestamp": 1659139200000}, "geometry": {"type": "Point", "coordinates": [31.979453, 46.696826]}}, {"type": "Feature", "properties": {"sheet_name": "Навчальні заклади", "description": "В смт Первомайське внаслідок обстрілів горіла шкільна їдальня.", "date": "2022-7-2", "timestamp": 1656720000000}, "geometry": {"type": "Point", "coordinates": [32.43914, 47.041483]}}, {"type": "Feature", "properties": {"sheet_name": "Навчальні заклади", "description": "У Широківській громаді влучання по будівлі школи.", "date": "2022-7-10", "timestamp": 1657411200000}, "geometry": {"type": "Point", "coordinates": [32.621648, 47.123866]}}, {"type": "Feature", "properties": {"sheet_name": "Навчальні заклади", "description": "По Миколаєву випущено 9 ракет типу С-300: постраждали два навчальні заклади.", "date": "2022-7-14", "timestamp": 1657756800000}, "geometry": {"type": "Point", "coordinates": [32.011807, 46.959077]}}, {"type": "Feature", "properties": {"sheet_name": "Навчальні заклади", "description": "Через ракетний обстріл ракетами \"Калібр\" у Миколаєві повністю зруйновано заклад освіти.", "date": "2022-7-23", "timestamp": 1658534400000}, "geometry": {"type": "Point", "coordinates": [32.011811, 46.959077]}}, {"type": "Feature", "properties": {"sheet_name": "Навчальні заклади", "description": "Внаслідок влучання трьох ракет вщент зруйновано будівлю середньої школи у Корабельному районі Миколаєва. ", "date": "2022-7-28", "timestamp": 1658966400000}, "geometry": {"type": "Point", "coordinates": [32.011812, 46.959077]}}, {"type": "Feature", "properties": {"sheet_name": "Навчальні заклади", "description": "Внаслідок масованих обстрілів Миколаєва пошкоджено два заклади освіти", "date": "2022-7-31", "timestamp": 1659225600000}, "geometry": {"type": "Point", "coordinates": [32.011812, 46.959077]}}, {"type": "Feature", "properties": {"sheet_name": "Сільськогосподарські та лісові ", "description": "В лісовому урочищі Галицинівської громади горіли хвойна підстилка та лісові насадження на площі 1 га.", "date": "2022-7-1", "timestamp": 1656633600000}, "geometry": {"type": "Point", "coordinates": [31.962628, 46.773075]}}, {"type": "Feature", "properties": {"sheet_name": "Сільськогосподарські та лісові ", "description": "Обстріли с-ща Засілля та за межами населених пунктів Первомайської громади пошкодили присадибні ділянки, відбулося займання на полях.", "date": "2022-7-3", "timestamp": 1656806400000}, "geometry": {"type": "Point", "coordinates": [32.427847, 47.023995]}}, {"type": "Feature", "properties": {"sheet_name": "Сільськогосподарські та лісові ", "description": "Внаслідок обстрілу Інгульської громади виникло займання поля з ріпаком. ", "date": "2022-7-5", "timestamp": 1656979200000}, "geometry": {"type": "Point", "coordinates": [32.225665, 47.19975]}}, {"type": "Feature", "properties": {"sheet_name": "Сільськогосподарські та лісові ", "description": "В наслідок обстрілів с. Лимани виникло займання полів з урожаєм.", "date": "2022-7-4", "timestamp": 1656892800000}, "geometry": {"type": "Point", "coordinates": [31.97235, 46.72796]}}, {"type": "Feature", "properties": {"sheet_name": "Сільськогосподарські та лісові ", "description": "Внаслідок обстрілів с. Квітневе спалахнули поля з урожаєм.", "date": "2022-7-5", "timestamp": 1656979200000}, "geometry": {"type": "Point", "coordinates": [32.455243, 47.022603]}}, {"type": "Feature", "properties": {"sheet_name": "Сільськогосподарські та лісові ", "description": "Обстріляно Широківську громаду, внаслідок чого відбулися займання полів. ", "date": "2022-7-6", "timestamp": 1657065600000}, "geometry": {"type": "Point", "coordinates": [32.621648, 47.123866]}}, {"type": "Feature", "properties": {"sheet_name": "Сільськогосподарські та лісові ", "description": "Через обстріли с. Новомиколаївка відбулося займання сухостою та зернових полів.", "date": "2022-7-6", "timestamp": 1657065600000}, "geometry": {"type": "Point", "coordinates": [32.359167, 46.966356]}}, {"type": "Feature", "properties": {"sheet_name": "Сільськогосподарські та лісові ", "description": "В смт Первомайське виникли загоряння полів з урожаєм.", "date": "2022-7-6", "timestamp": 1657065600000}, "geometry": {"type": "Point", "coordinates": [32.359167, 46.966356]}}, {"type": "Feature", "properties": {"sheet_name": "Сільськогосподарські та лісові ", "description": "В с. Шевченкове виникла пожежа поля з ячменем та сухої трави.", "date": "2022-7-6", "timestamp": 1657065600000}, "geometry": {"type": "Point", "coordinates": [32.196443, 46.86215]}}, {"type": "Feature", "properties": {"sheet_name": "Сільськогосподарські та лісові ", "description": "Через обстріли території у Широківській громаді відбулися займання полів. ", "date": "2022-7-7", "timestamp": 1657152000000}, "geometry": {"type": "Point", "coordinates": [32.621648, 47.123866]}}, {"type": "Feature", "properties": {"sheet_name": "Сільськогосподарські та лісові ", "description": "Внаслідок обстрілів с. Новомиколаївка Також відбулося займання полів із зерновими, лісосмуги та сухостою. ", "date": "2022-7-8", "timestamp": 1657238400000}, "geometry": {"type": "Point", "coordinates": [32.359167, 46.966356]}}, {"type": "Feature", "properties": {"sheet_name": "Сільськогосподарські та лісові ", "description": "Після ворожих обстрілів виникла пожежа лісу на Кінбурнській косі та дві пожежі хвойного настилу на території лісництва поблизу с. Василівка.", "date": "2022-7-8", "timestamp": 1657238400000}, "geometry": {"type": "Point", "coordinates": [31.826792, 46.497864]}}, {"type": "Feature", "properties": {"sheet_name": "Сільськогосподарські та лісові ", "description": "Внаслідок влучення боєприпасів та їх уламків горіли пожнивні залишки в с. Добре.", "date": "2022-7-8", "timestamp": 1657238400000}, "geometry": {"type": "Point", "coordinates": [32.453223, 47.314146]}}, {"type": "Feature", "properties": {"sheet_name": "Сільськогосподарські та лісові ", "description": "Після ворожих обстрілів виникло займання поля з пшеницею в смт Березнегувате.", "date": "2022-7-10", "timestamp": 1657411200000}, "geometry": {"type": "Point", "coordinates": [32.846669, 47.307953]}}, {"type": "Feature", "properties": {"sheet_name": "Сільськогосподарські та лісові ", "description": "За межами с. Новомиколаївка внаслідок обстрілу загорілися поля з врожаєм і лісосмуги. ", "date": "2022-7-10", "timestamp": 1657411200000}, "geometry": {"type": "Point", "coordinates": [32.359167, 46.966356]}}, {"type": "Feature", "properties": {"sheet_name": "Сільськогосподарські та лісові ", "description": "В с. Лимани зайнялося поле з врожаєм та лісосмуга. ", "date": "2022-7-10", "timestamp": 1657411200000}, "geometry": {"type": "Point", "coordinates": [31.97235, 46.72796]}}, {"type": "Feature", "properties": {"sheet_name": "Сільськогосподарські та лісові ", "description": "В смт Березнегувате виникло загоряння поля з пшеницею.", "date": "2022-7-12", "timestamp": 1657584000000}, "geometry": {"type": "Point", "coordinates": [32.846669, 47.307953]}}, {"type": "Feature", "properties": {"sheet_name": "Сільськогосподарські та лісові ", "description": "В с. Шевченкове загорілися поля з зерновими.", "date": "2022-7-12", "timestamp": 1657584000000}, "geometry": {"type": "Point", "coordinates": [32.196443, 46.86215]}}, {"type": "Feature", "properties": {"sheet_name": "Сільськогосподарські та лісові ", "description": "У Широківській громаді горіли поля з зерновими.", "date": "2022-7-14", "timestamp": 1657756800000}, "geometry": {"type": "Point", "coordinates": [32.621648, 47.123866]}}, {"type": "Feature", "properties": {"sheet_name": "Сільськогосподарські та лісові ", "description": "Через обстріли с. Лимани відбулося займання лісу. ", "date": "2022-7-14", "timestamp": 1657756800000}, "geometry": {"type": "Point", "coordinates": [31.97235, 46.72796]}}, {"type": "Feature", "properties": {"sheet_name": "Сільськогосподарські та лісові ", "description": "Через обстріли виникло загоряння поля з ячменем в с. Шевченкове.", "date": "2022-7-14", "timestamp": 1657756800000}, "geometry": {"type": "Point", "coordinates": [32.196443, 46.86215]}}, {"type": "Feature", "properties": {"sheet_name": "Сільськогосподарські та лісові ", "description": "Через обстріли виникло загоряння поля з пшеницею у с. Котляреве.", "date": "2022-7-14", "timestamp": 1657756800000}, "geometry": {"type": "Point", "coordinates": [32.227655, 46.885644]}}, {"type": "Feature", "properties": {"sheet_name": "Сільськогосподарські та лісові ", "description": "Через потрапляння боєприпасів зайнялося поле з пшеницею у с. Привільне.", "date": "2022-7-14", "timestamp": 1657756800000}, "geometry": {"type": "Point", "coordinates": [32.297098, 47.490558]}}, {"type": "Feature", "properties": {"sheet_name": "Сільськогосподарські та лісові ", "description": "В Інгульській громаді внаслідок влучань горіли поля.", "date": "2022-7-16", "timestamp": 1657929600000}, "geometry": {"type": "Point", "coordinates": [32.225665, 47.19975]}}, {"type": "Feature", "properties": {"sheet_name": "Сільськогосподарські та лісові ", "description": "Через обстріли с. Лимани виникли загоряння полів із зерновими. ", "date": "2022-7-18", "timestamp": 1658102400000}, "geometry": {"type": "Point", "coordinates": [31.97235, 46.72796]}}, {"type": "Feature", "properties": {"sheet_name": "Сільськогосподарські та лісові ", "description": "Через обстріл у Шевченківській громаді відбулося загоряння полів із зерновими.", "date": "2022-7-19", "timestamp": 1658188800000}, "geometry": {"type": "Point", "coordinates": [32.243351, 46.844318]}}, {"type": "Feature", "properties": {"sheet_name": "Сільськогосподарські та лісові ", "description": "Внаслідок ворожого обстрілу в лісовому урочищі Галицинівської громади горіли хвойна підстилка та лісові насадження.", "date": "2022-7-19", "timestamp": 1658188800000}, "geometry": {"type": "Point", "coordinates": [31.954482, 46.80328]}}, {"type": "Feature", "properties": {"sheet_name": "Сільськогосподарські та лісові ", "description": "Через обстріли Баштанської громади горіли пожнивні залишки на полі.", "date": "2022-7-20", "timestamp": 1658275200000}, "geometry": {"type": "Point", "coordinates": [32.51341, 47.3838]}}, {"type": "Feature", "properties": {"sheet_name": "Сільськогосподарські та лісові ", "description": "Внаслідок обстрілів Шевченківської громади між с. Котляреве та Зеленим Гаєм загорілися поля з зерновими.", "date": "2022-7-20", "timestamp": 1658275200000}, "geometry": {"type": "Point", "coordinates": [32.237155, 46.912469]}}, {"type": "Feature", "properties": {"sheet_name": "Сільськогосподарські та лісові ", "description": "В лісовому урочищі Галицинівської громади виникло загоряння хвойної підстилки та лісових насаджень.", "date": "2022-7-20", "timestamp": 1658275200000}, "geometry": {"type": "Point", "coordinates": [31.954482, 46.80328]}}, {"type": "Feature", "properties": {"sheet_name": "Сільськогосподарські та лісові ", "description": "За с. Лимани зайнялися лісові насадження та поля із зерновими. ", "date": "2022-7-21", "timestamp": 1658361600000}, "geometry": {"type": "Point", "coordinates": [31.97235, 46.72796]}}, {"type": "Feature", "properties": {"sheet_name": "Сільськогосподарські та лісові ", "description": "Внаслідок обстрілів у с. Калинівка відбулось загоряння пожнивних залишків, лісосмуги та чагарників на відкритій території.", "date": "2022-7-21", "timestamp": 1658361600000}, "geometry": {"type": "Point", "coordinates": [32.179163, 47.049012]}}, {"type": "Feature", "properties": {"sheet_name": "Сільськогосподарські та лісові ", "description": "Внаслідок потрапляння боєприпасів та їх уламків за межами с. Зелений Клин виникла пожежа сухої трави та пожнивних залишків.", "date": "2022-7-21", "timestamp": 1658361600000}, "geometry": {"type": "Point", "coordinates": [32.555622, 47.418487]}}, {"type": "Feature", "properties": {"sheet_name": "Сільськогосподарські та лісові ", "description": "Внаслідок ворожих обстрілів в лісовому господарстві Галицинівської громади виникло загоряння хвойної підстилки та лісових насаджень.", "date": "2022-7-22", "timestamp": 1658448000000}, "geometry": {"type": "Point", "coordinates": [31.954482, 46.80328]}}, {"type": "Feature", "properties": {"sheet_name": "Сільськогосподарські та лісові ", "description": "Через обстріли с. Лимани відбулося загоряння лісового насадження.", "date": "2022-7-23", "timestamp": 1658534400000}, "geometry": {"type": "Point", "coordinates": [31.97235, 46.72796]}}, {"type": "Feature", "properties": {"sheet_name": "Сільськогосподарські та лісові ", "description": "Внаслідок ворожих обстрілів в Широківській громаді відбулося займання полів із зерновими. ", "date": "2022-7-24", "timestamp": 1658620800000}, "geometry": {"type": "Point", "coordinates": [32.621648, 47.123866]}}, {"type": "Feature", "properties": {"sheet_name": "Сільськогосподарські та лісові ", "description": "У с. Котляреве Шевченківської громади горіли поля ячменю та пшениці. ", "date": "2022-7-26", "timestamp": 1658793600000}, "geometry": {"type": "Point", "coordinates": [32.227655, 46.885644]}}, {"type": "Feature", "properties": {"sheet_name": "Сільськогосподарські та лісові ", "description": "У с. Лимани відбулося займання пшеничного поля.", "date": "2022-7-26", "timestamp": 1658793600000}, "geometry": {"type": "Point", "coordinates": [31.97235, 46.72796]}}, {"type": "Feature", "properties": {"sheet_name": "Сільськогосподарські та лісові ", "description": "Внаслідок обстрілів горіли поля із зерновими за межами с. Шевченкове.", "date": "2022-7-27", "timestamp": 1658880000000}, "geometry": {"type": "Point", "coordinates": [32.196443, 46.86215]}}, {"type": "Feature", "properties": {"sheet_name": "Сільськогосподарські та лісові ", "description": "Через обстріли території між с. Новомиколаївка та Костянтинівка були численні займання полів та сухостою.", "date": "2022-7-28", "timestamp": 1658966400000}, "geometry": {"type": "Point", "coordinates": [32.339906, 46.980092]}}, {"type": "Feature", "properties": {"sheet_name": "Сільськогосподарські та лісові ", "description": "Виникло загоряння поля з пшеницею в с. Дмитрівка Куцурубської громади.", "date": "2022-7-28", "timestamp": 1658966400000}, "geometry": {"type": "Point", "coordinates": [31.738128, 46.632603]}}, {"type": "Feature", "properties": {"sheet_name": "Сільськогосподарські та лісові ", "description": "Відбулося займання хвойної підстилки на Кінбурнській косі.", "date": "2022-7-28", "timestamp": 1658966400000}, "geometry": {"type": "Point", "coordinates": [31.826792, 46.497864]}}, {"type": "Feature", "properties": {"sheet_name": "Сільськогосподарські та лісові ", "description": "Відбулося займання полів в с. Широке.", "date": "2022-7-29", "timestamp": 1659052800000}, "geometry": {"type": "Point", "coordinates": [32.674144, 47.098634]}}, {"type": "Feature", "properties": {"sheet_name": "Сільськогосподарські та лісові ", "description": "Відбулося займання полів з зерновими в с. Новомиколаївка", "date": "2022-7-31", "timestamp": 1659225600000}, "geometry": {"type": "Point", "coordinates": [32.359167, 46.966356]}}, {"type": "Feature", "properties": {"sheet_name": "Підприємства та сг виробництва", "description": "12 ракетних ударів по портовій інфраструктурі та приватних підприємствах з виробництва парфумів та вапна.", "date": "2022-7-1", "timestamp": 1656633600000}, "geometry": {"type": "Point", "coordinates": [32.011807, 46.959077]}}, {"type": "Feature", "properties": {"sheet_name": "Підприємства та сг виробництва", "description": "В с. Шевченкове зазнало часткових руйнувань приватне підприємство. ", "date": "2022-7-2", "timestamp": 1656720000000}, "geometry": {"type": "Point", "coordinates": [32.196443, 46.86215]}}, {"type": "Feature", "properties": {"sheet_name": "Підприємства та сг виробництва", "description": "Обстріли Острівського старостинського округу зруйновали фермерське господарство.", "date": "2022-7-7", "timestamp": 1657152000000}, "geometry": {"type": "Point", "coordinates": [31.709332, 46.717996]}}, {"type": "Feature", "properties": {"sheet_name": "Підприємства та сг виробництва", "description": "Обстріли території фермерського господарства у Широківській громаді. ", "date": "2022-7-7", "timestamp": 1657152000000}, "geometry": {"type": "Point", "coordinates": [32.621648, 47.123866]}}, {"type": "Feature", "properties": {"sheet_name": "Підприємства та сг виробництва", "description": "Внаслідок обстрілів смт Первомайське зазнали пошкоджень приватне сільське господарство і сільгосптехніка.", "date": "2022-7-11", "timestamp": 1657497600000}, "geometry": {"type": "Point", "coordinates": [32.438662, 47.04128]}}, {"type": "Feature", "properties": {"sheet_name": "Підприємства та сг виробництва", "description": "Обстріли в смт Первомайське пошкодили об'єкти сільськогосподарського призначення.", "date": "2022-7-15", "timestamp": 1657843200000}, "geometry": {"type": "Point", "coordinates": [32.438662, 47.04128]}}, {"type": "Feature", "properties": {"sheet_name": "Підприємства та сг виробництва", "description": "Під час масованого ракетного обстрілу Миколаєва є влучання та пожежі на двох промислових підприємствах. ", "date": "2022-7-17", "timestamp": 1658016000000}, "geometry": {"type": "Point", "coordinates": [32.011809, 46.959077]}}, {"type": "Feature", "properties": {"sheet_name": "Підприємства та сг виробництва", "description": "Через обстріли у Широківській громаді пошкоджено сільськогосподарські будівлі та корівники.", "date": "2022-7-16", "timestamp": 1657929600000}, "geometry": {"type": "Point", "coordinates": [32.621648, 47.123866]}}, {"type": "Feature", "properties": {"sheet_name": "Підприємства та сг виробництва", "description": "В селі Українка відбулось загоряння сількогосподарських будівель та техніки.", "date": "2022-7-21", "timestamp": 1658361600000}, "geometry": {"type": "Point", "coordinates": [32.141298, 46.824849]}}, {"type": "Feature", "properties": {"sheet_name": "Підприємства та сг виробництва", "description": "Під час обстрілів с. Широке були влучання по сільськогосподарським будівлям.", "date": "2022-7-22", "timestamp": 1658448000000}, "geometry": {"type": "Point", "coordinates": [32.674144, 47.098634]}}, {"type": "Feature", "properties": {"sheet_name": "Підприємства та сг виробництва", "description": "Через удар по Миколаєву шістьма ракетами С-300 відбулося займання на території складського приміщення.", "date": "2022-7-22", "timestamp": 1658448000000}, "geometry": {"type": "Point", "coordinates": [32.011811, 46.959077]}}, {"type": "Feature", "properties": {"sheet_name": "Підприємства та сг виробництва", "description": "Під час нічного обстрілу Миколаєва було влучання у складське приміщення.", "date": "2022-7-24", "timestamp": 1658620800000}, "geometry": {"type": "Point", "coordinates": [32.011812, 46.959077]}}, {"type": "Feature", "properties": {"sheet_name": "Підприємства та сг виробництва", "description": "Під час масованого ракетного удару по Миколаєву уражено автотранспортне підприємство.", "date": "2022-7-26", "timestamp": 1658793600000}, "geometry": {"type": "Point", "coordinates": [32.011812, 46.959077]}}, {"type": "Feature", "properties": {"sheet_name": "Підприємства та сг виробництва", "description": "У Миколаєві потрапляння снарядів у промислову зону та ремонтне підприємство. ", "date": "2022-7-27", "timestamp": 1658880000000}, "geometry": {"type": "Point", "coordinates": [32.011812, 46.959077]}}, {"type": "Feature", "properties": {"sheet_name": "Підприємства та сг виробництва", "description": "Ракетний удар по Миколаєву пошкодив склад агропромислового підприємства та господарські споруди.", "date": "2022-7-28", "timestamp": 1658966400000}, "geometry": {"type": "Point", "coordinates": [32.011812, 46.959077]}}, {"type": "Feature", "properties": {"sheet_name": "Підприємства та сг виробництва", "description": "Внаслідок масованих обстрілів Миколаєва пошкоджено СТО", "date": "2022-7-31", "timestamp": 1659225600000}, "geometry": {"type": "Point", "coordinates": [32.011812, 46.959077]}}, {"type": "Feature", "properties": {"sheet_name": "Домогосподарства", "description": "У Широківській громаді було влучання було по домогосподарству. Потерпілих немає.", "date": "2022-7-1", "timestamp": 1656633600000}, "geometry": {"type": "Point", "coordinates": [32.621648, 47.123866]}}, {"type": "Feature", "properties": {"sheet_name": "Домогосподарства", "description": "В смт Первомайське пошкоджено приватні сектори. ", "date": "2022-7-6", "timestamp": 1657065600000}, "geometry": {"type": "Point", "coordinates": [32.438662, 47.04128]}}, {"type": "Feature", "properties": {"sheet_name": "Домогосподарства", "description": "Обстріли у Широківській громаді: влучання по домогосподарствах.", "date": "2022-7-9", "timestamp": 1657324800000}, "geometry": {"type": "Point", "coordinates": [32.621648, 47.123866]}}, {"type": "Feature", "properties": {"sheet_name": "Домогосподарства", "description": "Через обстріли в селищі Засілля зруйновано господарські споруди.", "date": "2022-7-9", "timestamp": 1657324800000}, "geometry": {"type": "Point", "coordinates": [32.427847, 47.023995]}}, {"type": "Feature", "properties": {"sheet_name": "Домогосподарства", "description": "У Широківській громаді влучання по житловим будинкам та відкритим територіям домогосподарств.", "date": "2022-7-10", "timestamp": 1657411200000}, "geometry": {"type": "Point", "coordinates": [32.621648, 47.123866]}}, {"type": "Feature", "properties": {"sheet_name": "Домогосподарства", "description": "Через обстріли с. Лимани відбулося займання нежитлових господарських будівель.", "date": "2022-7-14", "timestamp": 1657756800000}, "geometry": {"type": "Point", "coordinates": [31.97235, 46.72796]}}, {"type": "Feature", "properties": {"sheet_name": "Домогосподарства", "description": "Лимани зазнали масованого обстрілу: пошкоджено господарські будівлі.", "date": "2022-7-16", "timestamp": 1657929600000}, "geometry": {"type": "Point", "coordinates": [31.97235, 46.72796]}}, {"type": "Feature", "properties": {"sheet_name": "Домогосподарства", "description": "Через обстріли с. Лимани зруйновано господарські споруди.", "date": "2022-7-20", "timestamp": 1658275200000}, "geometry": {"type": "Point", "coordinates": [31.97235, 46.72796]}}, {"type": "Feature", "properties": {"sheet_name": "Домогосподарства", "description": "Через обстріли с. Лимани відбулося загоряння господарських споруд.", "date": "2022-7-23", "timestamp": 1658534400000}, "geometry": {"type": "Point", "coordinates": [31.97235, 46.72796]}}, {"type": "Feature", "properties": {"sheet_name": "Домогосподарства", "description": "Внаслідок ворожих обстрілів в с. Шевченкове виникла пожежа господарчої будівлі. ", "date": "2022-7-26", "timestamp": 1658793600000}, "geometry": {"type": "Point", "coordinates": [32.196443, 46.86215]}}, {"type": "Feature", "properties": {"sheet_name": "Домогосподарства", "description": "В селищі Весняне виникла пожежа господарчої будівлі.", "date": "2022-7-26", "timestamp": 1658793600000}, "geometry": {"type": "Point", "coordinates": [31.892919, 46.97526]}}, {"type": "Feature", "properties": {"sheet_name": "Домогосподарства", "description": "В с. Широке було влучання в домогосподарство.", "date": "2022-7-26", "timestamp": 1658793600000}, "geometry": {"type": "Point", "coordinates": [32.674144, 47.098634]}}, {"type": "Feature", "properties": {"sheet_name": "Домогосподарства", "description": "В с. Широке влучання ворожих снарядів по домогосподарствах.", "date": "2022-7-27", "timestamp": 1658880000000}, "geometry": {"type": "Point", "coordinates": [32.674144, 47.098634]}}, {"type": "Feature", "properties": {"sheet_name": "Домогосподарства", "description": "Внаслідок масованих обстрілів Миколаєва пошкоджено дві господарчі споруди", "date": "2022-7-31", "timestamp": 1659225600000}, "geometry": {"type": "Point", "coordinates": [32.011812, 46.959077]}}, {"type": "Feature", "properties": {"sheet_name": "Заклади культури", "description": "В смт Первомайське внаслідок обстрілів виникла пожежа спортивної бази місцевого будинку культури.", "date": "2022-7-2", "timestamp": 1656720000000}, "geometry": {"type": "Point", "coordinates": [32.43914, 47.041483]}}, {"type": "Feature", "properties": {"sheet_name": "Заклади культури", "description": "Під час обстрілу Широківської громади було влучання по будинку культури.", "date": "2022-7-14", "timestamp": 1657756800000}, "geometry": {"type": "Point", "coordinates": [32.621648, 47.123866]}}, {"type": "Feature", "properties": {"sheet_name": "Заклади культури", "description": "Шість влучань ворожих снарядів по будинку культури в с. Широке.", "date": "2022-7-23", "timestamp": 1658534400000}, "geometry": {"type": "Point", "coordinates": [32.674144, 47.098634]}}, {"type": "Feature", "properties": {"sheet_name": "Критична інфраструктура", "description": "Внаслідок обстрілів Куцурубської громади пошкоджено дві електроопори.", "date": "2022-7-5", "timestamp": 1656979200000}, "geometry": {"type": "Point", "coordinates": [31.634256, 46.659323]}}, {"type": "Feature", "properties": {"sheet_name": "Критична інфраструктура", "description": "Через обстріли смт Березнегувате є руйнування об‘єктів інфраструктури.", "date": "2022-7-8", "timestamp": 1657238400000}, "geometry": {"type": "Point", "coordinates": [32.846669, 47.307953]}}, {"type": "Feature", "properties": {"sheet_name": "Критична інфраструктура", "description": "Ракетний удар зруйнував котельню у Баштанці.", "date": "2022-7-12", "timestamp": 1657584000000}, "geometry": {"type": "Point", "coordinates": [32.438221, 47.40372]}}, {"type": "Feature", "properties": {"sheet_name": "Критична інфраструктура", "description": "У Широківській громаді пошкоджена водонапірна башта.", "date": "2022-7-14", "timestamp": 1657756800000}, "geometry": {"type": "Point", "coordinates": [32.621648, 47.123866]}}, {"type": "Feature", "properties": {"sheet_name": "Критична інфраструктура", "description": "Обстріли в смт Первомайське пошкодили об'єкти критичної інфраструктури.", "date": "2022-7-15", "timestamp": 1657843200000}, "geometry": {"type": "Point", "coordinates": [32.438662, 47.04128]}}, {"type": "Feature", "properties": {"sheet_name": "Критична інфраструктура", "description": "Обстріли с. Лимани пошкодили об'єкти критичної інфраструктури, внаслідок чого село залишилося без електро- газопостачання. ", "date": "2022-7-15", "timestamp": 1657843200000}, "geometry": {"type": "Point", "coordinates": [31.97235, 46.72796]}}, {"type": "Feature", "properties": {"sheet_name": "Критична інфраструктура", "description": "Під ворожий обстріл потрапили об'єкти інфраструктури в с. Калуга.", "date": "2022-7-20", "timestamp": 1658275200000}, "geometry": {"type": "Point", "coordinates": [32.94025, 47.364476]}}, {"type": "Feature", "properties": {"sheet_name": "Критична інфраструктура", "description": "Під ворожий обстріл потрапили об'єкти інфраструктури в с. Висунськ. ", "date": "2022-7-20", "timestamp": 1658275200000}, "geometry": {"type": "Point", "coordinates": [32.821056, 47.261436]}}, {"type": "Feature", "properties": {"sheet_name": "Критична інфраструктура", "description": "Окупанти випустили по Миколаєву сім ракет С-300: є влучання в об’єкт інфраструктури, АЗС та газогін.", "date": "2022-7-21", "timestamp": 1658361600000}, "geometry": {"type": "Point", "coordinates": [32.01181, 46.959077]}}, {"type": "Feature", "properties": {"sheet_name": "Критична інфраструктура", "description": "Через обстріл с. Мішково-Погорілове пошкоджено об'єкти критичної інфраструктури, електро- та газопостачання. ", "date": "2022-7-25", "timestamp": 1658707200000}, "geometry": {"type": "Point", "coordinates": [32.112717, 46.995222]}}, {"type": "Feature", "properties": {"sheet_name": "Критична інфраструктура", "description": "Під час масованого ракетного удару по Миколаєву уражено об’єкт критичної інфраструктури. ", "date": "2022-7-26", "timestamp": 1658793600000}, "geometry": {"type": "Point", "coordinates": [32.011812, 46.959077]}}, {"type": "Feature", "properties": {"sheet_name": "Критична інфраструктура", "description": "Окупанти обстріляли об'єкт інфраструктури в Ольшанській громаді. ", "date": "2022-7-25", "timestamp": 1658707200000}, "geometry": {"type": "Point", "coordinates": [31.788057, 47.161138]}}, {"type": "Feature", "properties": {"sheet_name": "Критична інфраструктура", "description": "В с. Широке зруйновані мережі електроопор.", "date": "2022-7-26", "timestamp": 1658793600000}, "geometry": {"type": "Point", "coordinates": [32.674144, 47.098634]}}, {"type": "Feature", "properties": {"sheet_name": "Критична інфраструктура", "description": "Внаслідок ворожих обстрілів с. Лимани пошкоджено електромережу.", "date": "2022-7-27", "timestamp": 1658880000000}, "geometry": {"type": "Point", "coordinates": [31.97235, 46.72796]}}, {"type": "Feature", "properties": {"sheet_name": "Критична інфраструктура", "description": "У Березнегуватській громаді пошкоджено лінію електропередач.", "date": "2022-7-28", "timestamp": 1658966400000}, "geometry": {"type": "Point", "coordinates": [32.829574, 47.198526]}}, {"type": "Feature", "properties": {"sheet_name": "Критична інфраструктура", "description": "Внаслідок обстрілу було пошкоджено об'єкти електропостачання, як наслідок зникло світло у н.п. Лепетинського старостиннського округу", "date": "2022-7-31", "timestamp": 1659225600000}, "geometry": {"type": "Point", "coordinates": [32.91042, 47.32143]}}, {"type": "Feature", "properties": {"sheet_name": "Медичні заклади", "description": "Під час масованого ракетного обстрілу Миколаєва були влучання у два медичні заклади.", "date": "2022-7-12", "timestamp": 1657584000000}, "geometry": {"type": "Point", "coordinates": [32.011807, 46.959077]}}, {"type": "Feature", "properties": {"sheet_name": "Медичні заклади", "description": "В смт Березнегувате було влучання по лікарні.", "date": "2022-7-13", "timestamp": 1657670400000}, "geometry": {"type": "Point", "coordinates": [32.846669, 47.307953]}}, {"type": "Feature", "properties": {"sheet_name": "Адміністративні будівлі", "description": "У Широківській громаді влучання по вже зруйнованій будівлі ЦНАПу.", "date": "2022-7-10", "timestamp": 1657411200000}, "geometry": {"type": "Point", "coordinates": [32.621648, 47.123866]}}, {"type": "Feature", "properties": {"sheet_name": "Цивільна інфраструктура", "description": "Руйнація інфраструктури внаслідок обстрілу с. Стара Богданівка Радсадівської громади", "date": "2022-7-1", "timestamp": 1656633600000}, "geometry": {"type": "Point", "coordinates": [31.908865, 46.844166]}}, {"type": "Feature", "properties": {"sheet_name": "Цивільна інфраструктура", "description": "В смт Первомайське зруйновано соціальну інфраструктуру.", "date": "2022-7-2", "timestamp": 1656720000000}, "geometry": {"type": "Point", "coordinates": [32.43914, 47.041483]}}, {"type": "Feature", "properties": {"sheet_name": "Цивільна інфраструктура", "description": "Обстріли с. Степове пошкодили будівлю церкви.", "date": "2022-7-3", "timestamp": 1656806400000}, "geometry": {"type": "Point", "coordinates": [32.379444, 47.109722]}}, {"type": "Feature", "properties": {"sheet_name": "Цивільна інфраструктура", "description": "В с. Білозірка пошкоджено магазин. ", "date": "2022-7-6", "timestamp": 1657065600000}, "geometry": {"type": "Point", "coordinates": [32.448873, 47.090263]}}, {"type": "Feature", "properties": {"sheet_name": "Цивільна інфраструктура", "description": "Через обстріли смт Шевченкове згорів заклад ресторанного господарства.", "date": "2022-7-10", "timestamp": 1657411200000}, "geometry": {"type": "Point", "coordinates": [32.196443, 46.86215]}}, {"type": "Feature", "properties": {"sheet_name": "Цивільна інфраструктура", "description": "Внаслідок обстрілів с. Лимани сталося займання на місцевому цвинтарі.", "date": "2022-7-12", "timestamp": 1657584000000}, "geometry": {"type": "Point", "coordinates": [31.97235, 46.72796]}}, {"type": "Feature", "properties": {"sheet_name": "Цивільна інфраструктура", "description": "По Миколаєву випущено 9 ракет типу С-300: пошкоджено об’єкт транспортної інфраструктури. та готель.", "date": "2022-7-14", "timestamp": 1657756800000}, "geometry": {"type": "Point", "coordinates": [32.011807, 46.959077]}}, {"type": "Feature", "properties": {"sheet_name": "Цивільна інфраструктура", "description": "У Миколаєві ракети влучили в автосалон та салон з продажу сільгосптехніки. ", "date": "2022-7-18", "timestamp": 1658102400000}, "geometry": {"type": "Point", "coordinates": [32.01181, 46.959077]}}, {"type": "Feature", "properties": {"sheet_name": "Цивільна інфраструктура", "description": "Влучання в будівлю магазину та гаражний кооператив у смт Первомайське.", "date": "2022-7-22", "timestamp": 1658448000000}, "geometry": {"type": "Point", "coordinates": [32.438662, 47.04128]}}, {"type": "Feature", "properties": {"sheet_name": "Цивільна інфраструктура", "description": "Ракетний удар по Миколаєву пошкодив яхт-клуб.", "date": "2022-7-28", "timestamp": 1658966400000}, "geometry": {"type": "Point", "coordinates": [32.011812, 46.959077]}}, {"type": "Feature", "properties": {"sheet_name": "Цивільна інфраструктура", "description": "У Миколаєві пошкоджено пункт видачі гуманітарної допомоги.", "date": "2022-7-28", "timestamp": 1658966400000}, "geometry": {"type": "Point", "coordinates": [32.011812, 46.959077]}}, {"type": "Feature", "properties": {"sheet_name": "Цивільна інфраструктура", "description": "Внаслідок масованих обстрілів Миколаєва пошкоджено готель і спортивний комплекс", "date": "2022-7-31", "timestamp": 1659225600000}, "geometry": {"type": "Point", "coordinates": [32.011812, 46.959077]}}, {"type": "Feature", "properties": {"sheet_name": "Загиблі цивільні", "description": "Внаслідок масованого обстрілу Миколаєва одна людина загинула", "date": "2022-8-5", "timestamp": 1659657600000}, "geometry": {"type": "Point", "coordinates": [32.011812, 46.959077]}}, {"type": "Feature", "properties": {"sheet_name": "Загиблі цивільні", "description": "Через обстріл Березнегуватого загинула одна людина", "date": "2022-8-6", "timestamp": 1659744000000}, "geometry": {"type": "Point", "coordinates": [32.846669, 47.307953]}}, {"type": "Feature", "properties": {"sheet_name": "Загиблі цивільні", "description": "Внаслідок обстрілу села Галицинове було вбито одну людину", "date": "2022-8-7", "timestamp": 1659830400000}, "geometry": {"type": "Point", "coordinates": [31.952911, 46.780528]}}, {"type": "Feature", "properties": {"sheet_name": "Загиблі цивільні", "description": "Ввечері внаслідок обстрілів смт Березнегувате загинула жінка", "date": "2022-8-11", "timestamp": 1660176000000}, "geometry": {"type": "Point", "coordinates": [32.846669, 47.307953]}}, {"type": "Feature", "properties": {"sheet_name": "Загиблі цивільні", "description": "Внаслідок обстрілів села Веселий Кут загинула жінка", "date": "2022-8-12", "timestamp": 1660262400000}, "geometry": {"type": "Point", "coordinates": [32.910984, 47.155185]}}, {"type": "Feature", "properties": {"sheet_name": "Загиблі цивільні", "description": "Під обстріл потрапило смт Березнегувате. Внаслідок чого одна людина загинула ", "date": "2022-8-16", "timestamp": 1660608000000}, "geometry": {"type": "Point", "coordinates": [32.846669, 47.307953]}}, {"type": "Feature", "properties": {"sheet_name": "Загиблі цивільні", "description": "Зафіксовані ворожі обстріли смт Первомайське одна людина загинула", "date": "2022-8-26", "timestamp": 1661472000000}, "geometry": {"type": "Point", "coordinates": [32.438662, 47.04128]}}, {"type": "Feature", "properties": {"sheet_name": "Загиблі цивільні", "description": "Ворог здійснював обстріли Шевченківської громади. Внаслідок обстрілів у селищі Любомирівка одна людина загинула", "date": "2022-8-28", "timestamp": 1661644800000}, "geometry": {"type": "Point", "coordinates": [32.874432, 47.187785]}}, {"type": "Feature", "properties": {"sheet_name": "Загиблі цивільні", "description": "Миколаїв зазнав масований обстріл шістнадцятьма зенітними ракетами С-300. Внаслідок чого дві людини загинуло", "date": "2022-8-29", "timestamp": 1661731200000}, "geometry": {"type": "Point", "coordinates": [32.011812, 46.959077]}}, {"type": "Feature", "properties": {"sheet_name": "Загиблі цивільні", "description": "Ворог обстріляв об’єкти інфраструктури Миколаєва. Є один загиблий ", "date": "2022-8-30", "timestamp": 1661817600000}, "geometry": {"type": "Point", "coordinates": [32.011812, 46.959077]}}, {"type": "Feature", "properties": {"sheet_name": "Поранені цивільні", "description": "Внаслідок масованих обстрілів Миколаєва поранено три людини", "date": "2022-8-1", "timestamp": 1659312000000}, "geometry": {"type": "Point", "coordinates": [32.011812, 46.959077]}}, {"type": "Feature", "properties": {"sheet_name": "Поранені цивільні", "description": "Внаслідок обстрілу Миколаєва був поранений охоронець одного з гуртожитків", "date": "2022-8-2", "timestamp": 1659398400000}, "geometry": {"type": "Point", "coordinates": [32.011812, 46.959077]}}, {"type": "Feature", "properties": {"sheet_name": "Поранені цивільні", "description": "Через обстріли с. Галицинове поранено одну людину", "date": "2022-8-3", "timestamp": 1659484800000}, "geometry": {"type": "Point", "coordinates": [31.952911, 46.780528]}}, {"type": "Feature", "properties": {"sheet_name": "Поранені цивільні", "description": "Було обстріляно село Зоря, як наслідок поранено дві людини", "date": "2022-8-3", "timestamp": 1659484800000}, "geometry": {"type": "Point", "coordinates": [32.288157, 46.896352]}}, {"type": "Feature", "properties": {"sheet_name": "Поранені цивільні", "description": "В селі Парутине внаслідок обстрілу троє людей зазнали поранень", "date": "2022-8-4", "timestamp": 1659571200000}, "geometry": {"type": "Point", "coordinates": [31.896191, 46.706472]}}, {"type": "Feature", "properties": {"sheet_name": "Поранені цивільні", "description": "Внаслідок масованого обстрілу Миколаєва поранено двадцять одна, серед яких 13-річний підліток", "date": "2022-8-5", "timestamp": 1659657600000}, "geometry": {"type": "Point", "coordinates": [32.011812, 46.959077]}}, {"type": "Feature", "properties": {"sheet_name": "Поранені цивільні", "description": "Через ракетний обстріл Миколаєва важко поранені дві людини", "date": "2022-8-6", "timestamp": 1659744000000}, "geometry": {"type": "Point", "coordinates": [32.011812, 46.959077]}}, {"type": "Feature", "properties": {"sheet_name": "Поранені цивільні", "description": "Внаслідок обстрілів села Новомиколаєвка поранено одну людину", "date": "2022-8-7", "timestamp": 1659830400000}, "geometry": {"type": "Point", "coordinates": [32.359167, 46.966356]}}, {"type": "Feature", "properties": {"sheet_name": "Поранені цивільні", "description": "Через обстріл Березнегуватого поранено 5 людей", "date": "2022-8-6", "timestamp": 1659744000000}, "geometry": {"type": "Point", "coordinates": [32.846669, 47.307953]}}, {"type": "Feature", "properties": {"sheet_name": "Поранені цивільні", "description": "В Миколаєві поранено 3 людей через ворожі обстріли, серед них дівчинка 13 років", "date": "2022-8-10", "timestamp": 1660089600000}, "geometry": {"type": "Point", "coordinates": [32.011812, 46.959077]}}, {"type": "Feature", "properties": {"sheet_name": "Поранені цивільні", "description": "У Миколаєві поранення отримала одна цивільна особа внаслідок ворожого обстрілу", "date": "2022-8-13", "timestamp": 1660348800000}, "geometry": {"type": "Point", "coordinates": [32.011812, 46.959077]}}, {"type": "Feature", "properties": {"sheet_name": "Поранені цивільні", "description": "Під обстріл потрапило смт Березнегувате. Внаслідок чого одну людину поранено.", "date": "2022-8-16", "timestamp": 1660608000000}, "geometry": {"type": "Point", "coordinates": [32.846669, 47.307953]}}, {"type": "Feature", "properties": {"sheet_name": "Поранені цивільні", "description": "Внаслідок ворожих обстрілів в с. Червоне Воскресенської громади зазнала поранень одна людина", "date": "2022-8-17", "timestamp": 1660694400000}, "geometry": {"type": "Point", "coordinates": [32.376822, 47.06066]}}, {"type": "Feature", "properties": {"sheet_name": "Поранені цивільні", "description": "Місто зазнало обстрілів ракетами типу С-300. Одна людина отримали поранення", "date": "2022-8-19", "timestamp": 1660867200000}, "geometry": {"type": "Point", "coordinates": [32.011812, 46.959077]}}, {"type": "Feature", "properties": {"sheet_name": "Поранені цивільні", "description": "В результаті влучання касетних боєприпасів РСЗВ «Смерч» по селу Галицинове три людини отримали поранення.", "date": "2022-8-18", "timestamp": 1660780800000}, "geometry": {"type": "Point", "coordinates": [31.952911, 46.780528]}}, {"type": "Feature", "properties": {"sheet_name": "Поранені цивільні", "description": "Касетними снарядами обстріляно смт Первомайське. Дві людини зазнали поранень", "date": "2022-8-19", "timestamp": 1660867200000}, "geometry": {"type": "Point", "coordinates": [32.438662, 47.04128]}}, {"type": "Feature", "properties": {"sheet_name": "Поранені цивільні", "description": "Було обстріляно с. Любомирівка, одна людина зазнала поранень", "date": "2022-8-20", "timestamp": 1660953600000}, "geometry": {"type": "Point", "coordinates": [32.874432, 47.187785]}}, {"type": "Feature", "properties": {"sheet_name": "Поранені цивільні", "description": "Був нанесений ракетою типу «Калібр» по місту Вознесенськ. Відомо, що поранення отримали 14 людей, серед яких троє дітей", "date": "2022-8-20", "timestamp": 1660953600000}, "geometry": {"type": "Point", "coordinates": [31.332095, 47.569273]}}, {"type": "Feature", "properties": {"sheet_name": "Поранені цивільні", "description": "Ворог обстріляв місто Баштанка. У результаті чого одна дитина отримала легке поранення", "date": "2022-8-21", "timestamp": 1661040000000}, "geometry": {"type": "Point", "coordinates": [32.438221, 47.40372]}}, {"type": "Feature", "properties": {"sheet_name": "Поранені цивільні", "description": "Були обстріли м. Новий Буг. Внаслідок цього 9 людей, з них 2 дітей отримали поранення", "date": "2022-8-24", "timestamp": 1661299200000}, "geometry": {"type": "Point", "coordinates": [32.516459, 47.690774]}}, {"type": "Feature", "properties": {"sheet_name": "Поранені цивільні", "description": "Обстрілів зазнало смт Березнегувате. Поранення отримала жінка", "date": "2022-8-26", "timestamp": 1661472000000}, "geometry": {"type": "Point", "coordinates": [32.846669, 47.307953]}}, {"type": "Feature", "properties": {"sheet_name": "Поранені цивільні", "description": "Під ворожими обстрілами були с. Оленівка та с-ще Любомирівка. Одна людина зазнала поранень", "date": "2022-8-27", "timestamp": 1661558400000}, "geometry": {"type": "Point", "coordinates": [32.305433, 46.93527]}}, {"type": "Feature", "properties": {"sheet_name": "Поранені цивільні", "description": "Ворог здійснював обстріли Шевченківської громади. У с. Котляреве одна людина зазнала важких поранень", "date": "2022-8-28", "timestamp": 1661644800000}, "geometry": {"type": "Point", "coordinates": [32.227655, 46.885644]}}, {"type": "Feature", "properties": {"sheet_name": "Поранені цивільні", "description": "Миколаїв зазнав масований обстріл шістнадцятьма зенітними ракетами С-300. Внаслідок чого 24 людини отримали поранення", "date": "2022-8-29", "timestamp": 1661731200000}, "geometry": {"type": "Point", "coordinates": [32.011812, 46.959077]}}, {"type": "Feature", "properties": {"sheet_name": "Поранені цивільні", "description": "Ворог обстріляв об’єкти інфраструктури Миколаєва. Є двоє поранених", "date": "2022-8-30", "timestamp": 1661817600000}, "geometry": {"type": "Point", "coordinates": [32.011812, 46.959077]}}, {"type": "Feature", "properties": {"sheet_name": "Житлові будинки", "description": "Внаслідок масованих обстрілів Миколаєва уражено приватні будинки", "date": "2022-8-1", "timestamp": 1659312000000}, "geometry": {"type": "Point", "coordinates": [32.011812, 46.959077]}}, {"type": "Feature", "properties": {"sheet_name": "Житлові будинки", "description": "Внаслідок обстрілу Миколаєва пошкоджено житлові будинки", "date": "2022-8-2", "timestamp": 1659398400000}, "geometry": {"type": "Point", "coordinates": [32.011812, 46.959077]}}, {"type": "Feature", "properties": {"sheet_name": "Житлові будинки", "description": "У селі Котляреве через обстріли загорілись житлові приміщення", "date": "2022-8-1", "timestamp": 1659312000000}, "geometry": {"type": "Point", "coordinates": [32.227655, 46.885644]}}, {"type": "Feature", "properties": {"sheet_name": "Житлові будинки", "description": "Внаслідок обстрілу Миколаєву були пошкоджені житлові будинки", "date": "2022-8-2", "timestamp": 1659398400000}, "geometry": {"type": "Point", "coordinates": [32.011812, 46.959077]}}, {"type": "Feature", "properties": {"sheet_name": "Житлові будинки", "description": "У Миколаєві через обстріли пошкоджено багатоповерхові будинки", "date": "2022-8-3", "timestamp": 1659484800000}, "geometry": {"type": "Point", "coordinates": [32.011812, 46.959077]}}, {"type": "Feature", "properties": {"sheet_name": "Житлові будинки", "description": "Через обстріли Миколаєва пошкоджено житлові будинки", "date": "2022-8-4", "timestamp": 1659571200000}, "geometry": {"type": "Point", "coordinates": [32.011812, 46.959077]}}, {"type": "Feature", "properties": {"sheet_name": "Житлові будинки", "description": "У селі Лупареве пошкоджено житлові та нежитлові будинки", "date": "2022-8-3", "timestamp": 1659484800000}, "geometry": {"type": "Point", "coordinates": [31.979453, 46.696826]}}, {"type": "Feature", "properties": {"sheet_name": "Житлові будинки", "description": "У селі Шевченкове через потрапляння боєприпасів виникло загоряння житлового будинку", "date": "2022-8-3", "timestamp": 1659484800000}, "geometry": {"type": "Point", "coordinates": [32.196443, 46.86215]}}, {"type": "Feature", "properties": {"sheet_name": "Житлові будинки", "description": "Ворог влучив у приватний будинок та пошкодив будинки навколо у Миколаєві", "date": "2022-8-5", "timestamp": 1659657600000}, "geometry": {"type": "Point", "coordinates": [32.011812, 46.959077]}}, {"type": "Feature", "properties": {"sheet_name": "Житлові будинки", "description": "Внаслідок обстрілу села Зайчівське відбулось займання житлового будинку", "date": "2022-8-5", "timestamp": 1659657600000}, "geometry": {"type": "Point", "coordinates": [32.112348, 47.035355]}}, {"type": "Feature", "properties": {"sheet_name": "Житлові будинки", "description": "У селі Шевченкове пошкоджено житлові будинки", "date": "2022-8-5", "timestamp": 1659657600000}, "geometry": {"type": "Point", "coordinates": [32.196443, 46.86215]}}, {"type": "Feature", "properties": {"sheet_name": "Житлові будинки", "description": "У селі Широке ворог зруйнував лінію електропередач", "date": "2022-8-4", "timestamp": 1659571200000}, "geometry": {"type": "Point", "coordinates": [32.674144, 47.098634]}}, {"type": "Feature", "properties": {"sheet_name": "Житлові будинки", "description": "У Миколаєві пошкоджено 21 житловий будинок внаслідок масованого обстрілу. У 5 багатоповерхівка вибиті вікна", "date": "2022-8-5", "timestamp": 1659657600000}, "geometry": {"type": "Point", "coordinates": [32.011812, 46.959077]}}, {"type": "Feature", "properties": {"sheet_name": "Житлові будинки", "description": "У селі Новомиколаївка внаслідок ворожого обстрілу загорівся будинок", "date": "2022-8-5", "timestamp": 1659657600000}, "geometry": {"type": "Point", "coordinates": [32.359167, 46.966356]}}, {"type": "Feature", "properties": {"sheet_name": "Житлові будинки", "description": "У селі Червона Долина внаслідок обстрілу було пошкоджено житловий будинок", "date": "2022-8-5", "timestamp": 1659657600000}, "geometry": {"type": "Point", "coordinates": [32.663701, 47.14444]}}, {"type": "Feature", "properties": {"sheet_name": "Житлові будинки", "description": "Внаслідок обстрілу повністю знищений житловий будинок у селі Котляреве", "date": "2022-8-6", "timestamp": 1659744000000}, "geometry": {"type": "Point", "coordinates": [32.227655, 46.885644]}}, {"type": "Feature", "properties": {"sheet_name": "Житлові будинки", "description": "Внаслідок обстрілів села Новомиколаєвка пошкоджено житловий будинок", "date": "2022-8-7", "timestamp": 1659830400000}, "geometry": {"type": "Point", "coordinates": [32.359167, 46.966356]}}, {"type": "Feature", "properties": {"sheet_name": "Житлові будинки", "description": "Через обстріл Березнегуватого пошкоджено житлові будинки", "date": "2022-8-6", "timestamp": 1659744000000}, "geometry": {"type": "Point", "coordinates": [32.846669, 47.307953]}}, {"type": "Feature", "properties": {"sheet_name": "Житлові будинки", "description": "У селі Таборівка окупанти внаслідок обстрілів зруйнували три житлових будинку", "date": "2022-8-7", "timestamp": 1659830400000}, "geometry": {"type": "Point", "coordinates": [31.377889, 47.604667]}}, {"type": "Feature", "properties": {"sheet_name": "Житлові будинки", "description": "Внаслідок обстрілу смт. Первомайське сталась пожежа житлового будинку", "date": "2022-8-7", "timestamp": 1659830400000}, "geometry": {"type": "Point", "coordinates": [32.438662, 47.04128]}}, {"type": "Feature", "properties": {"sheet_name": "Житлові будинки", "description": "Ворог пошкодив житлові будинки, обстрілявши смт. Березнегувате", "date": "2022-8-9", "timestamp": 1660003200000}, "geometry": {"type": "Point", "coordinates": [32.846669, 47.307953]}}, {"type": "Feature", "properties": {"sheet_name": "Житлові будинки", "description": "В Миколаєві пошкоджено житлові будинки внаслідок обстрілу", "date": "2022-8-10", "timestamp": 1660089600000}, "geometry": {"type": "Point", "coordinates": [32.011812, 46.959077]}}, {"type": "Feature", "properties": {"sheet_name": "Житлові будинки", "description": "У селі Шевченкове пошкоджено житлові будинки", "date": "2022-8-9", "timestamp": 1660003200000}, "geometry": {"type": "Point", "coordinates": [32.196443, 46.86215]}}, {"type": "Feature", "properties": {"sheet_name": "Житлові будинки", "description": "У селищі Луч пошкоджено житлові будинки", "date": "2022-8-9", "timestamp": 1660003200000}, "geometry": {"type": "Point", "coordinates": [32.219268, 46.826064]}}, {"type": "Feature", "properties": {"sheet_name": "Житлові будинки", "description": "У Галицинівській громаді внаслідок обстрілів пошкоджено житлові будинки ", "date": "2022-8-9", "timestamp": 1660003200000}, "geometry": {"type": "Point", "coordinates": [31.954482, 46.80328]}}, {"type": "Feature", "properties": {"sheet_name": "Житлові будинки", "description": "У Галицинівській громаді внаслідок обстрілів пошкоджено житлові будинки ", "date": "2022-8-10", "timestamp": 1660089600000}, "geometry": {"type": "Point", "coordinates": [31.954482, 46.80328]}}, {"type": "Feature", "properties": {"sheet_name": "Житлові будинки", "description": "У селі Зоря зруйновано житлові будинки внаслідок обстрілу", "date": "2022-8-10", "timestamp": 1660089600000}, "geometry": {"type": "Point", "coordinates": [32.288157, 46.896352]}}, {"type": "Feature", "properties": {"sheet_name": "Житлові будинки", "description": "У селищі Широке внаслідок обстрілу зруйновані два житлові будинки", "date": "2022-8-10", "timestamp": 1660089600000}, "geometry": {"type": "Point", "coordinates": [32.674144, 47.098634]}}, {"type": "Feature", "properties": {"sheet_name": "Житлові будинки", "description": "У місті Миколаїв через ворожі обстріли виникла пожежа житлового будинку у Корабельному районі міста ", "date": "2022-8-11", "timestamp": 1660176000000}, "geometry": {"type": "Point", "coordinates": [32.011812, 46.959077]}}, {"type": "Feature", "properties": {"sheet_name": "Житлові будинки", "description": "Внаслідок обстрілів с. Зоря зруйновано два житлових будинки", "date": "2022-8-11", "timestamp": 1660176000000}, "geometry": {"type": "Point", "coordinates": [32.288157, 46.896352]}}, {"type": "Feature", "properties": {"sheet_name": "Житлові будинки", "description": "У селищі Березнегувате внаслідок пошкоджено житлові будинки", "date": "2022-8-11", "timestamp": 1660176000000}, "geometry": {"type": "Point", "coordinates": [32.846669, 47.307953]}}, {"type": "Feature", "properties": {"sheet_name": "Житлові будинки", "description": "Внаслідок обстрілі пошкоджено житлові будинки у селі Поляна", "date": "2022-8-11", "timestamp": 1660176000000}, "geometry": {"type": "Point", "coordinates": [32.679529, 47.167679]}}, {"type": "Feature", "properties": {"sheet_name": "Житлові будинки", "description": "Внаслідок обстрілів села Веселий Кут пошкоджено житлові будинки.", "date": "2022-8-12", "timestamp": 1660262400000}, "geometry": {"type": "Point", "coordinates": [32.910984, 47.155185]}}, {"type": "Feature", "properties": {"sheet_name": "Житлові будинки", "description": "Нанесено удар по житловим кварталам Миколаєва. Пошкоджень зазнали кілька будівельМиколаїв", "date": "2022-8-13", "timestamp": 1660348800000}, "geometry": {"type": "Point", "coordinates": [32.011812, 46.959077]}}, {"type": "Feature", "properties": {"sheet_name": "Житлові будинки", "description": "Внаслідок російського обстрілу пошкоджено житловий будинок у селі Первомайське", "date": "2022-8-13", "timestamp": 1660348800000}, "geometry": {"type": "Point", "coordinates": [32.438662, 47.04128]}}, {"type": "Feature", "properties": {"sheet_name": "Житлові будинки", "description": "Пошкоджено три житлових будинки у селі Широке", "date": "2022-8-13", "timestamp": 1660348800000}, "geometry": {"type": "Point", "coordinates": [32.674144, 47.098634]}}, {"type": "Feature", "properties": {"sheet_name": "Житлові будинки", "description": "Обстрілів зазнало с. Поляна, внаслідок чого пошкоджені житлові будинки", "date": "2022-8-15", "timestamp": 1660521600000}, "geometry": {"type": "Point", "coordinates": [32.679529, 47.167679]}}, {"type": "Feature", "properties": {"sheet_name": "Житлові будинки", "description": "Зафіксовано ворожі обстріли смт Первомайське. Внаслідок яких частково зруйновано заклад освіти, приватні будинки ", "date": "2022-8-15", "timestamp": 1660521600000}, "geometry": {"type": "Point", "coordinates": [32.438662, 47.04128]}}, {"type": "Feature", "properties": {"sheet_name": "Житлові будинки", "description": "Були обстріли с. Широке. Зруйновано один житловий будинок", "date": "2022-8-15", "timestamp": 1660521600000}, "geometry": {"type": "Point", "coordinates": [32.674144, 47.098634]}}, {"type": "Feature", "properties": {"sheet_name": "Житлові будинки", "description": "Під обстріл потрапило смт Березнегувате. Є зруйновані житлові будинки.", "date": "2022-8-16", "timestamp": 1660608000000}, "geometry": {"type": "Point", "coordinates": [32.846669, 47.307953]}}, {"type": "Feature", "properties": {"sheet_name": "Житлові будинки", "description": "Окупанти обстріляли Миколаїв ракетами типу С-300. Пошкодили приватні будинки", "date": "2022-8-16", "timestamp": 1660608000000}, "geometry": {"type": "Point", "coordinates": [32.011812, 46.959077]}}, {"type": "Feature", "properties": {"sheet_name": "Житлові будинки", "description": "Внаслідок ворожих обстрілів в с. Червоне пошкоджено житловий будинок.", "date": "2022-8-17", "timestamp": 1660694400000}, "geometry": {"type": "Point", "coordinates": [32.376822, 47.06066]}}, {"type": "Feature", "properties": {"sheet_name": "Житлові будинки", "description": "Зафіксовано обстріл с. Шевченкове. Є пошкодження житлових будинків.", "date": "2022-8-17", "timestamp": 1660694400000}, "geometry": {"type": "Point", "coordinates": [32.196443, 46.86215]}}, {"type": "Feature", "properties": {"sheet_name": "Житлові будинки", "description": "Миколаїв зазнав обстрілів ракетами типу С-300. Пошкоджено будинки", "date": "2022-8-19", "timestamp": 1660867200000}, "geometry": {"type": "Point", "coordinates": [32.011812, 46.959077]}}, {"type": "Feature", "properties": {"sheet_name": "Житлові будинки", "description": "В результаті влучання касетних боєприпасів РСЗВ «Смерч» по селу Галицинове пошкоджено кілька житлових будинків", "date": "2022-8-18", "timestamp": 1660780800000}, "geometry": {"type": "Point", "coordinates": [31.952911, 46.780528]}}, {"type": "Feature", "properties": {"sheet_name": "Житлові будинки", "description": "Були обстріли с. Червона Долина. Внаслідок чого пошкоджено житловий будинок.", "date": "2022-8-19", "timestamp": 1660867200000}, "geometry": {"type": "Point", "coordinates": [32.663701, 47.14444]}}, {"type": "Feature", "properties": {"sheet_name": "Житлові будинки", "description": "Були обстріли с. Широке. Пошкоджено три житлових будинки", "date": "2022-8-20", "timestamp": 1660953600000}, "geometry": {"type": "Point", "coordinates": [32.674144, 47.098634]}}, {"type": "Feature", "properties": {"sheet_name": "Житлові будинки", "description": "Були обстріли с. Червона Долина. Пошкоджено житловий будинок", "date": "2022-8-20", "timestamp": 1660953600000}, "geometry": {"type": "Point", "coordinates": [32.663701, 47.14444]}}, {"type": "Feature", "properties": {"sheet_name": "Житлові будинки", "description": "Зазнало обстрілів с. Широке. В наслідок чого пошкоджені житлові будинки", "date": "2022-8-21", "timestamp": 1661040000000}, "geometry": {"type": "Point", "coordinates": [32.674144, 47.098634]}}, {"type": "Feature", "properties": {"sheet_name": "Житлові будинки", "description": "Удар був нанесений ракетою типу «Калібр» по місту Вознесенськ. В результаті потрапляння у п'ятиповерхівці пошкоджено конструктивні елементи з першого по п'ятий поверх, обрушені балкони, вибиті шибки та вікна. Також пошкоджено близько п'яти одноповерхових будинків", "date": "2022-8-20", "timestamp": 1660953600000}, "geometry": {"type": "Point", "coordinates": [31.332095, 47.569273]}}, {"type": "Feature", "properties": {"sheet_name": "Житлові будинки", "description": "Ворог обстріляв місто Баштанка та влучив в приватний сектор. У результаті чого загорілась покрівля двоповерхового житлового будинку. Також пошкоджено приблизно 10 будинків", "date": "2022-8-21", "timestamp": 1661040000000}, "geometry": {"type": "Point", "coordinates": [32.438221, 47.40372]}}, {"type": "Feature", "properties": {"sheet_name": "Житлові будинки", "description": "Були обстріли с. Широке. Влучання були у житлові будинки", "date": "2022-8-21", "timestamp": 1661040000000}, "geometry": {"type": "Point", "coordinates": [32.674144, 47.098634]}}, {"type": "Feature", "properties": {"sheet_name": "Житлові будинки", "description": "Обстрілів зазнало с. Червона Долина. Пошкоджені чотири житлових будинки.", "date": "2022-8-22", "timestamp": 1661126400000}, "geometry": {"type": "Point", "coordinates": [32.663701, 47.14444]}}, {"type": "Feature", "properties": {"sheet_name": "Житлові будинки", "description": "Був авіаналіт на село Широке. Влучено в один житловий будинок", "date": "2022-8-23", "timestamp": 1661212800000}, "geometry": {"type": "Point", "coordinates": [32.674144, 47.098634]}}, {"type": "Feature", "properties": {"sheet_name": "Житлові будинки", "description": "Були обстріли Явкінського старостинського округу. Є пошкоджені будинки", "date": "2022-8-24", "timestamp": 1661299200000}, "geometry": {"type": "Point", "coordinates": [32.6054, 47.26453]}}, {"type": "Feature", "properties": {"sheet_name": "Житлові будинки", "description": "Внаслідок обстрілу селища Березнегувате зруйновано та виникла пожежа двох двоповерхових житлових будинків", "date": "2022-8-24", "timestamp": 1661299200000}, "geometry": {"type": "Point", "coordinates": [32.846669, 47.307953]}}, {"type": "Feature", "properties": {"sheet_name": "Житлові будинки", "description": "Були обстріли м. Новий Буг. Відомо, що внаслідок цього виникла пожежа покрівлі двоповерхового житлового будинку та ще декілька будинків зазнали пошкоджень", "date": "2022-8-24", "timestamp": 1661299200000}, "geometry": {"type": "Point", "coordinates": [32.516459, 47.690774]}}, {"type": "Feature", "properties": {"sheet_name": "Житлові будинки", "description": "Ворог завдав удару ракетами типу С-300. Внаслідок цього відбулось займання приватного будинку. Також пошкоджень зазнали декілька домівок.", "date": "2022-8-25", "timestamp": 1661385600000}, "geometry": {"type": "Point", "coordinates": [32.011812, 46.959077]}}, {"type": "Feature", "properties": {"sheet_name": "Житлові будинки", "description": "Внаслідок ворожих обстрілів вранці в смт Березнегувате зруйновано житловий будинок", "date": "2022-8-25", "timestamp": 1661385600000}, "geometry": {"type": "Point", "coordinates": [32.846669, 47.307953]}}, {"type": "Feature", "properties": {"sheet_name": "Житлові будинки", "description": "В селищі Первомайське внаслідок обстрілу виникла пожежа квартири в житловому будинку", "date": "2022-8-26", "timestamp": 1661472000000}, "geometry": {"type": "Point", "coordinates": [32.438662, 47.04128]}}, {"type": "Feature", "properties": {"sheet_name": "Житлові будинки", "description": "Обстрілів зазнало смт Березнегувате. В результаті цього вибуховою хвилею знищено житловий будинок. Також пошкоджень та руйнувань зазнали інші будинки", "date": "2022-8-26", "timestamp": 1661472000000}, "geometry": {"type": "Point", "coordinates": [32.846669, 47.307953]}}, {"type": "Feature", "properties": {"sheet_name": "Житлові будинки", "description": "Були обстріли с. Широке Широківської громади. Внаслідок чого зруйновано два житлових будинки", "date": "2022-8-27", "timestamp": 1661558400000}, "geometry": {"type": "Point", "coordinates": [32.674144, 47.098634]}}, {"type": "Feature", "properties": {"sheet_name": "Житлові будинки", "description": "Ворог здійснював обстріли Шевченківської громади. У с. Шевченкове через обстріли загорівся житловий будинок", "date": "2022-8-28", "timestamp": 1661644800000}, "geometry": {"type": "Point", "coordinates": [32.196443, 46.86215]}}, {"type": "Feature", "properties": {"sheet_name": "Житлові будинки", "description": "Ворог завдав удару по Миколаєву з РСЗВ «Смерч». Пошкоджено житлові будинки", "date": "2022-8-28", "timestamp": 1661644800000}, "geometry": {"type": "Point", "coordinates": [32.011812, 46.959077]}}, {"type": "Feature", "properties": {"sheet_name": "Житлові будинки", "description": "Внаслідок ворожого обстрілу смт Первомайське частково зруйновано житлові будинки.", "date": "2022-8-28", "timestamp": 1661644800000}, "geometry": {"type": "Point", "coordinates": [32.438662, 47.04128]}}, {"type": "Feature", "properties": {"sheet_name": "Житлові будинки", "description": "Були артилерійські обстріли с. Котляреве. Влучання у два житлових будинки й господарські споруди.", "date": "2022-8-28", "timestamp": 1661644800000}, "geometry": {"type": "Point", "coordinates": [32.227655, 46.885644]}}, {"type": "Feature", "properties": {"sheet_name": "Житлові будинки", "description": "Обстрілювали село Висунськ. Внаслідок обстрілів є пошкоджені житлові будинки", "date": "2022-8-29", "timestamp": 1661731200000}, "geometry": {"type": "Point", "coordinates": [32.821056, 47.261436]}}, {"type": "Feature", "properties": {"sheet_name": "Житлові будинки", "description": "Обстрілів зазнало с. Червона Долина. Пошкоджені житлові будинки ", "date": "2022-8-29", "timestamp": 1661731200000}, "geometry": {"type": "Point", "coordinates": [32.663701, 47.14444]}}, {"type": "Feature", "properties": {"sheet_name": "Житлові будинки", "description": "Миколаїв зазнав масований обстріл шістнадцятьма зенітними ракетами С-300, який призвів до численних руйнувань та пошкоджень приватних і багатоповерхових будинків", "date": "2022-8-29", "timestamp": 1661731200000}, "geometry": {"type": "Point", "coordinates": [32.011812, 46.959077]}}, {"type": "Feature", "properties": {"sheet_name": "Житлові будинки", "description": "Внаслідок обстрілів с. Червоне Воскресенської громади частково зруйновано будинок", "date": "2022-8-29", "timestamp": 1661731200000}, "geometry": {"type": "Point", "coordinates": [32.376822, 47.06066]}}, {"type": "Feature", "properties": {"sheet_name": "Житлові будинки", "description": "Двома зенітними ракетами С-300 атаковано Баштанський район. Внаслідок розриву ракет є пошкодження приватних будинків", "date": "2022-8-29", "timestamp": 1661731200000}, "geometry": {"type": "Point", "coordinates": [32.53217, 47.402978]}}, {"type": "Feature", "properties": {"sheet_name": "Житлові будинки", "description": "Зафіксовані обстріли території с. Новомиколаївка. Внаслідок чого пошкоджені житлові будинки ", "date": "2022-8-30", "timestamp": 1661817600000}, "geometry": {"type": "Point", "coordinates": [32.359167, 46.966356]}}, {"type": "Feature", "properties": {"sheet_name": "Житлові будинки", "description": "Під ворожими обстрілами перебувало смт Первомайське. Внаслідок чого частково зруйновані житлові будинки", "date": "2022-8-31", "timestamp": 1661904000000}, "geometry": {"type": "Point", "coordinates": [32.438662, 47.04128]}}, {"type": "Feature", "properties": {"sheet_name": "Житлові будинки", "description": "Під ворожими обстрілами перебувало селище  Любомирівка пошкоджено біля 40 житлових будівель.", "date": "2022-8-31", "timestamp": 1661904000000}, "geometry": {"type": "Point", "coordinates": [32.874432, 47.187785]}}, {"type": "Feature", "properties": {"sheet_name": "Житлові будинки", "description": "Були обстріли за межами с. Широке. Пошкоджений житловий будинок", "date": "2022-8-31", "timestamp": 1661904000000}, "geometry": {"type": "Point", "coordinates": [32.674144, 47.098634]}}, {"type": "Feature", "properties": {"sheet_name": "Житлові будинки", "description": "Протягом дня під ворожими обстрілами перебувало село Вавилове житлові будинки", "date": "2022-8-31", "timestamp": 1661904000000}, "geometry": {"type": "Point", "coordinates": [32.470676, 46.923268]}}, {"type": "Feature", "properties": {"sheet_name": "Навчальні заклади", "description": "В смт Первомайське внаслідок обстрілів горіла шкільна їдальня.", "date": "2022-8-2", "timestamp": 1659398400000}, "geometry": {"type": "Point", "coordinates": [32.43914, 47.041483]}}, {"type": "Feature", "properties": {"sheet_name": "Навчальні заклади", "description": "У Широківській громаді влучання по будівлі школи.", "date": "2022-8-10", "timestamp": 1660089600000}, "geometry": {"type": "Point", "coordinates": [32.621648, 47.123866]}}, {"type": "Feature", "properties": {"sheet_name": "Навчальні заклади", "description": "По Миколаєву випущено 9 ракет типу С-300: постраждали два навчальні заклади.", "date": "2022-8-14", "timestamp": 1660435200000}, "geometry": {"type": "Point", "coordinates": [32.011807, 46.959077]}}, {"type": "Feature", "properties": {"sheet_name": "Навчальні заклади", "description": "Через ракетний обстріл ракетами \"Калібр\" у Миколаєві повністю зруйновано заклад освіти.", "date": "2022-8-23", "timestamp": 1661212800000}, "geometry": {"type": "Point", "coordinates": [32.011811, 46.959077]}}, {"type": "Feature", "properties": {"sheet_name": "Навчальні заклади", "description": "Внаслідок влучання трьох ракет вщент зруйновано будівлю середньої школи у Корабельному районі Миколаєва. ", "date": "2022-8-28", "timestamp": 1661644800000}, "geometry": {"type": "Point", "coordinates": [32.011812, 46.959077]}}, {"type": "Feature", "properties": {"sheet_name": "Навчальні заклади", "description": "Внаслідок масованих обстрілів Миколаєва пошкоджено два заклади освіти", "date": "2022-8-31", "timestamp": 1661904000000}, "geometry": {"type": "Point", "coordinates": [32.011812, 46.959077]}}, {"type": "Feature", "properties": {"sheet_name": "Навчальні заклади", "description": "Внаслідок обстрілу Миколаєва пошкоджено гуртожиток одного з університетів", "date": "2022-8-2", "timestamp": 1659398400000}, "geometry": {"type": "Point", "coordinates": [32.011812, 46.959077]}}, {"type": "Feature", "properties": {"sheet_name": "Навчальні заклади", "description": "У селищі Широке внаслідок обстрілу було влучання у зруйновану школу", "date": "2022-8-10", "timestamp": 1660089600000}, "geometry": {"type": "Point", "coordinates": [32.674144, 47.098634]}}, {"type": "Feature", "properties": {"sheet_name": "Навчальні заклади", "description": "Миколаїв зазнав ворожих обстрілів. Внаслідок чого пошкоджено навчальний заклад", "date": "2022-8-15", "timestamp": 1660521600000}, "geometry": {"type": "Point", "coordinates": [32.011812, 46.959077]}}, {"type": "Feature", "properties": {"sheet_name": "Навчальні заклади", "description": "Зафіксовано ворожі обстріли смт Первомайське. Внаслідок яких частково зруйновано заклад освіти", "date": "2022-8-15", "timestamp": 1660521600000}, "geometry": {"type": "Point", "coordinates": [32.438662, 47.04128]}}, {"type": "Feature", "properties": {"sheet_name": "Навчальні заклади", "description": "Обстріли с. Широке. Були лучанння у вже зруйновану школу", "date": "2022-8-15", "timestamp": 1660521600000}, "geometry": {"type": "Point", "coordinates": [32.674144, 47.098634]}}, {"type": "Feature", "properties": {"sheet_name": "Навчальні заклади", "description": "Ворог обстріляв Миколаїв ракетами типу С-300. Влучив в ЧНУ імені П.Могили.", "date": "2022-8-16", "timestamp": 1660608000000}, "geometry": {"type": "Point", "coordinates": [32.011812, 46.959077]}}, {"type": "Feature", "properties": {"sheet_name": "Навчальні заклади", "description": "Миколаїв зазнав обстрілів ракетами типу С-300. Три ворожі ракети знову влучили в ЧНУ імені П.Могили.", "date": "2022-8-19", "timestamp": 1660867200000}, "geometry": {"type": "Point", "coordinates": [32.011812, 46.959077]}}, {"type": "Feature", "properties": {"sheet_name": "Навчальні заклади", "description": "Під ворожими обстрілами перебувало селище  Любомирівка частково зруйновано школу", "date": "2022-8-31", "timestamp": 1661904000000}, "geometry": {"type": "Point", "coordinates": [32.874432, 47.187785]}}, {"type": "Feature", "properties": {"sheet_name": "Навчальні заклади", "description": "Миколаїв зазнав масованого ракетного обстрілу, перередньо С-300. Суттєво пошкоджено два навчальних заклади", "date": "2022-8-4", "timestamp": 1659571200000}, "geometry": {"type": "Point", "coordinates": [32.011812, 46.959077]}}, {"type": "Feature", "properties": {"sheet_name": "Навчальні заклади", "description": "Обстрілів зазнало с. Широке. Влучання були у вже зруйнований школу", "date": "2022-8-8", "timestamp": 1659916800000}, "geometry": {"type": "Point", "coordinates": [32.674144, 47.098634]}}, {"type": "Feature", "properties": {"sheet_name": "Навчальні заклади", "description": "Через обстріли смт Березнегувате пошкоджено склад професійного ліцея. ", "date": "2022-8-12", "timestamp": 1660262400000}, "geometry": {"type": "Point", "coordinates": [32.846669, 47.307953]}}, {"type": "Feature", "properties": {"sheet_name": "Навчальні заклади", "description": "Ракета С-300 пошкодила у Миколаєві навчальний заклад.", "date": "2022-8-14", "timestamp": 1660435200000}, "geometry": {"type": "Point", "coordinates": [32.011812, 46.959077]}}, {"type": "Feature", "properties": {"sheet_name": "Навчальні заклади", "description": "Внаслідок обстрілу смт Березнегувате пошкоджено навчальний заклад – у будівлі вилетіли вікна. ", "date": "2022-8-20", "timestamp": 1660953600000}, "geometry": {"type": "Point", "coordinates": [32.846669, 47.307953]}}, {"type": "Feature", "properties": {"sheet_name": "Сільськогосподарські та лісові ", "description": "Окупанти обстріляли городи жителів села Широке", "date": "2022-8-1", "timestamp": 1659312000000}, "geometry": {"type": "Point", "coordinates": [32.674144, 47.098634]}}, {"type": "Feature", "properties": {"sheet_name": "Сільськогосподарські та лісові ", "description": "Внаслідок обстрілу села Зайчівське відбулось займання приватного сільськогосподарського підприємства", "date": "2022-8-5", "timestamp": 1659657600000}, "geometry": {"type": "Point", "coordinates": [32.112348, 47.035355]}}, {"type": "Feature", "properties": {"sheet_name": "Сільськогосподарські та лісові ", "description": "У селі Широке ворог пошкодив сільгоспбудівлі в домогосподарствах ", "date": "2022-8-4", "timestamp": 1659571200000}, "geometry": {"type": "Point", "coordinates": [32.674144, 47.098634]}}, {"type": "Feature", "properties": {"sheet_name": "Сільськогосподарські та лісові ", "description": "Внаслідок обстрілу Галицинівського лісового урочища загорілась лісова підстилка ", "date": "2022-8-5", "timestamp": 1659657600000}, "geometry": {"type": "Point", "coordinates": [31.952911, 46.780528]}}, {"type": "Feature", "properties": {"sheet_name": "Сільськогосподарські та лісові ", "description": "У селі Червона Долина внаслідок обстрілу було пошкоджено сільсгосп будівлі", "date": "2022-8-5", "timestamp": 1659657600000}, "geometry": {"type": "Point", "coordinates": [32.663701, 47.14444]}}, {"type": "Feature", "properties": {"sheet_name": "Сільськогосподарські та лісові ", "description": "Внаслідок обстрілу повністю знищена господарська споруда у селі Котляреве", "date": "2022-8-6", "timestamp": 1659744000000}, "geometry": {"type": "Point", "coordinates": [32.227655, 46.885644]}}, {"type": "Feature", "properties": {"sheet_name": "Сільськогосподарські та лісові ", "description": "Внаслідок обстрілу села Галицинове загорілась хвойна підстилка та лісових насаджень в лісовому урочищі", "date": "2022-8-7", "timestamp": 1659830400000}, "geometry": {"type": "Point", "coordinates": [31.952911, 46.780528]}}, {"type": "Feature", "properties": {"sheet_name": "Сільськогосподарські та лісові ", "description": "Внаслідок потрапляння боєприпасів та їх уламків у Галицинівському лісовому урочищі сталася пожежа хвойної підстилки та лісових насаджень", "date": "2022-8-8", "timestamp": 1659916800000}, "geometry": {"type": "Point", "coordinates": [31.954482, 46.80328]}}, {"type": "Feature", "properties": {"sheet_name": "Сільськогосподарські та лісові ", "description": "У результаті влучань відбулися займання полів у селі Поляна", "date": "2022-8-8", "timestamp": 1659916800000}, "geometry": {"type": "Point", "coordinates": [32.679529, 47.167679]}}, {"type": "Feature", "properties": {"sheet_name": "Сільськогосподарські та лісові ", "description": "У селі Шевченкове пошкоджено господарські споруди", "date": "2022-8-9", "timestamp": 1660003200000}, "geometry": {"type": "Point", "coordinates": [32.196443, 46.86215]}}, {"type": "Feature", "properties": {"sheet_name": "Сільськогосподарські та лісові ", "description": "У селищі Луч пошкоджено господарські споруди", "date": "2022-8-9", "timestamp": 1660003200000}, "geometry": {"type": "Point", "coordinates": [32.219268, 46.826064]}}, {"type": "Feature", "properties": {"sheet_name": "Сільськогосподарські та лісові ", "description": "У Галицинівській громаді внаслідок обстрілів відбулось займання хвойної підстилки й лісових насаджень Галицинівського лісового урочища", "date": "2022-8-9", "timestamp": 1660003200000}, "geometry": {"type": "Point", "coordinates": [31.954482, 46.80328]}}, {"type": "Feature", "properties": {"sheet_name": "Сільськогосподарські та лісові ", "description": "У Галицинівській громаді внаслідок обстрілів відбулось займання хвойної підстилки й лісових насаджень Галицинівського лісового урочища", "date": "2022-8-10", "timestamp": 1660089600000}, "geometry": {"type": "Point", "coordinates": [31.954482, 46.80328]}}, {"type": "Feature", "properties": {"sheet_name": "Сільськогосподарські та лісові ", "description": "Внаслідок обстрілу загорілись поля у селі Поляна", "date": "2022-8-9", "timestamp": 1660003200000}, "geometry": {"type": "Point", "coordinates": [32.679529, 47.167679]}}, {"type": "Feature", "properties": {"sheet_name": "Сільськогосподарські та лісові ", "description": "Внаслідок обстрілу загорілись поля у селі Широке", "date": "2022-8-9", "timestamp": 1660003200000}, "geometry": {"type": "Point", "coordinates": [32.674144, 47.098634]}}, {"type": "Feature", "properties": {"sheet_name": "Сільськогосподарські та лісові ", "description": "У Миколаєві внаслідок потрапляння боєприпасів та їх уламків виникла пожежа хвойної підстилки та лісових насаджень у Балабанівському лісовому урочищі", "date": "2022-8-10", "timestamp": 1660089600000}, "geometry": {"type": "Point", "coordinates": [31.992933, 46.839396]}}, {"type": "Feature", "properties": {"sheet_name": "Сільськогосподарські та лісові ", "description": "Внаслідок потрапляння боєприпасів та їх уламків відбулося загоряння хвойної підстілки та сухої трави в Балабанівському лісовому урочищі", "date": "2022-8-11", "timestamp": 1660176000000}, "geometry": {"type": "Point", "coordinates": [31.992933, 46.839396]}}, {"type": "Feature", "properties": {"sheet_name": "Сільськогосподарські та лісові ", "description": "Після ворожих обстрілів виникло загоряння хвойної підстилки у Галицинівському лісовому урочищі", "date": "2022-8-11", "timestamp": 1660176000000}, "geometry": {"type": "Point", "coordinates": [31.954482, 46.80328]}}, {"type": "Feature", "properties": {"sheet_name": "Сільськогосподарські та лісові ", "description": "У селі Галицинове через ворожі обстріли пошкоджено господарські споруди", "date": "2022-8-14", "timestamp": 1660435200000}, "geometry": {"type": "Point", "coordinates": [31.952911, 46.780528]}}, {"type": "Feature", "properties": {"sheet_name": "Сільськогосподарські та лісові ", "description": "Були обстріли по сільськогосподарським спорудам с. Широке", "date": "2022-8-14", "timestamp": 1660435200000}, "geometry": {"type": "Point", "coordinates": [32.674144, 47.098634]}}, {"type": "Feature", "properties": {"sheet_name": "Сільськогосподарські та лісові ", "description": "Ворожі обстріли смт Первомайське. Внаслідок яких пошкоджено присадібні ділянки", "date": "2022-8-15", "timestamp": 1660521600000}, "geometry": {"type": "Point", "coordinates": [32.438662, 47.04128]}}, {"type": "Feature", "properties": {"sheet_name": "Сільськогосподарські та лісові ", "description": "Через потрапляння боєприпасів та їх уламків у селищі Березнегувате відбулося займання сіна.", "date": "2022-8-22", "timestamp": 1661126400000}, "geometry": {"type": "Point", "coordinates": [32.846669, 47.307953]}}, {"type": "Feature", "properties": {"sheet_name": "Сільськогосподарські та лісові ", "description": "Були обстріли смт Березнегувате. Влучання по сільськогосподарських площах", "date": "2022-8-25", "timestamp": 1661385600000}, "geometry": {"type": "Point", "coordinates": [32.846669, 47.307953]}}, {"type": "Feature", "properties": {"sheet_name": "Підприємства та сг виробництва", "description": "Внаслідок обстрілу Миколаєву було пошкоджено промислове підприємство", "date": "2022-8-2", "timestamp": 1659398400000}, "geometry": {"type": "Point", "coordinates": [32.011812, 46.959077]}}, {"type": "Feature", "properties": {"sheet_name": "Підприємства та сг виробництва", "description": "У селі Лупареве обстріляно садівниче підприємство", "date": "2022-8-3", "timestamp": 1659484800000}, "geometry": {"type": "Point", "coordinates": [31.979453, 46.696826]}}, {"type": "Feature", "properties": {"sheet_name": "Підприємства та сг виробництва", "description": "У Миколаєві внаслідок обстрілу пошкоджено два приватні підприємства", "date": "2022-8-5", "timestamp": 1659657600000}, "geometry": {"type": "Point", "coordinates": [32.011812, 46.959077]}}, {"type": "Feature", "properties": {"sheet_name": "Підприємства та сг виробництва", "description": "У селі Баловне ворог обстріляв садівниче товариство, в якому зруйнували вісім будинків", "date": "2022-8-7", "timestamp": 1659830400000}, "geometry": {"type": "Point", "coordinates": [31.88553, 47.051891]}}, {"type": "Feature", "properties": {"sheet_name": "Підприємства та сг виробництва", "description": "В Миколаєві було влучання по території підприємства, складських приміщень та автобазі внаслідок обстрілу", "date": "2022-8-10", "timestamp": 1660089600000}, "geometry": {"type": "Point", "coordinates": [32.011812, 46.959077]}}, {"type": "Feature", "properties": {"sheet_name": "Підприємства та сг виробництва", "description": "Атаковано портову інфраструктуру Миколаєва", "date": "2022-8-13", "timestamp": 1660348800000}, "geometry": {"type": "Point", "coordinates": [32.011812, 46.959077]}}, {"type": "Feature", "properties": {"sheet_name": "Підприємства та сг виробництва", "description": "Ворог вдарив по портовій інфраструктурі Миколаєва", "date": "2022-8-16", "timestamp": 1660608000000}, "geometry": {"type": "Point", "coordinates": [32.011812, 46.959077]}}, {"type": "Feature", "properties": {"sheet_name": "Підприємства та сг виробництва", "description": "Ворог обстріляв Миколаїв ракетами типу С-300. Влучив по одному з підприємств міста.", "date": "2022-8-16", "timestamp": 1660608000000}, "geometry": {"type": "Point", "coordinates": [32.011812, 46.959077]}}, {"type": "Feature", "properties": {"sheet_name": "Підприємства та сг виробництва", "description": "У Миколаєві було вкотре атаковано об’єкти портової інфраструктури", "date": "2022-8-18", "timestamp": 1660780800000}, "geometry": {"type": "Point", "coordinates": [32.011812, 46.959077]}}, {"type": "Feature", "properties": {"sheet_name": "Підприємства та сг виробництва", "description": "Миколаїв зазнав обстрілів ракетами типу С-300. Пошкоджено підприємство", "date": "2022-8-19", "timestamp": 1660867200000}, "geometry": {"type": "Point", "coordinates": [32.011812, 46.959077]}}, {"type": "Feature", "properties": {"sheet_name": "Підприємства та сг виробництва", "description": "Ворог завдав удару ракетами типу С-300. Влучив на територію підприємства", "date": "2022-8-21", "timestamp": 1661040000000}, "geometry": {"type": "Point", "coordinates": [32.011812, 46.959077]}}, {"type": "Feature", "properties": {"sheet_name": "Підприємства та сг виробництва", "description": "Миколаїв зазнав обстрілів. Внаслідок чого є влучання на територію підприємства.", "date": "2022-8-22", "timestamp": 1661126400000}, "geometry": {"type": "Point", "coordinates": [32.011812, 46.959077]}}, {"type": "Feature", "properties": {"sheet_name": "Підприємства та сг виробництва", "description": "Миколаїв був атакований реактивними снарядами системи залпового вогню «Смерч». Удар спрямовано на портову інфраструктуру", "date": "2022-8-24", "timestamp": 1661299200000}, "geometry": {"type": "Point", "coordinates": [32.011812, 46.959077]}}, {"type": "Feature", "properties": {"sheet_name": "Підприємства та сг виробництва", "description": "Ворог обстріляв приватне сільськогосподарське підприємство у с. Котляреве. Через потрапляння боєприпасів та їх уламків зайнялась ремонтна майстерня. Внаслідок пожежі знищено сільгосптехніку та покрівлю майстерні", "date": "2022-8-24", "timestamp": 1661299200000}, "geometry": {"type": "Point", "coordinates": [32.227655, 46.885644]}}, {"type": "Feature", "properties": {"sheet_name": "Підприємства та сг виробництва", "description": "Зафіксовані ворожі обстріли смт Первомайське. Пошкоджено господарські споруди приватного підприємства", "date": "2022-8-26", "timestamp": 1661472000000}, "geometry": {"type": "Point", "coordinates": [32.438662, 47.04128]}}, {"type": "Feature", "properties": {"sheet_name": "Підприємства та сг виробництва", "description": "Ворог завдав удару по Миколаєву з РСЗВ «Смерч». Внаслідок чого виникла пожежа на території елеватора. Пошкоджено інші об’єкти інфраструктури. Також по промисловій інфраструктурі міста ворог ударив з РСЗВ «Ураган». ", "date": "2022-8-28", "timestamp": 1661644800000}, "geometry": {"type": "Point", "coordinates": [32.011812, 46.959077]}}, {"type": "Feature", "properties": {"sheet_name": "Підприємства та сг виробництва", "description": "Були обстріли за межами с. Червона Долина. Внаслідок обстрілів відбулося загоряння на сільськогосподарському підприємстві.", "date": "2022-8-30", "timestamp": 1661817600000}, "geometry": {"type": "Point", "coordinates": [32.663701, 47.14444]}}, {"type": "Feature", "properties": {"sheet_name": "Підприємства та сг виробництва", "description": "Під ворожими обстрілами перебувало селище  Любомирівка частково зруйновано складські приміщення", "date": "2022-8-31", "timestamp": 1661904000000}, "geometry": {"type": "Point", "coordinates": [32.874432, 47.187785]}}, {"type": "Feature", "properties": {"sheet_name": "Домогосподарства", "description": "У селі Котляреве через обстріли загорілись житлові приміщення", "date": "2022-8-1", "timestamp": 1659312000000}, "geometry": {"type": "Point", "coordinates": [32.227655, 46.885644]}}, {"type": "Feature", "properties": {"sheet_name": "Домогосподарства", "description": "У селі Новомиколаївка внаслідок ворожого обстрілу загорілись дві господарчі споруди", "date": "2022-8-5", "timestamp": 1659657600000}, "geometry": {"type": "Point", "coordinates": [32.359167, 46.966356]}}, {"type": "Feature", "properties": {"sheet_name": "Домогосподарства", "description": "Внаслідок обстрілу смт. Первомайське сталась пожежа господарчої споруди", "date": "2022-8-7", "timestamp": 1659830400000}, "geometry": {"type": "Point", "coordinates": [32.438662, 47.04128]}}, {"type": "Feature", "properties": {"sheet_name": "Домогосподарства", "description": "Ворог обстріляв Широке, як наслідок влучив в сільгоспбудівлі домогосподарств", "date": "2022-8-7", "timestamp": 1659830400000}, "geometry": {"type": "Point", "coordinates": [32.674144, 47.098634]}}, {"type": "Feature", "properties": {"sheet_name": "Домогосподарства", "description": "У селі Широке влучання були переважно по сільспбудівлям домогосподарств.", "date": "2022-8-12", "timestamp": 1660262400000}, "geometry": {"type": "Point", "coordinates": [32.674144, 47.098634]}}, {"type": "Feature", "properties": {"sheet_name": "Домогосподарства", "description": "Влучання були по сільгоспбудівлям у селі Червона Долина ", "date": "2022-8-12", "timestamp": 1660262400000}, "geometry": {"type": "Point", "coordinates": [32.663701, 47.14444]}}, {"type": "Feature", "properties": {"sheet_name": "Домогосподарства", "description": "С. Широке було обстріляно, в результаті чого пошкоджені сільгоспбудівлі в домогосподарст", "date": "2022-8-15", "timestamp": 1660521600000}, "geometry": {"type": "Point", "coordinates": [32.674144, 47.098634]}}, {"type": "Feature", "properties": {"sheet_name": "Домогосподарства", "description": "Обстрілів зазнало с. Широке. Влучання були по сільгоспбудівлях.", "date": "2022-8-17", "timestamp": 1660694400000}, "geometry": {"type": "Point", "coordinates": [32.674144, 47.098634]}}, {"type": "Feature", "properties": {"sheet_name": "Домогосподарства", "description": "Зафіксовано обстріл с. Шевченкове. Є пошкодження господарських споруд.", "date": "2022-8-17", "timestamp": 1660694400000}, "geometry": {"type": "Point", "coordinates": [32.196443, 46.86215]}}, {"type": "Feature", "properties": {"sheet_name": "Домогосподарства", "description": "Були обстріли за межами с. Широке. Влучання були в сільськогосподарські будівлі.", "date": "2022-8-18", "timestamp": 1660780800000}, "geometry": {"type": "Point", "coordinates": [32.674144, 47.098634]}}, {"type": "Feature", "properties": {"sheet_name": "Домогосподарства", "description": "Був авіаналіт. на село Широке Влучено в сільгоспбудівлі в домогосподарстві ", "date": "2022-8-23", "timestamp": 1661212800000}, "geometry": {"type": "Point", "coordinates": [32.674144, 47.098634]}}, {"type": "Feature", "properties": {"sheet_name": "Домогосподарства", "description": "Ворожими обстрілами було с. Новомиколаївка. Внаслідок обстрілів частково зруйновано господарські споруди", "date": "2022-8-24", "timestamp": 1661299200000}, "geometry": {"type": "Point", "coordinates": [32.359167, 46.966356]}}, {"type": "Feature", "properties": {"sheet_name": "Домогосподарства", "description": "Були обстріли с. Червона Долина. Влучання були в сільгоспбудівлі домогосподарств", "date": "2022-8-24", "timestamp": 1661299200000}, "geometry": {"type": "Point", "coordinates": [32.663701, 47.14444]}}, {"type": "Feature", "properties": {"sheet_name": "Домогосподарства", "description": "Обстрілів зазнало с. Лупарево, внаслідок чого виникла пожежа господарчої споруди", "date": "2022-8-25", "timestamp": 1661385600000}, "geometry": {"type": "Point", "coordinates": [31.979453, 46.696826]}}, {"type": "Feature", "properties": {"sheet_name": "Домогосподарства", "description": "Були обстріли села Широке пошкоджено дві сільгоспбудівлі домогосподарств", "date": "2022-8-26", "timestamp": 1661472000000}, "geometry": {"type": "Point", "coordinates": [32.674144, 47.098634]}}, {"type": "Feature", "properties": {"sheet_name": "Домогосподарства", "description": "Були обстріли села Червона Долина пошкоджено дві сільгоспбудівлі домогосподарств", "date": "2022-8-26", "timestamp": 1661472000000}, "geometry": {"type": "Point", "coordinates": [32.663701, 47.14444]}}, {"type": "Feature", "properties": {"sheet_name": "Домогосподарства", "description": "Обстрілів зазнало с. Широке. Влучання були в сільгоспбудівлі домогосподарства", "date": "2022-8-27", "timestamp": 1661558400000}, "geometry": {"type": "Point", "coordinates": [32.674144, 47.098634]}}, {"type": "Feature", "properties": {"sheet_name": "Домогосподарства", "description": "Внаслідок обстрілів смт Первомайське Первомайської громади пошкоджено господарські будівлі", "date": "2022-8-27", "timestamp": 1661558400000}, "geometry": {"type": "Point", "coordinates": [32.438662, 47.04128]}}, {"type": "Feature", "properties": {"sheet_name": "Домогосподарства", "description": "Були обстріли с. Широке Широківської громади. Внаслідок чого зруйновано сільгоспбудівлі у домогосподарствах", "date": "2022-8-27", "timestamp": 1661558400000}, "geometry": {"type": "Point", "coordinates": [32.674144, 47.098634]}}, {"type": "Feature", "properties": {"sheet_name": "Домогосподарства", "description": "Ворог здійснював обстріли Шевченківської громади. У с. Шевченкове через обстріли зазнало руйнувань приватне домоволодіння ", "date": "2022-8-28", "timestamp": 1661644800000}, "geometry": {"type": "Point", "coordinates": [32.196443, 46.86215]}}, {"type": "Feature", "properties": {"sheet_name": "Домогосподарства", "description": "Були артилерійські обстріли с. Котляреве. Влучання у два житлових будинки й господарські споруди", "date": "2022-8-28", "timestamp": 1661644800000}, "geometry": {"type": "Point", "coordinates": [32.227655, 46.885644]}}, {"type": "Feature", "properties": {"sheet_name": "Домогосподарства", "description": "Обстрілів зазнало с. Червона Долина. Пошкоджені сільгоспбудівлі в домогосподарствах", "date": "2022-8-29", "timestamp": 1661731200000}, "geometry": {"type": "Point", "coordinates": [32.663701, 47.14444]}}, {"type": "Feature", "properties": {"sheet_name": "Домогосподарства", "description": "Під ворожими обстрілами перебувало смт Первомайське. Внаслідок чого частково зруйновані  господарські споруди", "date": "2022-8-31", "timestamp": 1661904000000}, "geometry": {"type": "Point", "coordinates": [32.438662, 47.04128]}}, {"type": "Feature", "properties": {"sheet_name": "Домогосподарства", "description": "Були обстріли за межами с. Широке. Пошкоджені сільгоспбудівлі", "date": "2022-8-31", "timestamp": 1661904000000}, "geometry": {"type": "Point", "coordinates": [32.674144, 47.098634]}}, {"type": "Feature", "properties": {"sheet_name": "Домогосподарства", "description": "Протягом дня під ворожими обстрілами перебувало село Вавилове пошкоджено господарські споруди", "date": "2022-8-31", "timestamp": 1661904000000}, "geometry": {"type": "Point", "coordinates": [32.470676, 46.923268]}}, {"type": "Feature", "properties": {"sheet_name": "Заклади культури", "description": "В смт Первомайське внаслідок обстрілів виникла пожежа спортивної бази місцевого будинку культури.", "date": "2022-8-2", "timestamp": 1659398400000}, "geometry": {"type": "Point", "coordinates": [32.43914, 47.041483]}}, {"type": "Feature", "properties": {"sheet_name": "Заклади культури", "description": "Під час обстрілу Широківської громади було влучання по будинку культури.", "date": "2022-8-14", "timestamp": 1660435200000}, "geometry": {"type": "Point", "coordinates": [32.621648, 47.123866]}}, {"type": "Feature", "properties": {"sheet_name": "Заклади культури", "description": "Шість влучань ворожих снарядів по будинку культури в с. Широке.", "date": "2022-8-23", "timestamp": 1661212800000}, "geometry": {"type": "Point", "coordinates": [32.674144, 47.098634]}}, {"type": "Feature", "properties": {"sheet_name": "Критична інфраструктура", "description": "В селі Явкіно внаслідок обстрілу було пошкоджено лінію електропередач", "date": "2022-8-2", "timestamp": 1659398400000}, "geometry": {"type": "Point", "coordinates": [32.6054, 47.26453]}}, {"type": "Feature", "properties": {"sheet_name": "Критична інфраструктура", "description": "В місті Очаків було пошкоджено електропідстанцію", "date": "2022-8-3", "timestamp": 1659484800000}, "geometry": {"type": "Point", "coordinates": [31.544722, 46.619291]}}, {"type": "Feature", "properties": {"sheet_name": "Критична інфраструктура", "description": "У селі Лупареве пошкоджено електромережу", "date": "2022-8-3", "timestamp": 1659484800000}, "geometry": {"type": "Point", "coordinates": [31.979453, 46.696826]}}, {"type": "Feature", "properties": {"sheet_name": "Критична інфраструктура", "description": "Ворог наносив удари по с. Лимани. Пошкоджено електромережу", "date": "2022-8-15", "timestamp": 1660521600000}, "geometry": {"type": "Point", "coordinates": [31.97235, 46.72796]}}, {"type": "Feature", "properties": {"sheet_name": "Критична інфраструктура", "description": "Внаслідок обстрілів с. Червоне пошкоджено газопровід", "date": "2022-8-29", "timestamp": 1661731200000}, "geometry": {"type": "Point", "coordinates": [32.376822, 47.06066]}}, {"type": "Feature", "properties": {"sheet_name": "Медичні заклади", "description": "Внаслідок масованих обстрілів Миколаєва виникла пожежа на території медичного диспансеру. Згорів гуманітраний склад з медичними препаратами та продовольством, розбито травмпункт однієї з лікарень, пошкоджено чотири будівлі", "date": "2022-8-1", "timestamp": 1659312000000}, "geometry": {"type": "Point", "coordinates": [32.011812, 46.959077]}}, {"type": "Feature", "properties": {"sheet_name": "Адміністративні будівлі", "description": "Зазнало обстрілів с. Широке. В наслідок чого пошкоджена адмінбудівля сільської ради", "date": "2022-8-21", "timestamp": 1661040000000}, "geometry": {"type": "Point", "coordinates": [32.674144, 47.098634]}}, {"type": "Feature", "properties": {"sheet_name": "Адміністративні будівлі", "description": "Були обстріли с. Широке. Влучання були у вже зруйнований ЦНАП", "date": "2022-8-21", "timestamp": 1661040000000}, "geometry": {"type": "Point", "coordinates": [32.674144, 47.098634]}}, {"type": "Feature", "properties": {"sheet_name": "Адміністративні будівлі", "description": "Під ворожими обстрілами перебувало селище  Любомирівка частково зруйновано адміністративну будівлю", "date": "2022-8-31", "timestamp": 1661904000000}, "geometry": {"type": "Point", "coordinates": [32.874432, 47.187785]}}, {"type": "Feature", "properties": {"sheet_name": "Цивільна інфраструктура", "description": "Внаслідок обстрілу Миколаєва через потрапляння боєприпасів та їх уламків виникла пожежа продовольчого магазину.", "date": "2022-8-2", "timestamp": 1659398400000}, "geometry": {"type": "Point", "coordinates": [32.011812, 46.959077]}}, {"type": "Feature", "properties": {"sheet_name": "Цивільна інфраструктура", "description": "У селі Галицинове пошкоджено об'єкт інфраструктури.", "date": "2022-8-1", "timestamp": 1659312000000}, "geometry": {"type": "Point", "coordinates": [31.952911, 46.780528]}}, {"type": "Feature", "properties": {"sheet_name": "Цивільна інфраструктура", "description": "Внаслідок обстрілу Миколаєву було уражено причал", "date": "2022-8-2", "timestamp": 1659398400000}, "geometry": {"type": "Point", "coordinates": [32.011812, 46.959077]}}, {"type": "Feature", "properties": {"sheet_name": "Цивільна інфраструктура", "description": "У Миколаєві через обстріли зруйнований супермаркет, а також пошкоджено аптеку, магазини. Відомо про влучання на територію кінно-спортивної школи", "date": "2022-8-3", "timestamp": 1659484800000}, "geometry": {"type": "Point", "coordinates": [32.011812, 46.959077]}}, {"type": "Feature", "properties": {"sheet_name": "Цивільна інфраструктура", "description": "У селищі Широке внаслідок обстрілу було влучання у стадіон", "date": "2022-8-6", "timestamp": 1659744000000}, "geometry": {"type": "Point", "coordinates": [32.846669, 47.307953]}}, {"type": "Feature", "properties": {"sheet_name": "Цивільна інфраструктура", "description": "Ворог обстрілом пошкодив об'єкт цивільної інфраструктури в селищі Березнегувате", "date": "2022-8-8", "timestamp": 1659916800000}, "geometry": {"type": "Point", "coordinates": [32.846669, 47.307953]}}, {"type": "Feature", "properties": {"sheet_name": "Цивільна інфраструктура", "description": "У селищі Широке внаслідок обстрілу було влучання у зруйновану школу", "date": "2022-8-10", "timestamp": 1660089600000}, "geometry": {"type": "Point", "coordinates": [32.674144, 47.098634]}}, {"type": "Feature", "properties": {"sheet_name": "Цивільна інфраструктура", "description": "Внаслідок обстрілу села Первомайське пошкоджено магазин ", "date": "2022-8-13", "timestamp": 1660348800000}, "geometry": {"type": "Point", "coordinates": [32.438662, 47.04128]}}, {"type": "Feature", "properties": {"sheet_name": "Цивільна інфраструктура", "description": "Пошкоджено стадіон внаслідок обстрілу села Широке", "date": "2022-8-13", "timestamp": 1660348800000}, "geometry": {"type": "Point", "coordinates": [32.674144, 47.098634]}}, {"type": "Feature", "properties": {"sheet_name": "Цивільна інфраструктура", "description": "Миколаїв зазнав ворожих обстрілів. Внаслідок чого пошкоджено готель ", "date": "2022-8-15", "timestamp": 1660521600000}, "geometry": {"type": "Point", "coordinates": [32.011812, 46.959077]}}, {"type": "Feature", "properties": {"sheet_name": "Цивільна інфраструктура", "description": "Внаслідок ворожих обстрілів смт Первомайське зруйновано заклад громадського харчування.", "date": "2022-8-16", "timestamp": 1660608000000}, "geometry": {"type": "Point", "coordinates": [32.438662, 47.04128]}}, {"type": "Feature", "properties": {"sheet_name": "Цивільна інфраструктура", "description": "В результаті влучання касетних боєприпасів РСЗВ «Смерч» по селу Галицинове зруйновано будівлю пожежної частини", "date": "2022-8-18", "timestamp": 1660780800000}, "geometry": {"type": "Point", "coordinates": [31.952911, 46.780528]}}, {"type": "Feature", "properties": {"sheet_name": "Цивільна інфраструктура", "description": "Миколаїв зазнав обстрілів. Внаслідок чого відбулося займання кафе", "date": "2022-8-22", "timestamp": 1661126400000}, "geometry": {"type": "Point", "coordinates": [32.011812, 46.959077]}}, {"type": "Feature", "properties": {"sheet_name": "Цивільна інфраструктура", "description": "Миколаїв зазнав масований обстріл шістнадцятьма зенітними ракетами С-300, який призвів до численних руйнувань та пошкоджень об’єктів транспортної інфраструктури", "date": "2022-8-29", "timestamp": 1661731200000}, "geometry": {"type": "Point", "coordinates": [32.011812, 46.959077]}}, {"type": "Feature", "properties": {"sheet_name": "Цивільна інфраструктура", "description": "Ворог обстріляв об’єкти інфраструктури Миколаєва.", "date": "2022-8-30", "timestamp": 1661817600000}, "geometry": {"type": "Point", "coordinates": [32.011812, 46.959077]}}, {"type": "Feature", "properties": {"sheet_name": "Загиблі цивільні", "description": "Через удар по Миколаєву ракетами С-300 загинула одна людина.", "date": "2022-11-1", "timestamp": 1667260800000}, "geometry": {"type": "Point", "coordinates": [32.011812, 46.959077]}}, {"type": "Feature", "properties": {"sheet_name": "Загиблі цивільні", "description": "Ракета С-300 влучила в п’ятиповерховий житловий будинок в Миколаєві, внаслідок цього загинуло 7 мирних жителів. ", "date": "2022-11-11", "timestamp": 1668124800000}, "geometry": {"type": "Point", "coordinates": [32.011812, 46.959077]}}, {"type": "Feature", "properties": {"sheet_name": "Поранені цивільні", "description": "Внаслідок обстрілу Галицинівської громади касетними снарядами одна людина отримала поранення.", "date": "2022-11-1", "timestamp": 1667260800000}, "geometry": {"type": "Point", "coordinates": [31.954482, 46.80328]}}, {"type": "Feature", "properties": {"sheet_name": "Поранені цивільні", "description": "Внаслідок обстрілу Шевченківської громади поранення отримала одна людина.", "date": "2022-11-7", "timestamp": 1667779200000}, "geometry": {"type": "Point", "coordinates": [32.271986, 46.887668]}}, {"type": "Feature", "properties": {"sheet_name": "Поранені цивільні", "description": "Миколаїв обстріляли з РСЗВ «Смерч», осколкові поранення отримала одна людина.", "date": "2022-11-9", "timestamp": 1667952000000}, "geometry": {"type": "Point", "coordinates": [32.011812, 46.959077]}}, {"type": "Feature", "properties": {"sheet_name": "Поранені цивільні", "description": "Ракета С-300 влучила в п’ятиповерховий житловий будинок в Миколаєві, поранений 1 мирний житель.", "date": "2022-11-11", "timestamp": 1668124800000}, "geometry": {"type": "Point", "coordinates": [32.011812, 46.959077]}}, {"type": "Feature", "properties": {"sheet_name": "Поранені цивільні", "description": "Через обстріли Очаківської громади з РСЗВ одна людина отримала контузію.", "date": "2022-11-25", "timestamp": 1669334400000}, "geometry": {"type": "Point", "coordinates": [31.543439, 46.629603]}}, {"type": "Feature", "properties": {"sheet_name": "Житлові будинки", "description": "Через удар по Миколаєву чотирма ракетами С-300 повністю зруйновано двоповерховий будинок, пошкоджено приватні будинки, виникла пожежа п‘ятиповерхового житлового будинку. ", "date": "2022-11-1", "timestamp": 1667260800000}, "geometry": {"type": "Point", "coordinates": [32.011812, 46.959077]}}, {"type": "Feature", "properties": {"sheet_name": "Житлові будинки", "description": "Пошкоджено житловий будинок у населеному пункті Первомайської громади.", "date": "2022-11-1", "timestamp": 1667260800000}, "geometry": {"type": "Point", "coordinates": [32.435539, 46.985922]}}, {"type": "Feature", "properties": {"sheet_name": "Житлові будинки", "description": "Внаслідок влучання боєприпасів та їх уламків загорівся будинок в Широківській громаді.", "date": "2022-11-1", "timestamp": 1667260800000}, "geometry": {"type": "Point", "coordinates": [32.621648, 47.123866]}}, {"type": "Feature", "properties": {"sheet_name": "Житлові будинки", "description": "Через обстріли Широківської громади зруйновано один житловий будинок.", "date": "2022-11-2", "timestamp": 1667347200000}, "geometry": {"type": "Point", "coordinates": [32.621648, 47.123866]}}, {"type": "Feature", "properties": {"sheet_name": "Житлові будинки", "description": "Ворог обстріляв Первомайську громаду, внаслідок чого пошкоджено два житлових будинки. ", "date": "2022-11-3", "timestamp": 1667433600000}, "geometry": {"type": "Point", "coordinates": [32.435539, 46.985922]}}, {"type": "Feature", "properties": {"sheet_name": "Житлові будинки", "description": "Через обстріли Широківської громади пошкоджено три будинки.", "date": "2022-11-5", "timestamp": 1667606400000}, "geometry": {"type": "Point", "coordinates": [32.621648, 47.123866]}}, {"type": "Feature", "properties": {"sheet_name": "Житлові будинки", "description": "Обстрілів зазнала Широківська громада, через що зруйновано один будинок.", "date": "2022-11-8", "timestamp": 1667865600000}, "geometry": {"type": "Point", "coordinates": [32.621648, 47.123866]}}, {"type": "Feature", "properties": {"sheet_name": "Житлові будинки", "description": "Миколаїв обстріляли з РСЗВ «Смерч», пошкоджено приватний сектор.", "date": "2022-11-9", "timestamp": 1667952000000}, "geometry": {"type": "Point", "coordinates": [32.011812, 46.959077]}}, {"type": "Feature", "properties": {"sheet_name": "Житлові будинки", "description": "Ракета С-300 влучила в п’ятиповерховий житловий будинок в Миколаєві, внаслідок чого зруйновано всі п'ять поверхів одного з під'їздів. ", "date": "2022-11-11", "timestamp": 1668124800000}, "geometry": {"type": "Point", "coordinates": [32.011812, 46.959077]}}, {"type": "Feature", "properties": {"sheet_name": "Житлові будинки", "description": "Через обстріли Очаківської громади з РСЗВ пошкоджено житлові будинки, серед них – один багатоповерховий. ", "date": "2022-11-25", "timestamp": 1669334400000}, "geometry": {"type": "Point", "coordinates": [31.543439, 46.629603]}}, {"type": "Feature", "properties": {"sheet_name": "Навчальні заклади", "description": "Через удар по Миколаєву чотирма ракетами С-300 сталося часткове руйнування будівель навчальних закладів.", "date": "2022-11-1", "timestamp": 1667260800000}, "geometry": {"type": "Point", "coordinates": [32.011812, 46.959077]}}, {"type": "Feature", "properties": {"sheet_name": "Навчальні заклади", "description": "В Широківські громаді через обстріл пошкоджено заклад освіти.", "date": "2022-11-7", "timestamp": 1667779200000}, "geometry": {"type": "Point", "coordinates": [32.621648, 47.123866]}}, {"type": "Feature", "properties": {"sheet_name": "Підприємства та сг виробництва", "description": "Удар по сільськогосподарському підприємству Шевченківської громади. ", "date": "2022-11-1", "timestamp": 1667260800000}, "geometry": {"type": "Point", "coordinates": [32.271986, 46.887668]}}, {"type": "Feature", "properties": {"sheet_name": "Підприємства та сг виробництва", "description": "Внаслідок артилерійського обстрілу Шевченківської громади пошкоджено будівлю сільськогосподарського підприємства.", "date": "2022-11-2", "timestamp": 1667347200000}, "geometry": {"type": "Point", "coordinates": [32.271986, 46.887668]}}, {"type": "Feature", "properties": {"sheet_name": "Підприємства та сг виробництва", "description": "Через обстріл Миколаєва ракетами С-300 зруйновано складське приміщення, виникла пожежа ще одного складського приміщення.", "date": "2022-11-3", "timestamp": 1667433600000}, "geometry": {"type": "Point", "coordinates": [32.011812, 46.959077]}}, {"type": "Feature", "properties": {"sheet_name": "Підприємства та сг виробництва", "description": "Через обстріли Широківської громади пошкоджено адмінбудівлю сільськогосподарського підприємства.", "date": "2022-11-5", "timestamp": 1667606400000}, "geometry": {"type": "Point", "coordinates": [32.621648, 47.123866]}}, {"type": "Feature", "properties": {"sheet_name": "Підприємства та сг виробництва", "description": "В Галицинівській громаді влучання в об’єкт промислової інфраструктури.", "date": "2022-11-6", "timestamp": 1667692800000}, "geometry": {"type": "Point", "coordinates": [31.954482, 46.80328]}}, {"type": "Feature", "properties": {"sheet_name": "Підприємства та сг виробництва", "description": "У Первомайській громаді були влучання по об’єкту промислової інфраструктури. ", "date": "2022-11-7", "timestamp": 1667779200000}, "geometry": {"type": "Point", "coordinates": [32.435539, 46.985922]}}, {"type": "Feature", "properties": {"sheet_name": "Підприємства та сг виробництва", "description": "У Шевченківській громаді були влучання по об’єкту промислової інфраструктури. ", "date": "2022-11-8", "timestamp": 1667865600000}, "geometry": {"type": "Point", "coordinates": [32.271986, 46.887668]}}, {"type": "Feature", "properties": {"sheet_name": "Підприємства та сг виробництва", "description": "Миколаїв обстріляли з РСЗВ «Смерч», пошкоджено хлібозаводі і приватне підприємство.", "date": "2022-11-9", "timestamp": 1667952000000}, "geometry": {"type": "Point", "coordinates": [32.011812, 46.959077]}}, {"type": "Feature", "properties": {"sheet_name": "Підприємства та сг виробництва", "description": "На території Мішково-Погорілівської громади було влучання по об’єкту промислової інфраструктури.", "date": "2022-11-10", "timestamp": 1668038400000}, "geometry": {"type": "Point", "coordinates": [32.112717, 46.995222]}}, {"type": "Feature", "properties": {"sheet_name": "Заклади культури", "description": "В Широківські громаді через обстріл пошкоджено будинок культури.", "date": "2022-11-7", "timestamp": 1667779200000}, "geometry": {"type": "Point", "coordinates": [32.621648, 47.123866]}}, {"type": "Feature", "properties": {"sheet_name": "Критична інфраструктура", "description": "Внаслідок артилерійського обстрілу Шевченківської громади пошкоджено трансформаторну підстанцію, водонапірну башту, електроопори.", "date": "2022-11-2", "timestamp": 1667347200000}, "geometry": {"type": "Point", "coordinates": [32.271986, 46.887668]}}, {"type": "Feature", "properties": {"sheet_name": "Критична інфраструктура", "description": "Внаслідок обстрілу Шевченківської громади пошкоджено газопровід.", "date": "2022-11-7", "timestamp": 1667779200000}, "geometry": {"type": "Point", "coordinates": [32.271986, 46.887668]}}, {"type": "Feature", "properties": {"sheet_name": "Критична інфраструктура", "description": "Через обстріли Галицинівської громади пошкоджено об’єкт інфраструктури. ", "date": "2022-11-7", "timestamp": 1667779200000}, "geometry": {"type": "Point", "coordinates": [31.954482, 46.80328]}}, {"type": "Feature", "properties": {"sheet_name": "Медичні заклади", "description": "Через удар по Миколаєву ракетами С-300 у медичному закладі вибуховою хвилею та уламками вибило OSB-плити.", "date": "2022-11-1", "timestamp": 1667260800000}, "geometry": {"type": "Point", "coordinates": [32.011812, 46.959077]}}, {"type": "Feature", "properties": {"sheet_name": "Адміністративні будівлі", "description": "Через обстріл Миколаєва ракетами С-300 пошкоджено адміністративну будівлю.", "date": "2022-11-3", "timestamp": 1667433600000}, "geometry": {"type": "Point", "coordinates": [32.011812, 46.959077]}}, {"type": "Feature", "properties": {"sheet_name": "Поранені цивільні", "description": "Через удари по населеному пункту Очаківської громади отримала поранення одна людина.", "date": "2022-12-12", "timestamp": 1670803200000}, "geometry": {"type": "Point", "coordinates": [31.543439, 46.629603]}}, {"type": "Feature", "properties": {"sheet_name": "Поранені цивільні", "description": "В Очакові через обстріл зазнали поранень три людини, серед яких 10-річний хлопчик. .", "date": "2022-12-21", "timestamp": 1671580800000}, "geometry": {"type": "Point", "coordinates": [31.544722, 46.619291]}}, {"type": "Feature", "properties": {"sheet_name": "Поранені цивільні", "description": "Через ракетний обстріл Миколаєва постраждало семеро людей.", "date": "2022-12-31", "timestamp": 1672444800000}, "geometry": {"type": "Point", "coordinates": [32.011812, 46.959077]}}, {"type": "Feature", "properties": {"sheet_name": "Житлові будинки", "description": "Через ракетний обстріл Ольшанської громади пошкоджено житлові та господарські будівлі. ", "date": "2022-12-5", "timestamp": 1670198400000}, "geometry": {"type": "Point", "coordinates": [31.789854, 47.16416]}}, {"type": "Feature", "properties": {"sheet_name": "Житлові будинки", "description": "Через артилерійські удари по Очакову пошкоджено житлові будинки, серед них – один багатоповерховий. ", "date": "2022-12-8", "timestamp": 1670457600000}, "geometry": {"type": "Point", "coordinates": [31.544722, 46.619291]}}, {"type": "Feature", "properties": {"sheet_name": "Житлові будинки", "description": "Внаслідок обстрілу одного з сіл Куцурубської громади пошкоджено ожитлові будинки. ", "date": "2022-12-11", "timestamp": 1670716800000}, "geometry": {"type": "Point", "coordinates": [31.634256, 46.659323]}}, {"type": "Feature", "properties": {"sheet_name": "Житлові будинки", "description": "Через удари по населеному пункту Очаківської громади пошкоджено та зруйновано житлові будинки.", "date": "2022-12-12", "timestamp": 1670803200000}, "geometry": {"type": "Point", "coordinates": [31.543439, 46.629603]}}, {"type": "Feature", "properties": {"sheet_name": "Житлові будинки", "description": "В Очакові через обстріл пошкоджено 16 житлових будинків.", "date": "2022-12-21", "timestamp": 1671580800000}, "geometry": {"type": "Point", "coordinates": [31.544722, 46.619291]}}, {"type": "Feature", "properties": {"sheet_name": "Житлові будинки", "description": "В Очакові через обстріл пошкоджено житлові будинки.", "date": "2022-12-22", "timestamp": 1671667200000}, "geometry": {"type": "Point", "coordinates": [31.544722, 46.619291]}}, {"type": "Feature", "properties": {"sheet_name": "Житлові будинки", "description": "Через ракетний обстріл Воскресенської громади пошкоджено житлові будинки.", "date": "2022-12-29", "timestamp": 1672272000000}, "geometry": {"type": "Point", "coordinates": [32.150788, 47.007703]}}, {"type": "Feature", "properties": {"sheet_name": "Житлові будинки", "description": "Через обстріл Куцурубської громади пошкоджено житлові будинки.", "date": "2022-12-30", "timestamp": 1672358400000}, "geometry": {"type": "Point", "coordinates": [31.634256, 46.659323]}}, {"type": "Feature", "properties": {"sheet_name": "Житлові будинки", "description": "Через ракетний обстріл Миколаєва зруйновано два житлові будинки, пошкоджено ще 12 будинків.", "date": "2022-12-31", "timestamp": 1672444800000}, "geometry": {"type": "Point", "coordinates": [32.011812, 46.959077]}}, {"type": "Feature", "properties": {"sheet_name": "Житлові будинки", "description": "Через обстріли Очакова частково зруйновано та пошкоджено житлові будинки, зокрема багатоповерховий.", "date": "2022-12-31", "timestamp": 1672444800000}, "geometry": {"type": "Point", "coordinates": [31.544722, 46.619291]}}, {"type": "Feature", "properties": {"sheet_name": "Навчальні заклади", "description": "Через ракетний обстріл Миколаєва пошкоджено три навчальні заклади.", "date": "2022-12-31", "timestamp": 1672444800000}, "geometry": {"type": "Point", "coordinates": [32.011812, 46.959077]}}, {"type": "Feature", "properties": {"sheet_name": "Підприємства та сг виробництва", "description": "Удари ракетами С-300 по територіях транспортних підприємств у Миколаєві, пошкоджень зазнала техніка. ", "date": "2022-12-7", "timestamp": 1670371200000}, "geometry": {"type": "Point", "coordinates": [32.011812, 46.959077]}}, {"type": "Feature", "properties": {"sheet_name": "Підприємства та сг виробництва", "description": "Внаслідок ракетного обстрілу зруйновано складське приміщення приватного підприємства в Коблівській громаді.", "date": "2022-12-29", "timestamp": 1672272000000}, "geometry": {"type": "Point", "coordinates": [31.216731, 46.629473]}}, {"type": "Feature", "properties": {"sheet_name": "Підприємства та сг виробництва", "description": "Через обстріли Очакова пошкоджено підприємство.", "date": "2022-12-31", "timestamp": 1672444800000}, "geometry": {"type": "Point", "coordinates": [31.544722, 46.619291]}}, {"type": "Feature", "properties": {"sheet_name": "Домогосподарства", "description": "Внаслідок обстрілу одного з сіл Куцурубської громади зруйновано господарське приміщення. ", "date": "2022-12-11", "timestamp": 1670716800000}, "geometry": {"type": "Point", "coordinates": [31.634256, 46.659323]}}, {"type": "Feature", "properties": {"sheet_name": "Домогосподарства", "description": "Через обстріл Куцурубської громади пошкоджено господарські споруди.", "date": "2022-12-30", "timestamp": 1672358400000}, "geometry": {"type": "Point", "coordinates": [31.634256, 46.659323]}}, {"type": "Feature", "properties": {"sheet_name": "Критична інфраструктура", "description": "Через артилерійський удар в Куцурубській громаді пошкоджено об’єкт інфраструктури.", "date": "2022-12-8", "timestamp": 1670457600000}, "geometry": {"type": "Point", "coordinates": [31.634256, 46.659323]}}, {"type": "Feature", "properties": {"sheet_name": "Критична інфраструктура", "description": "Через артилерійські удари по Очаківській громаді пошкоджено об’єкт інфраструктури.", "date": "2022-12-8", "timestamp": 1670457600000}, "geometry": {"type": "Point", "coordinates": [31.544722, 46.619291]}}, {"type": "Feature", "properties": {"sheet_name": "Критична інфраструктура", "description": "Через масовані артилерійські удари в Очаківській громаді зруйновано та пошкоджено об’єкти інфраструктури. ", "date": "2022-12-14", "timestamp": 1670976000000}, "geometry": {"type": "Point", "coordinates": [31.543439, 46.629603]}}, {"type": "Feature", "properties": {"sheet_name": "Критична інфраструктура", "description": "Через артобстріл в Чорноморській громаді пошкоджено об’єкт інфраструктури. ", "date": "2022-12-15", "timestamp": 1671062400000}, "geometry": {"type": "Point", "coordinates": [31.520882, 46.652514]}}, {"type": "Feature", "properties": {"sheet_name": "Критична інфраструктура", "description": "Через ракетний обстріл Воскресенської громади пошкоджено об'єкт інфраструктури.", "date": "2022-12-29", "timestamp": 1672272000000}, "geometry": {"type": "Point", "coordinates": [32.150788, 47.007703]}}, {"type": "Feature", "properties": {"sheet_name": "Адміністративні будівлі", "description": "Через ракетний обстріл Ольшанської громади пошкоджено адміністративну будівлю. ", "date": "2022-12-5", "timestamp": 1670198400000}, "geometry": {"type": "Point", "coordinates": [31.789854, 47.16416]}}, {"type": "Feature", "properties": {"sheet_name": "Цивільна інфраструктура", "description": "Внаслідок обстрілу одного з сіл Куцурубської громади пошкоджено об’єкт соціальної інфраструктури. ", "date": "2022-12-11", "timestamp": 1670716800000}, "geometry": {"type": "Point", "coordinates": [31.634256, 46.659323]}}, {"type": "Feature", "properties": {"sheet_name": "Цивільна інфраструктура", "description": "Через ракетний обстріл Миколаєва сталась пожежа на території гаражного кооперативу, пошкоджено близько 20 гаражів.", "date": "2022-12-31", "timestamp": 1672444800000}, "geometry": {"type": "Point", "coordinates": [32.011812, 46.959077]}}, {"type": "Feature", "properties": {"sheet_name": "Загиблі цивільні", "description": "Внаслідок ворожого обстрілу с. Шевченко дві людини загинуло, частково зруйнувано житловий будинок", "date": "2022-10-2", "timestamp": 1664668800000}, "geometry": {"type": "Point", "coordinates": [32.196443, 46.86215]}}, {"type": "Feature", "properties": {"sheet_name": "Загиблі цивільні", "description": "Були обстріли села Широківської громади. Внаслідок чого загинула одна жінка.", "date": "2022-10-10", "timestamp": 1665360000000}, "geometry": {"type": "Point", "coordinates": [32.621648, 47.123866]}}, {"type": "Feature", "properties": {"sheet_name": "Загиблі цивільні", "description": "Ворог масовано обстріляв Миколаїв вісьмома ракетами типу С-300. Вісім людей загинули", "date": "2022-10-13", "timestamp": 1665619200000}, "geometry": {"type": "Point", "coordinates": [32.011807, 46.959077]}}, {"type": "Feature", "properties": {"sheet_name": "Загиблі цивільні", "description": "Миколаїв зазнав масованого ракетного обстрілу зенітно-ракетними системи С-300. З-під завалів рятувальники дістали тіло чоловіка.", "date": "2022-10-18", "timestamp": 1666051200000}, "geometry": {"type": "Point", "coordinates": [32.011807, 46.959077]}}, {"type": "Feature", "properties": {"sheet_name": "Загиблі цивільні", "description": "Внаслідок ворожих обстрілів одного з населених пунктів Галицинівської громади загинула одна людина", "date": "2022-10-22", "timestamp": 1666396800000}, "geometry": {"type": "Point", "coordinates": [31.954482, 46.80328]}}, {"type": "Feature", "properties": {"sheet_name": "Поранені цивільні", "description": "Внаслідок обстрілу Миколаєва поранення отримали п'ятеро людей, серед них тримісячна дитина", "date": "2022-10-1", "timestamp": 1664582400000}, "geometry": {"type": "Point", "coordinates": [32.011807, 46.959077]}}, {"type": "Feature", "properties": {"sheet_name": "Поранені цивільні", "description": "Миколаїв зазнав ракетного обстрілу зенітно-ракетними системи С-300. Всього внаслідок обстрілу поранення отримало сім осіб.", "date": "2022-10-2", "timestamp": 1664668800000}, "geometry": {"type": "Point", "coordinates": [32.011807, 46.959077]}}, {"type": "Feature", "properties": {"sheet_name": "Поранені цивільні", "description": "Внаслідок ворожих обстрілів Шевченківської громади поранення отримали дві людини.", "date": "2022-10-6", "timestamp": 1665014400000}, "geometry": {"type": "Point", "coordinates": [32.271986, 46.887668]}}, {"type": "Feature", "properties": {"sheet_name": "Поранені цивільні", "description": "Ворог обстрілював Куцурубську громаду. Внаслідок ворожих обстрілів отримала поранення дитина.", "date": "2022-10-9", "timestamp": 1665273600000}, "geometry": {"type": "Point", "coordinates": [31.634256, 46.659323]}}, {"type": "Feature", "properties": {"sheet_name": "Поранені цивільні", "description": "Ворог масовано обстріляв Миколаїв вісьмома ракетами типу С-300. Одна людина отримала поранення.", "date": "2022-10-13", "timestamp": 1665619200000}, "geometry": {"type": "Point", "coordinates": [32.011807, 46.959077]}}, {"type": "Feature", "properties": {"sheet_name": "Поранені цивільні", "description": "Під час ворожих обстрілів Воскресенської громади зазнала поранень одна людина.", "date": "2022-10-15", "timestamp": 1665792000000}, "geometry": {"type": "Point", "coordinates": [32.179613, 47.022105]}}, {"type": "Feature", "properties": {"sheet_name": "Поранені цивільні", "description": "Внаслідок ворожих обстрілів одного з населених пунктів Галицинівської громади одна зазнала осколкових поранень", "date": "2022-10-22", "timestamp": 1666396800000}, "geometry": {"type": "Point", "coordinates": [31.954482, 46.80328]}}, {"type": "Feature", "properties": {"sheet_name": "Поранені цивільні", "description": "Миколаїв зазнав ворожого обстрілу ракетами типу С-300. Три людини отримали поранення. Також ще одну людину госпіталізовано", "date": "2022-10-23", "timestamp": 1666483200000}, "geometry": {"type": "Point", "coordinates": [32.011807, 46.959077]}}, {"type": "Feature", "properties": {"sheet_name": "Поранені цивільні", "description": "Ворог завдав ракетного обстрілу по Галицинівській громаді. Внаслідок чого поранення отримали дві людини", "date": "2022-10-23", "timestamp": 1666483200000}, "geometry": {"type": "Point", "coordinates": [31.954482, 46.80328]}}, {"type": "Feature", "properties": {"sheet_name": "Поранені цивільні", "description": "Миколаїв зазнав обстрілів із зенітно-ракетного комплексу С-300. Одна людина отримала легкі поранення", "date": "2022-10-28", "timestamp": 1666915200000}, "geometry": {"type": "Point", "coordinates": [32.011807, 46.959077]}}, {"type": "Feature", "properties": {"sheet_name": "Поранені цивільні", "description": "Ворог обстріляв населений пункт Галицинівської громади. Внаслідок чого чотири людини отримали поранення.", "date": "2022-10-28", "timestamp": 1666915200000}, "geometry": {"type": "Point", "coordinates": [31.954482, 46.80328]}}, {"type": "Feature", "properties": {"sheet_name": "Житлові будинки", "description": "Миколаїв було масовано обстріляно ракетами. Є числені руйнування житлових будинків. Так, одна з ракет влучила у житловий п’ятиповерховий будинок в центрі міста. Повністю зруйновані квартири на 5 та 4 поверхах, інші – суттєво пошкоджені. У навколишніх будинках повилітали вікна. В іншому районі міста численних пошкоджень зазнали приватні та двоповерховий житловий будинок", "date": "2022-10-1", "timestamp": 1664582400000}, "geometry": {"type": "Point", "coordinates": [32.011807, 46.959077]}}, {"type": "Feature", "properties": {"sheet_name": "Житлові будинки", "description": "Миколаїв зазнав ракетного обстрілу зенітно-ракетними системи С-300. Влучання зафіксовані біля двох чотирьохповерхових будинків. Внаслідок чого будинки зазнали пошкоджень, в одному з них виникла пожежа", "date": "2022-10-2", "timestamp": 1664668800000}, "geometry": {"type": "Point", "coordinates": [32.011807, 46.959077]}}, {"type": "Feature", "properties": {"sheet_name": "Житлові будинки", "description": "Внаслідок ворожого обстрілу с. Шевченко частково зруйнувано житловий будинок", "date": "2022-10-2", "timestamp": 1664668800000}, "geometry": {"type": "Point", "coordinates": [32.196443, 46.86215]}}, {"type": "Feature", "properties": {"sheet_name": "Житлові будинки", "description": "Були обстріли Березнегуватської громади. Внаслідок обстрілів пошкоджено п'ять приватних будинків", "date": "2022-10-1", "timestamp": 1664582400000}, "geometry": {"type": "Point", "coordinates": [32.829574, 47.198526]}}, {"type": "Feature", "properties": {"sheet_name": "Житлові будинки", "description": "Зафіксовано обстріли с. Широке, внаслідок чого зруйновано два житлові будинки та чотири будинки пошкоджено", "date": "2022-10-1", "timestamp": 1664582400000}, "geometry": {"type": "Point", "coordinates": [32.674144, 47.098634]}}, {"type": "Feature", "properties": {"sheet_name": "Житлові будинки", "description": "Ворог атакував місто, попередньо безпілотними дронами-камікадзе. В результаті чого виникла пожежа даху двоповерхової будівлі в одному з районів Миколаєва", "date": "2022-10-7", "timestamp": 1665100800000}, "geometry": {"type": "Point", "coordinates": [32.011807, 46.959077]}}, {"type": "Feature", "properties": {"sheet_name": "Житлові будинки", "description": "Внаслідок ворожих обстрілів пошкоджено житлові будинки.", "date": "2022-10-6", "timestamp": 1665014400000}, "geometry": {"type": "Point", "coordinates": [32.435539, 46.985922]}}, {"type": "Feature", "properties": {"sheet_name": "Житлові будинки", "description": "В результаті обстрілу Галицинівської громади пошкоджено житловий будинок", "date": "2022-10-7", "timestamp": 1665100800000}, "geometry": {"type": "Point", "coordinates": [31.954482, 46.80328]}}, {"type": "Feature", "properties": {"sheet_name": "Житлові будинки", "description": "Були обстріли Баштанської громади. Внаслідок чого руйнувань зазнали три житлових будинки", "date": "2022-10-8", "timestamp": 1665187200000}, "geometry": {"type": "Point", "coordinates": [32.51341, 47.3838]}}, {"type": "Feature", "properties": {"sheet_name": "Житлові будинки", "description": "Миколаєву випущено 10 ракет С-300. Пошкоджено житловий будинок.", "date": "2022-10-10", "timestamp": 1665360000000}, "geometry": {"type": "Point", "coordinates": [32.011807, 46.959077]}}, {"type": "Feature", "properties": {"sheet_name": "Житлові будинки", "description": "Ворог обстрілював Куцурубську громаду. Пошкоджено вісім житлових будинків", "date": "2022-10-9", "timestamp": 1665273600000}, "geometry": {"type": "Point", "coordinates": [31.634256, 46.659323]}}, {"type": "Feature", "properties": {"sheet_name": "Житлові будинки", "description": "Були обстріли села Широківської громади. Внаслідок чого три житлові будинки зазнали пошкоджень", "date": "2022-10-10", "timestamp": 1665360000000}, "geometry": {"type": "Point", "coordinates": [32.621648, 47.123866]}}, {"type": "Feature", "properties": {"sheet_name": "Житлові будинки", "description": "Ворог наносив артилерійські обстріли по Куцурубській громаді. Внаслідок чого в одному з населених пунктів зруйновано понад 15 житлових будинків.", "date": "2022-10-12", "timestamp": 1665532800000}, "geometry": {"type": "Point", "coordinates": [31.634256, 46.659323]}}, {"type": "Feature", "properties": {"sheet_name": "Житлові будинки", "description": "Ворог масовано обстріляв Миколаїв вісьмома ракетами типу С-300. Влучання у п’ятиповерховий житловий будинок.", "date": "2022-10-13", "timestamp": 1665619200000}, "geometry": {"type": "Point", "coordinates": [32.011807, 46.959077]}}, {"type": "Feature", "properties": {"sheet_name": "Житлові будинки", "description": "Обстрілів зазнала Березгуватська громада. Внаслідок чого в одному із сіл пошкоджено 11 житлових будинків", "date": "2022-10-12", "timestamp": 1665532800000}, "geometry": {"type": "Point", "coordinates": [32.829574, 47.198526]}}, {"type": "Feature", "properties": {"sheet_name": "Житлові будинки", "description": "Під час ворожих обстрілів Воскресенської громади. Пошкоджено житловий будинок", "date": "2022-10-15", "timestamp": 1665792000000}, "geometry": {"type": "Point", "coordinates": [32.179613, 47.022105]}}, {"type": "Feature", "properties": {"sheet_name": "Житлові будинки", "description": "Обстрілів зазнала Широківська громада. Внаслідок чого зафіксовано значні пошкодження трьох будинків", "date": "2022-10-15", "timestamp": 1665792000000}, "geometry": {"type": "Point", "coordinates": [32.621648, 47.123866]}}, {"type": "Feature", "properties": {"sheet_name": "Житлові будинки", "description": "Миколаїв зазнав масованого ракетного обстрілу зенітно-ракетними системи С-300. Внаслідок обстрілу сталося руйнування двоповерхового житлового будинку. Також у Центральному районі міста пошкоджень зазнали багатоповерхові житлові будинки.", "date": "2022-10-18", "timestamp": 1666051200000}, "geometry": {"type": "Point", "coordinates": [32.011807, 46.959077]}}, {"type": "Feature", "properties": {"sheet_name": "Житлові будинки", "description": "Обстрілів зазнав населений пункт Широківської громади. Внаслідок чого пошкоджень зазнали чотири житлові будинки", "date": "2022-10-18", "timestamp": 1666051200000}, "geometry": {"type": "Point", "coordinates": [32.621648, 47.123866]}}, {"type": "Feature", "properties": {"sheet_name": "Житлові будинки", "description": "Були обстріли Широківської громади, внаслідок чого один будинок зруйновано та ще один пошкоджено", "date": "2022-10-19", "timestamp": 1666137600000}, "geometry": {"type": "Point", "coordinates": [32.621648, 47.123866]}}, {"type": "Feature", "properties": {"sheet_name": "Житлові будинки", "description": "Внаслідок ворожих обстрілів одного з населених пунктів Галицинівської громади виникла пожежа житлового будинку", "date": "2022-10-22", "timestamp": 1666396800000}, "geometry": {"type": "Point", "coordinates": [31.954482, 46.80328]}}, {"type": "Feature", "properties": {"sheet_name": "Житлові будинки", "description": "Миколаїв зазнав ворожого обстрілу ракетами типу С-300. Одна з ракет влучила у п’ятиповерховий житловий будинок, повністю зруйнувавши квартиру на п’ятому поверсі. Також пошкоджень зазнав сусідній 10-поверховий житловий будинок", "date": "2022-10-23", "timestamp": 1666483200000}, "geometry": {"type": "Point", "coordinates": [32.011807, 46.959077]}}, {"type": "Feature", "properties": {"sheet_name": "Житлові будинки", "description": "Зафіксовано обстріли Баштанської громади, внаслідок чого пошкоджено три приватних будинки", "date": "2022-10-24", "timestamp": 1666569600000}, "geometry": {"type": "Point", "coordinates": [32.51341, 47.3838]}}, {"type": "Feature", "properties": {"sheet_name": "Житлові будинки", "description": "Обстрілів зазнала Широківська громада, внаслідок чого один будинок зруйновано та три пошкоджено", "date": "2022-10-23", "timestamp": 1666483200000}, "geometry": {"type": "Point", "coordinates": [32.621648, 47.123866]}}, {"type": "Feature", "properties": {"sheet_name": "Житлові будинки", "description": "Ворожих ударів зазнав населений пункт Широківської громади. Внаслідок обстрілу пошкоджено житловий будинок (вибито вікна, уламками посічено дах)", "date": "2022-10-24", "timestamp": 1666569600000}, "geometry": {"type": "Point", "coordinates": [32.621648, 47.123866]}}, {"type": "Feature", "properties": {"sheet_name": "Житлові будинки", "description": "Обстрілів зазнав населений пункт Широківської громади. Внаслідок чого зруйновано два житлові будинки, ще три – пошкоджено", "date": "2022-10-28", "timestamp": 1666915200000}, "geometry": {"type": "Point", "coordinates": [32.621648, 47.123866]}}, {"type": "Feature", "properties": {"sheet_name": "Житлові будинки", "description": "Внаслідок обстрілів Галицинівської громади пошкоджено три житлових будинки", "date": "2022-10-29", "timestamp": 1667001600000}, "geometry": {"type": "Point", "coordinates": [31.954482, 46.80328]}}, {"type": "Feature", "properties": {"sheet_name": "Житлові будинки", "description": "Внаслідок обстрілів Очаківської громади пошкоджено житлові будинки", "date": "2022-10-30", "timestamp": 1667088000000}, "geometry": {"type": "Point", "coordinates": [31.533954, 46.6378]}}, {"type": "Feature", "properties": {"sheet_name": "Житлові будинки", "description": "Обстрілів зазнала Широківська громада. Внаслідок чого зруйновано один житловий будинок, два будинки зазнали пошкоджень", "date": "2022-10-30", "timestamp": 1667088000000}, "geometry": {"type": "Point", "coordinates": [32.621648, 47.123866]}}, {"type": "Feature", "properties": {"sheet_name": "Житлові будинки", "description": "Обстрілів зазнав населений пункт Широківської громади. Внаслідок чого пошкоджено один житловий будинок", "date": "2022-10-31", "timestamp": 1667174400000}, "geometry": {"type": "Point", "coordinates": [32.621648, 47.123866]}}, {"type": "Feature", "properties": {"sheet_name": "Житлові будинки", "description": "Обстрілів зазнала Широківська громада. Внаслідок чого зруйновано один будинок, пошкоджено один будинок", "date": "2022-10-31", "timestamp": 1667174400000}, "geometry": {"type": "Point", "coordinates": [32.621648, 47.123866]}}, {"type": "Feature", "properties": {"sheet_name": "Навчальні заклади", "description": "Були обстріли Баштанської громади. Внаслідок чого пошкоджено дитячий садок та школу", "date": "2022-10-8", "timestamp": 1665187200000}, "geometry": {"type": "Point", "coordinates": [32.51341, 47.3838]}}, {"type": "Feature", "properties": {"sheet_name": "Навчальні заклади", "description": "Обстрілів зазнала Широківська громада. Влучання у вже зруйнований дитячий садочок", "date": "2022-10-9", "timestamp": 1665273600000}, "geometry": {"type": "Point", "coordinates": [32.621648, 47.123866]}}, {"type": "Feature", "properties": {"sheet_name": "Навчальні заклади", "description": "Миколаєву випущено 10 ракет С-300. Зафіксовано влучання по території університету", "date": "2022-10-10", "timestamp": 1665360000000}, "geometry": {"type": "Point", "coordinates": [32.011807, 46.959077]}}, {"type": "Feature", "properties": {"sheet_name": "Навчальні заклади", "description": "Ворог атакував Миколаїв ударними безпілотниками-камікадзе «Shahed-136». Чотири дрони поцілили в один з навчальних закладів міста", "date": "2022-10-20", "timestamp": 1666224000000}, "geometry": {"type": "Point", "coordinates": [32.011807, 46.959077]}}, {"type": "Feature", "properties": {"sheet_name": "Навчальні заклади", "description": "Зафіксовано обстріли Баштанської громади, внаслідок чого пошкоджено навчальний заклад", "date": "2022-10-24", "timestamp": 1666569600000}, "geometry": {"type": "Point", "coordinates": [32.51341, 47.3838]}}, {"type": "Feature", "properties": {"sheet_name": "Навчальні заклади", "description": "Ворожих ударів зазнав населений пункт Широківської громади. Влучання було у дитячий садок", "date": "2022-10-24", "timestamp": 1666569600000}, "geometry": {"type": "Point", "coordinates": [32.621648, 47.123866]}}, {"type": "Feature", "properties": {"sheet_name": "Сільськогосподарські та лісові ", "description": "Були обстріли Широківської громади, влучання по сільгоспугіддях", "date": "2022-10-5", "timestamp": 1664928000000}, "geometry": {"type": "Point", "coordinates": [32.621648, 47.123866]}}, {"type": "Feature", "properties": {"sheet_name": "Сільськогосподарські та лісові ", "description": "Були обстріли села Широківської громади. Влучання у сільськогосподарські угіддя", "date": "2022-10-11", "timestamp": 1665446400000}, "geometry": {"type": "Point", "coordinates": [32.621648, 47.123866]}}, {"type": "Feature", "properties": {"sheet_name": "Сільськогосподарські та лісові ", "description": "Обстрілів зазнала Широківська громада. Влучання зафіксовані по сільськогосподарським угіддям", "date": "2022-10-12", "timestamp": 1665532800000}, "geometry": {"type": "Point", "coordinates": [32.621648, 47.123866]}}, {"type": "Feature", "properties": {"sheet_name": "Сільськогосподарські та лісові ", "description": "Були обстріли за межами сіл Широківської громади. Влучання зафіксовані по сільськогосподарським угіддям", "date": "2022-10-18", "timestamp": 1666051200000}, "geometry": {"type": "Point", "coordinates": [32.621648, 47.123866]}}, {"type": "Feature", "properties": {"sheet_name": "Підприємства та сг виробництва", "description": "внаслідок обстрілу Миколаєва пошкоджено складське приміщення та будівлі на території автотранспортного підприємства", "date": "2022-10-1", "timestamp": 1664582400000}, "geometry": {"type": "Point", "coordinates": [32.011807, 46.959077]}}, {"type": "Feature", "properties": {"sheet_name": "Підприємства та сг виробництва", "description": "Ворог наносив удари зі 120 мм міномета та реактивної системи залпового вогню «Град» по портовій акваторії та інфраструктурі", "date": "2022-10-1", "timestamp": 1664582400000}, "geometry": {"type": "Point", "coordinates": [31.544722, 46.619291]}}, {"type": "Feature", "properties": {"sheet_name": "Підприємства та сг виробництва", "description": "Під час обстрілів смт Березнегувате було пошкоджено об'єкти торгівлі", "date": "2022-10-4", "timestamp": 1664841600000}, "geometry": {"type": "Point", "coordinates": [32.846669, 47.307953]}}, {"type": "Feature", "properties": {"sheet_name": "Підприємства та сг виробництва", "description": "Обстріляно Широківську громаду. Влучання по сільгосппідприємству", "date": "2022-10-6", "timestamp": 1665014400000}, "geometry": {"type": "Point", "coordinates": [32.621648, 47.123866]}}, {"type": "Feature", "properties": {"sheet_name": "Підприємства та сг виробництва", "description": "Обстріли зафіксовано в Широківській громаді. Значних руйнувань зазнало сільгосппідприємство, склади", "date": "2022-10-8", "timestamp": 1665187200000}, "geometry": {"type": "Point", "coordinates": [32.621648, 47.123866]}}, {"type": "Feature", "properties": {"sheet_name": "Підприємства та сг виробництва", "description": "Обстрілів зазнала Широківська громада. Влучання у сільськогосподарське підприємство", "date": "2022-10-9", "timestamp": 1665273600000}, "geometry": {"type": "Point", "coordinates": [32.621648, 47.123866]}}, {"type": "Feature", "properties": {"sheet_name": "Підприємства та сг виробництва", "description": "Миколаєву випущено 10 ракет С-300. Зафіксовано влучання по складським приміщенням.", "date": "2022-10-10", "timestamp": 1665360000000}, "geometry": {"type": "Point", "coordinates": [32.011807, 46.959077]}}, {"type": "Feature", "properties": {"sheet_name": "Підприємства та сг виробництва", "description": "Ворог масовано обстріляв Миколаїв вісьмома ракетами типу С-300. Зруйновано будівлю човникової станці", "date": "2022-10-13", "timestamp": 1665619200000}, "geometry": {"type": "Point", "coordinates": [32.011807, 46.959077]}}, {"type": "Feature", "properties": {"sheet_name": "Підприємства та сг виробництва", "description": "Під час обстрілів одного з населених пунктів Березнегуватської громади було пошкоджено об'єкти торгівлі", "date": "2022-10-14", "timestamp": 1665705600000}, "geometry": {"type": "Point", "coordinates": [32.829574, 47.198526]}}, {"type": "Feature", "properties": {"sheet_name": "Підприємства та сг виробництва", "description": "Обстрілів зазнала Широківська громада. Внаслідок чого зафіксовано значні пошкодження господарських споруд", "date": "2022-10-15", "timestamp": 1665792000000}, "geometry": {"type": "Point", "coordinates": [32.621648, 47.123866]}}, {"type": "Feature", "properties": {"sheet_name": "Підприємства та сг виробництва", "description": "Ворог атакував місто дронами-камікадзе «Shahed-136». Три дрони влучили в об’єкти промислової інфраструктури та фармацевтичний склад", "date": "2022-10-16", "timestamp": 1665878400000}, "geometry": {"type": "Point", "coordinates": [32.011807, 46.959077]}}, {"type": "Feature", "properties": {"sheet_name": "Підприємства та сг виробництва", "description": "Були обстріли між двома населеними пунктами Березнегуватської громади. Влучання по сільськогосподарському підприємству", "date": "2022-10-17", "timestamp": 1665964800000}, "geometry": {"type": "Point", "coordinates": [32.829574, 47.198526]}}, {"type": "Feature", "properties": {"sheet_name": "Підприємства та сг виробництва", "description": "Миколаїв зазнав масованого ракетного обстрілу зенітно-ракетними системи С-300. Пошкоджень зазнали торгові павільйони", "date": "2022-10-18", "timestamp": 1666051200000}, "geometry": {"type": "Point", "coordinates": [32.011807, 46.959077]}}, {"type": "Feature", "properties": {"sheet_name": "Підприємства та сг виробництва", "description": "Під обстріл потрапив населений пункт Широківської громади. Зафіксовано влучання по сільгосппідприємству", "date": "2022-10-17", "timestamp": 1665964800000}, "geometry": {"type": "Point", "coordinates": [32.621648, 47.123866]}}, {"type": "Feature", "properties": {"sheet_name": "Підприємства та сг виробництва", "description": "Ворог завдавав ударів з міномету в напрямку Очаківського порту", "date": "2022-10-20", "timestamp": 1666224000000}, "geometry": {"type": "Point", "coordinates": [31.544722, 46.619291]}}, {"type": "Feature", "properties": {"sheet_name": "Підприємства та сг виробництва", "description": "Внаслідок ворожих обстрілів Мішково-Погорілівської громади пошкоджено споруду сільгосппідприємства", "date": "2022-10-29", "timestamp": 1667001600000}, "geometry": {"type": "Point", "coordinates": [32.084684, 47.006358]}}, {"type": "Feature", "properties": {"sheet_name": "Підприємства та сг виробництва", "description": "Ворог завдавав удари по Первомайській громаді. Влучання зафіксовано в об’єкт промислової інфраструктури", "date": "2022-10-31", "timestamp": 1667174400000}, "geometry": {"type": "Point", "coordinates": [32.435539, 46.985922]}}, {"type": "Feature", "properties": {"sheet_name": "Критична інфраструктура", "description": "Ворог завдав ракетного удару по Вознесенському районі. Пошкоджено об'єкт інфраструктури", "date": "2022-10-4", "timestamp": 1664841600000}, "geometry": {"type": "Point", "coordinates": [31.516687, 47.685277]}}, {"type": "Feature", "properties": {"sheet_name": "Критична інфраструктура", "description": "Миколаєву випущено 10 ракет С-300. Пошкоджено лінію електромережі.", "date": "2022-10-10", "timestamp": 1665360000000}, "geometry": {"type": "Point", "coordinates": [32.011807, 46.959077]}}, {"type": "Feature", "properties": {"sheet_name": "Критична інфраструктура", "description": "Ворог наносив артилерійські обстріли по Куцурубській громаді. Внаслідок чого зникло світло, вода та газопостачання", "date": "2022-10-12", "timestamp": 1665532800000}, "geometry": {"type": "Point", "coordinates": [31.634256, 46.659323]}}, {"type": "Feature", "properties": {"sheet_name": "Критична інфраструктура", "description": "Миколаїв зазнав масованого ракетного обстрілу зенітно-ракетними системи С-300. Після обстрілів місто залишилося без світла.", "date": "2022-10-18", "timestamp": 1666051200000}, "geometry": {"type": "Point", "coordinates": [32.011807, 46.959077]}}, {"type": "Feature", "properties": {"sheet_name": "Критична інфраструктура", "description": "Внаслідок ворожого удару по території Ольшанської громади пошкоджено критичну інфраструктуру", "date": "2022-10-18", "timestamp": 1666051200000}, "geometry": {"type": "Point", "coordinates": [31.788057, 47.161138]}}, {"type": "Feature", "properties": {"sheet_name": "Критична інфраструктура", "description": "Внаслідок ворожого ракетного обстрілу Мішково-Погорілівської громади пошкоджено інфраструктуру", "date": "2022-10-20", "timestamp": 1666224000000}, "geometry": {"type": "Point", "coordinates": [32.084684, 47.006358]}}, {"type": "Feature", "properties": {"sheet_name": "Критична інфраструктура", "description": "Внаслідок ворожих обстрілів одного з населених пунктів Галицинівської громади пошкоджено електромережу, газопровід", "date": "2022-10-22", "timestamp": 1666396800000}, "geometry": {"type": "Point", "coordinates": [31.954482, 46.80328]}}, {"type": "Feature", "properties": {"sheet_name": "Критична інфраструктура", "description": "Внаслідок обстрілів Ольшанської громади пошкоджено об’єкт критичної інфраструктури", "date": "2022-10-23", "timestamp": 1666483200000}, "geometry": {"type": "Point", "coordinates": [31.788057, 47.161138]}}, {"type": "Feature", "properties": {"sheet_name": "Критична інфраструктура", "description": "По Шевченківській громаді завдано удар трьома дронами-камікадзе «Shahed-136». Внаслідок чого пошкоджено об’єкт інфраструктури", "date": "2022-10-23", "timestamp": 1666483200000}, "geometry": {"type": "Point", "coordinates": [32.271986, 46.887668]}}, {"type": "Feature", "properties": {"sheet_name": "Критична інфраструктура", "description": "Внаслідок ракетного обстрілу Синюхинобрідської громади пошкоджено об’єкт критичної інфраструктури", "date": "2022-10-22", "timestamp": 1666396800000}, "geometry": {"type": "Point", "coordinates": [30.862553, 48.140867]}}, {"type": "Feature", "properties": {"sheet_name": "Критична інфраструктура", "description": "Зафіксовано обстріли Баштанської громади, внаслідок чого пошкоджено лінію електропередач", "date": "2022-10-24", "timestamp": 1666569600000}, "geometry": {"type": "Point", "coordinates": [32.51341, 47.3838]}}, {"type": "Feature", "properties": {"sheet_name": "Критична інфраструктура", "description": "Ворог завдавав удари по Первомайській громаді. Влучання були по двох інфраструктурних об'єктах", "date": "2022-10-25", "timestamp": 1666656000000}, "geometry": {"type": "Point", "coordinates": [32.435539, 46.985922]}}, {"type": "Feature", "properties": {"sheet_name": "Критична інфраструктура", "description": "Добу під ворожими обстрілами перебувала Шевченківська громада, обстрілів зазнали п’ять населених пунктів громади. Внаслідок артилерійських ударів пошкоджено інфраструктуру", "date": "2022-10-26", "timestamp": 1666742400000}, "geometry": {"type": "Point", "coordinates": [32.271986, 46.887668]}}, {"type": "Feature", "properties": {"sheet_name": "Критична інфраструктура", "description": "Ворог обстріляв населений пункт Галицинівської громади. Також пошкоджено лінію електропередач", "date": "2022-10-28", "timestamp": 1666915200000}, "geometry": {"type": "Point", "coordinates": [31.954482, 46.80328]}}, {"type": "Feature", "properties": {"sheet_name": "Критична інфраструктура", "description": "Обстрілів зазнала Широківська громада. Внаслідок чого пошкоджено лінію електропередач", "date": "2022-10-31", "timestamp": 1667174400000}, "geometry": {"type": "Point", "coordinates": [32.621648, 47.123866]}}, {"type": "Feature", "properties": {"sheet_name": "Медичні заклади", "description": "Миколаїв зазнав ракетного обстрілу зенітно-ракетними системи С-300. Зафіксовано влучання біля території лікарні", "date": "2022-10-2", "timestamp": 1664668800000}, "geometry": {"type": "Point", "coordinates": [32.011807, 46.959077]}}, {"type": "Feature", "properties": {"sheet_name": "Адміністративні будівлі", "description": "Зафіксовано обстріли с. Широке, внаслідок чого влучання були в адмінбудівлю", "date": "2022-10-1", "timestamp": 1664582400000}, "geometry": {"type": "Point", "coordinates": [32.674144, 47.098634]}}, {"type": "Feature", "properties": {"sheet_name": "Адміністративні будівлі", "description": "Під час обстрілів смт Березнегувате було пошкоджено адміністративні будівлі", "date": "2022-10-4", "timestamp": 1664841600000}, "geometry": {"type": "Point", "coordinates": [32.846669, 47.307953]}}, {"type": "Feature", "properties": {"sheet_name": "Адміністративні будівлі", "description": "Були обстріли Баштанської громади. Внаслідок чого пошкоджено адмінбудівлю.", "date": "2022-10-8", "timestamp": 1665187200000}, "geometry": {"type": "Point", "coordinates": [32.51341, 47.3838]}}, {"type": "Feature", "properties": {"sheet_name": "Адміністративні будівлі", "description": "Під час обстрілів одного з населених пунктів Березнегуватської громади було пошкоджено адміністративні будівлі", "date": "2022-10-14", "timestamp": 1665705600000}, "geometry": {"type": "Point", "coordinates": [32.829574, 47.198526]}}, {"type": "Feature", "properties": {"sheet_name": "Адміністративні будівлі", "description": "Під час ворожих обстрілів Воскресенської громади. Пошкоджено адміністративну будівлю залізничної станції", "date": "2022-10-15", "timestamp": 1665792000000}, "geometry": {"type": "Point", "coordinates": [32.179613, 47.022105]}}, {"type": "Feature", "properties": {"sheet_name": "Адміністративні будівлі", "description": "Миколаїв зазнав обстрілів із зенітно-ракетного комплексу С-300. Внаслідок ракетного удару зруйновано трьохповерхову адміністративну будівлю", "date": "2022-10-28", "timestamp": 1666915200000}, "geometry": {"type": "Point", "coordinates": [32.011807, 46.959077]}}, {"type": "Feature", "properties": {"sheet_name": "Цивільна інфраструктура", "description": "Ворог завдавав ударів з РСЗВ по смт Первомайське. Влучання по об’єкту цивільної інфраструктури", "date": "2022-10-2", "timestamp": 1664668800000}, "geometry": {"type": "Point", "coordinates": [32.438662, 47.04128]}}, {"type": "Feature", "properties": {"sheet_name": "Цивільна інфраструктура", "description": "Внаслідок ворожих обстрілів Шевченківської громади пошкоджено об’єкт цивільної інфраструктури", "date": "2022-10-6", "timestamp": 1665014400000}, "geometry": {"type": "Point", "coordinates": [32.271986, 46.887668]}}, {"type": "Feature", "properties": {"sheet_name": "Цивільна інфраструктура", "description": "Внаслідок ворожих обстрілів пошкоджено об’єкт цивільної інфраструктури.", "date": "2022-10-6", "timestamp": 1665014400000}, "geometry": {"type": "Point", "coordinates": [32.435539, 46.985922]}}, {"type": "Feature", "properties": {"sheet_name": "Цивільна інфраструктура", "description": "Було обстріляно Широківську громаду. Влучання були в стадіон", "date": "2022-10-7", "timestamp": 1665100800000}, "geometry": {"type": "Point", "coordinates": [32.621648, 47.123866]}}, {"type": "Feature", "properties": {"sheet_name": "Цивільна інфраструктура", "description": "Були обстріли Баштанської громади. Внаслідок чого пошкоджено приміщення амбулаторії.", "date": "2022-10-8", "timestamp": 1665187200000}, "geometry": {"type": "Point", "coordinates": [32.51341, 47.3838]}}, {"type": "Feature", "properties": {"sheet_name": "Цивільна інфраструктура", "description": "Ворог неодноразово завдавав ударів РСЗВ по Первомайській громаді. Влучання були по об’єкту цивільної інфраструктури", "date": "2022-10-11", "timestamp": 1665446400000}, "geometry": {"type": "Point", "coordinates": [32.435539, 46.985922]}}, {"type": "Feature", "properties": {"sheet_name": "Цивільна інфраструктура", "description": "Внаслідок артобстрілу населеного пункту Первомайської громади пошкоджено об’єкт соціальної інфраструктури", "date": "2022-10-16", "timestamp": 1665878400000}, "geometry": {"type": "Point", "coordinates": [32.435539, 46.985922]}}, {"type": "Feature", "properties": {"sheet_name": "Цивільна інфраструктура", "description": "Миколаїв зазнав масованого ракетного обстрілу зенітно-ракетними системи С-300. Пошкоджень зазнав сквер.", "date": "2022-10-18", "timestamp": 1666051200000}, "geometry": {"type": "Point", "coordinates": [32.011807, 46.959077]}}, {"type": "Feature", "properties": {"sheet_name": "Цивільна інфраструктура", "description": "Обстрілів зазнав населений пункт Широківської громади. Внаслідок чого пошкоджень зазнали будинок культури та дитячий майданчик", "date": "2022-10-18", "timestamp": 1666051200000}, "geometry": {"type": "Point", "coordinates": [32.621648, 47.123866]}}, {"type": "Feature", "properties": {"sheet_name": "Цивільна інфраструктура", "description": "Миколаїв зазнав ворожого обстрілу ракетами типу С-300. Пошкоджено теплотрасу, дитячий майданчик", "date": "2022-10-23", "timestamp": 1666483200000}, "geometry": {"type": "Point", "coordinates": [32.011807, 46.959077]}}, {"type": "Feature", "properties": {"sheet_name": "Цивільна інфраструктура", "description": "Миколаїв зазнав обстрілів із зенітно-ракетного комплексу С-300. Пошкоджень зазнала хлібопекарня", "date": "2022-10-28", "timestamp": 1666915200000}, "geometry": {"type": "Point", "coordinates": [32.011807, 46.959077]}}, {"type": "Feature", "properties": {"sheet_name": "Загиблі цивільні", "description": "Ракета типу Х-31, випущена з Су-35, влучила в приватний будинок у селі Висунськ Березнегуватської громади. Внаслідок руйнування будинку загинула одна дитина.", "date": "2022-9-3", "timestamp": 1662163200000}, "geometry": {"type": "Point", "coordinates": [32.821056, 47.261436]}}, {"type": "Feature", "properties": {"sheet_name": "Загиблі цивільні", "description": "Внаслідок обстрілів с. Білозірка Первомайської громади загинула одна людина", "date": "2022-9-10", "timestamp": 1662768000000}, "geometry": {"type": "Point", "coordinates": [32.448873, 47.090263]}}, {"type": "Feature", "properties": {"sheet_name": "Загиблі цивільні", "description": "Обстрілів зазнало смт Березнегувате. Проводяться роботи з пошуку зниклого чоловіка, який ймовірно був у своєму домоволодінні", "date": "2022-9-11", "timestamp": 1662854400000}, "geometry": {"type": "Point", "coordinates": [32.846669, 47.307953]}}, {"type": "Feature", "properties": {"sheet_name": "Загиблі цивільні", "description": "Через обстріли Миколаєва ракетами С-300 загинули двоє цивільних.", "date": "2022-9-14", "timestamp": 1663113600000}, "geometry": {"type": "Point", "coordinates": [32.011812, 46.959077]}}, {"type": "Feature", "properties": {"sheet_name": "Загиблі цивільні", "description": "У с. Дмитрівка через ворожі обстріли загинула одна людина. ", "date": "2022-9-17", "timestamp": 1663372800000}, "geometry": {"type": "Point", "coordinates": [31.738128, 46.632603]}}, {"type": "Feature", "properties": {"sheet_name": "Загиблі цивільні", "description": "Ворог завдав удару по житловому району Миколаєва касетними снарядами «Смерч». Внаслідок чого троє людей загинуло", "date": "2022-9-29", "timestamp": 1664409600000}, "geometry": {"type": "Point", "coordinates": [32.011807, 46.959077]}}, {"type": "Feature", "properties": {"sheet_name": "Поранені цивільні", "description": "Ворог здійснив бомбардування фугасними п’ятсоткілограмовими авіабомбами Миколаївського району, де поранено одну людину", "date": "2022-9-1", "timestamp": 1661990400000}, "geometry": {"type": "Point", "coordinates": [31.777148, 47.130786]}}, {"type": "Feature", "properties": {"sheet_name": "Поранені цивільні", "description": "Ворог атакував Центральний район Миколаєва ракетою повітряного базування Х-59, випущеною з Су-35. Поранення отримала одна людина", "date": "2022-9-3", "timestamp": 1662163200000}, "geometry": {"type": "Point", "coordinates": [32.011812, 46.959077]}}, {"type": "Feature", "properties": {"sheet_name": "Поранені цивільні", "description": "Ракета типу Х-31, випущена з Су-35, влучила в приватний будинок у селі Висунськ Березнегуватської громади. Внаслідок руйнування четверо людей отримали осколочні поранення, троє з них - діти", "date": "2022-9-3", "timestamp": 1662163200000}, "geometry": {"type": "Point", "coordinates": [32.821056, 47.261436]}}, {"type": "Feature", "properties": {"sheet_name": "Поранені цивільні", "description": "Зафіксовано ворожий обстріл Первомайської громади. Внаслідок чого в смт Первомайське одна людина отримала поранення", "date": "2022-9-4", "timestamp": 1662249600000}, "geometry": {"type": "Point", "coordinates": [32.438662, 47.04128]}}, {"type": "Feature", "properties": {"sheet_name": "Поранені цивільні", "description": "Миколаїв зазнав потужних обстрілів. 9 осіб дістали поранення різного ступеню", "date": "2022-9-11", "timestamp": 1662854400000}, "geometry": {"type": "Point", "coordinates": [32.011812, 46.959077]}}, {"type": "Feature", "properties": {"sheet_name": "Поранені цивільні", "description": "Обстрілів зазнало смт Березнегувате. Внаслідок чого 5 людей отримали поранення", "date": "2022-9-11", "timestamp": 1662854400000}, "geometry": {"type": "Point", "coordinates": [32.846669, 47.307953]}}, {"type": "Feature", "properties": {"sheet_name": "Поранені цивільні", "description": "Стратегічною авіацією ворог доправив по Вознесенську три крилаті ракети Х-555. Отримали поранення п’ять людей, з них одна дитина", "date": "2022-9-11", "timestamp": 1662854400000}, "geometry": {"type": "Point", "coordinates": [31.332095, 47.569273]}}, {"type": "Feature", "properties": {"sheet_name": "Поранені цивільні", "description": "Через обстріли Миколаєва ракетами С-300 троє цивільних отримали поранення та трьом надана допомога амбулаторно. ", "date": "2022-9-14", "timestamp": 1663113600000}, "geometry": {"type": "Point", "coordinates": [32.011812, 46.959077]}}, {"type": "Feature", "properties": {"sheet_name": "Поранені цивільні", "description": "У м. Очаків внаслідок обстрілів важких поранень зазнали дві людини.", "date": "2022-9-18", "timestamp": 1663459200000}, "geometry": {"type": "Point", "coordinates": [31.544722, 46.619291]}}, {"type": "Feature", "properties": {"sheet_name": "Поранені цивільні", "description": "Внаслідок обстрілу с. Білозірка зазнала поранень одна людина.", "date": "2022-9-20", "timestamp": 1663632000000}, "geometry": {"type": "Point", "coordinates": [32.448873, 47.090263]}}, {"type": "Feature", "properties": {"sheet_name": "Поранені цивільні", "description": "Ворог завдав удару по житловому району Миколаєва касетними снарядами «Смерч». Внаслідок чого одинадцять людей поранено, з них одна дитина 17 років", "date": "2022-9-29", "timestamp": 1664409600000}, "geometry": {"type": "Point", "coordinates": [32.011807, 46.959077]}}, {"type": "Feature", "properties": {"sheet_name": "Поранені цивільні", "description": "Миколаїв зазнав масованого ракетного обстрілу. Дві з ракет влучили у десятиповерховий будинок. Внаслідок чого одну людину було деблоковано з під завалів, поранення отримало ще вісім осіб, три поранених особи у важкому стані перебувають у медичних закладах, п‘ятьом - надано амбулаторну допомогу.", "date": "2022-9-30", "timestamp": 1664496000000}, "geometry": {"type": "Point", "coordinates": [32.011807, 46.959077]}}, {"type": "Feature", "properties": {"sheet_name": "Поранені цивільні", "description": "Ворог обстріляв околиці с. Висуньск. Під час обстрілу поранено одну людину", "date": "2022-9-29", "timestamp": 1664409600000}, "geometry": {"type": "Point", "coordinates": [32.821056, 47.261436]}}, {"type": "Feature", "properties": {"sheet_name": "Житлові будинки", "description": "Артилерійського обстрілу зазнало с. Зелений Гай. Внаслідок чого відбулось загоряння трьох житлових будинків.", "date": "2022-9-1", "timestamp": 1661990400000}, "geometry": {"type": "Point", "coordinates": [32.244413, 46.942145]}}, {"type": "Feature", "properties": {"sheet_name": "Житлові будинки", "description": "Були обстріли с. Широке. Влучання були у вже зруйнований житловий будинок.", "date": "2022-9-1", "timestamp": 1661990400000}, "geometry": {"type": "Point", "coordinates": [32.674144, 47.098634]}}, {"type": "Feature", "properties": {"sheet_name": "Житлові будинки", "description": "Обстрілів зазнало с. Новомиколаївка. Внаслідок чого відбулося займання житлового будинку", "date": "2022-9-2", "timestamp": 1662076800000}, "geometry": {"type": "Point", "coordinates": [32.359167, 46.966356]}}, {"type": "Feature", "properties": {"sheet_name": "Житлові будинки", "description": "Ворог атакував Центральний район Миколаєва ракетою повітряного базування Х-59, випущеною з Су-35. Ракета влучила у приватний двір та зруйнувала будинок.", "date": "2022-9-3", "timestamp": 1662163200000}, "geometry": {"type": "Point", "coordinates": [32.011812, 46.959077]}}, {"type": "Feature", "properties": {"sheet_name": "Житлові будинки", "description": "Під обстрілами було смт Первомайське. Ворожі снаряди влучили по житлових будинках", "date": "2022-9-3", "timestamp": 1662163200000}, "geometry": {"type": "Point", "coordinates": [32.438662, 47.04128]}}, {"type": "Feature", "properties": {"sheet_name": "Житлові будинки", "description": "Ворог наніс удари по м. Очаків. Також внаслідок обстрілу пошкоджено житлові будинки", "date": "2022-9-4", "timestamp": 1662249600000}, "geometry": {"type": "Point", "coordinates": [31.544722, 46.619291]}}, {"type": "Feature", "properties": {"sheet_name": "Житлові будинки", "description": "Ракета типу Х-31, випущена з Су-35, влучила в приватний будинок у селі Висунськ", "date": "2022-9-3", "timestamp": 1662163200000}, "geometry": {"type": "Point", "coordinates": [32.821056, 47.261436]}}, {"type": "Feature", "properties": {"sheet_name": "Житлові будинки", "description": "Обстрілів зазнало м. Вознесенськ. Є пошкодження житлових будинків", "date": "2022-9-4", "timestamp": 1662249600000}, "geometry": {"type": "Point", "coordinates": [31.332095, 47.569273]}}, {"type": "Feature", "properties": {"sheet_name": "Житлові будинки", "description": "У с. Засілля через потрапляння боєприпасів та їх уламків виникла пожежа житлового будинку", "date": "2022-9-4", "timestamp": 1662249600000}, "geometry": {"type": "Point", "coordinates": [32.427847, 47.023995]}}, {"type": "Feature", "properties": {"sheet_name": "Житлові будинки", "description": "Зафіксовано ворожий обстріл Первомайської громади. Внаслідок чого в смт Первомайське пошкоджено два житлових будинки", "date": "2022-9-4", "timestamp": 1662249600000}, "geometry": {"type": "Point", "coordinates": [32.438662, 47.04128]}}, {"type": "Feature", "properties": {"sheet_name": "Житлові будинки", "description": "Під ворожими ударами було с. Куцуруб пошкоджено шість житлових будинків.", "date": "2022-9-6", "timestamp": 1662422400000}, "geometry": {"type": "Point", "coordinates": [31.622208, 46.6531]}}, {"type": "Feature", "properties": {"sheet_name": "Житлові будинки", "description": "Фіксувалися обстріли с. Засілля, внаслідок яких понад п‘ять житлових будинків частково зруйновано", "date": "2022-9-7", "timestamp": 1662508800000}, "geometry": {"type": "Point", "coordinates": [32.427847, 47.023995]}}, {"type": "Feature", "properties": {"sheet_name": "Житлові будинки", "description": "Були обстріли смт Первомайське, внаслідок чого загорівся житловий будинок", "date": "2022-9-7", "timestamp": 1662508800000}, "geometry": {"type": "Point", "coordinates": [32.438662, 47.04128]}}, {"type": "Feature", "properties": {"sheet_name": "Житлові будинки", "description": "Миколаїв зазнав потужних обстрілів. Внаслідок влучання у двір п’ятиповерхівки один під’їзд практично знищено пожежею та вибухом. Також суттєво пошкоджено приватний будинок", "date": "2022-9-11", "timestamp": 1662854400000}, "geometry": {"type": "Point", "coordinates": [32.011812, 46.959077]}}, {"type": "Feature", "properties": {"sheet_name": "Житлові будинки", "description": "Ворог обстрілював с. Засілля. Влучання були в житлові будинки", "date": "2022-9-10", "timestamp": 1662768000000}, "geometry": {"type": "Point", "coordinates": [32.427847, 47.023995]}}, {"type": "Feature", "properties": {"sheet_name": "Житлові будинки", "description": "Ворог обстрілював смт Первомайське. Влучання були в житлові будинки", "date": "2022-9-10", "timestamp": 1662768000000}, "geometry": {"type": "Point", "coordinates": [32.438662, 47.04128]}}, {"type": "Feature", "properties": {"sheet_name": "Житлові будинки", "description": "Обстрілів зазнало с. Широке. Зруйновано два будинки", "date": "2022-9-10", "timestamp": 1662768000000}, "geometry": {"type": "Point", "coordinates": [32.674144, 47.098634]}}, {"type": "Feature", "properties": {"sheet_name": "Житлові будинки", "description": "Обстрілів зазнало смт Березнегувате. Внаслідок чого пошкоджені та зруйновані житлові будинки", "date": "2022-9-11", "timestamp": 1662854400000}, "geometry": {"type": "Point", "coordinates": [32.846669, 47.307953]}}, {"type": "Feature", "properties": {"sheet_name": "Житлові будинки", "description": "Обстрілів зазнало смт Березнегувате Березнегуватської громади. Пошкоджено житлові будинки", "date": "2022-9-11", "timestamp": 1662854400000}, "geometry": {"type": "Point", "coordinates": [32.846669, 47.307953]}}, {"type": "Feature", "properties": {"sheet_name": "Житлові будинки", "description": "Були обстріли в с. Широке. Зруйновано один будинок", "date": "2022-9-11", "timestamp": 1662854400000}, "geometry": {"type": "Point", "coordinates": [32.674144, 47.098634]}}, {"type": "Feature", "properties": {"sheet_name": "Житлові будинки", "description": "Стратегічною авіацією ворог доправив по Вознесенську три крилаті ракети Х-555 встановлено часткову руйнацію 40 житлових будинків", "date": "2022-9-11", "timestamp": 1662854400000}, "geometry": {"type": "Point", "coordinates": [31.332095, 47.569273]}}, {"type": "Feature", "properties": {"sheet_name": "Житлові будинки", "description": "У Миколаєві ракети С-300 влучили біля дев’яти- та п’ятиповерхівок: пошкоджені житлові будинки.", "date": "2022-9-14", "timestamp": 1663113600000}, "geometry": {"type": "Point", "coordinates": [32.011812, 46.959077]}}, {"type": "Feature", "properties": {"sheet_name": "Житлові будинки", "description": "Обстрілів зазнало с. Широке, внаслідок чого зруйновано житловий будинок. ", "date": "2022-9-13", "timestamp": 1663027200000}, "geometry": {"type": "Point", "coordinates": [32.674144, 47.098634]}}, {"type": "Feature", "properties": {"sheet_name": "Житлові будинки", "description": "Через обстріли Калинівки пошкоджені житлові будинки.", "date": "2022-9-14", "timestamp": 1663113600000}, "geometry": {"type": "Point", "coordinates": [32.179163, 47.049012]}}, {"type": "Feature", "properties": {"sheet_name": "Житлові будинки", "description": "У с. Широке зруйновано два житлові будинки.", "date": "2022-9-14", "timestamp": 1663113600000}, "geometry": {"type": "Point", "coordinates": [32.674144, 47.098634]}}, {"type": "Feature", "properties": {"sheet_name": "Житлові будинки", "description": "Внаслідок обстрілів у с. Широке пошкоджено один будинок. ", "date": "2022-9-15", "timestamp": 1663200000000}, "geometry": {"type": "Point", "coordinates": [32.674144, 47.098634]}}, {"type": "Feature", "properties": {"sheet_name": "Житлові будинки", "description": "У м. Очаків внаслідок обстрілів пошкоджено житлові будинки.", "date": "2022-9-18", "timestamp": 1663459200000}, "geometry": {"type": "Point", "coordinates": [31.544722, 46.619291]}}, {"type": "Feature", "properties": {"sheet_name": "Житлові будинки", "description": "У Миколаєві через обстріл у декількох житлових будинках вибиті вікна, двері, пошкоджено покрівлю.", "date": "2022-9-19", "timestamp": 1663545600000}, "geometry": {"type": "Point", "coordinates": [32.011807, 46.959077]}}, {"type": "Feature", "properties": {"sheet_name": "Житлові будинки", "description": "Через ворожий удар у Новій Одесі пошкоджено житлові будинки.", "date": "2022-9-19", "timestamp": 1663545600000}, "geometry": {"type": "Point", "coordinates": [31.78764, 47.305562]}}, {"type": "Feature", "properties": {"sheet_name": "Житлові будинки", "description": "В с. Явкине у житловому будинку пошкоджено вікна.", "date": "2022-9-20", "timestamp": 1663632000000}, "geometry": {"type": "Point", "coordinates": [32.6054, 47.26453]}}, {"type": "Feature", "properties": {"sheet_name": "Житлові будинки", "description": "Через масований ракетний обстріл з С-300 у Миколаєві пошкоджено багатоповерхові будинки, вибиті вікна.", "date": "2022-9-22", "timestamp": 1663804800000}, "geometry": {"type": "Point", "coordinates": [32.011807, 46.959077]}}, {"type": "Feature", "properties": {"sheet_name": "Житлові будинки", "description": "У смт Первомайське частково зруйновано житловий будинок. ", "date": "2022-9-21", "timestamp": 1663718400000}, "geometry": {"type": "Point", "coordinates": [32.438662, 47.04128]}}, {"type": "Feature", "properties": {"sheet_name": "Житлові будинки", "description": "У Миколаєві через ворожий удар пошкоджено приватні будинки.", "date": "2022-9-23", "timestamp": 1663891200000}, "geometry": {"type": "Point", "coordinates": [32.011807, 46.959077]}}, {"type": "Feature", "properties": {"sheet_name": "Житлові будинки", "description": "Внаслідок обстрілу с. Українка виникла пожежа житлового будинку. ", "date": "2022-9-22", "timestamp": 1663804800000}, "geometry": {"type": "Point", "coordinates": [32.141298, 46.824849]}}, {"type": "Feature", "properties": {"sheet_name": "Житлові будинки", "description": "Через обстріли с. Висунськ. пошкоджено приватні будинки.", "date": "2022-9-22", "timestamp": 1663804800000}, "geometry": {"type": "Point", "coordinates": [32.821056, 47.261436]}}, {"type": "Feature", "properties": {"sheet_name": "Житлові будинки", "description": "В с. Парутине частково зруйновано два приватних будинки.", "date": "2022-9-23", "timestamp": 1663891200000}, "geometry": {"type": "Point", "coordinates": [31.896191, 46.706472]}}, {"type": "Feature", "properties": {"sheet_name": "Житлові будинки", "description": "Через ракетні удари по с. Калинівка пошкоджено три житлових будинки.", "date": "2022-9-23", "timestamp": 1663891200000}, "geometry": {"type": "Point", "coordinates": [32.179163, 47.049012]}}, {"type": "Feature", "properties": {"sheet_name": "Житлові будинки", "description": "Окупанти завдали ракетних ударів по Миколаєву. Внаслідок чого пошкоджені житлові будинки", "date": "2022-9-25", "timestamp": 1664064000000}, "geometry": {"type": "Point", "coordinates": [32.011807, 46.959077]}}, {"type": "Feature", "properties": {"sheet_name": "Житлові будинки", "description": "Було обстріляно с. Широке. Пошкоджень зазнали два житлових будинки", "date": "2022-9-24", "timestamp": 1663977600000}, "geometry": {"type": "Point", "coordinates": [32.674144, 47.098634]}}, {"type": "Feature", "properties": {"sheet_name": "Житлові будинки", "description": "Обстрілів зазнало с. Христофорівка Баштанської громади. Внаслідок чого пошкоджено понад 15 будинків", "date": "2022-9-26", "timestamp": 1664150400000}, "geometry": {"type": "Point", "coordinates": [32.256702, 47.265232]}}, {"type": "Feature", "properties": {"sheet_name": "Житлові будинки", "description": "Зафіксовано обстріли в с. Широке внаслідок чого пошкоджень зазнав один двоповерховий житловий будинок", "date": "2022-9-25", "timestamp": 1664064000000}, "geometry": {"type": "Point", "coordinates": [32.674144, 47.098634]}}, {"type": "Feature", "properties": {"sheet_name": "Житлові будинки", "description": "Миколаїв зазнав масованих обстрілів. Пошкодили житлові будинки", "date": "2022-9-27", "timestamp": 1664236800000}, "geometry": {"type": "Point", "coordinates": [32.011807, 46.959077]}}, {"type": "Feature", "properties": {"sheet_name": "Житлові будинки", "description": "Зафіксовано ракетний обстріл с. Весняне. Внаслідок чого частково зруйновано та пошкоджено житлові будинки", "date": "2022-9-27", "timestamp": 1664236800000}, "geometry": {"type": "Point", "coordinates": [31.892919, 46.97526]}}, {"type": "Feature", "properties": {"sheet_name": "Житлові будинки", "description": "Обстріли с. Широке та його околиць. Пошкоджень зазнали два житлові будинки", "date": "2022-9-26", "timestamp": 1664150400000}, "geometry": {"type": "Point", "coordinates": [32.674144, 47.098634]}}, {"type": "Feature", "properties": {"sheet_name": "Житлові будинки", "description": "Ворог завдав удару по житловому району Миколаєва касетними снарядами «Смерч». Внаслідок чого є пошкодження житлових будинків", "date": "2022-9-29", "timestamp": 1664409600000}, "geometry": {"type": "Point", "coordinates": [32.011807, 46.959077]}}, {"type": "Feature", "properties": {"sheet_name": "Житлові будинки", "description": "Миколаїв зазнав масованого ракетного обстрілу. Дві з ракет влучили у десятиповерховий будинок. Зруйновано чотири квартири повністю, шість зруйновано частково.", "date": "2022-9-30", "timestamp": 1664496000000}, "geometry": {"type": "Point", "coordinates": [32.011807, 46.959077]}}, {"type": "Feature", "properties": {"sheet_name": "Житлові будинки", "description": "Ворог завдав ракетного удару по селищу Полігон. Внаслідок потрапляння боєприпасів та їх уламків пошкоджено житлові будинки", "date": "2022-9-30", "timestamp": 1664496000000}, "geometry": {"type": "Point", "coordinates": [32.127128, 46.97565]}}, {"type": "Feature", "properties": {"sheet_name": "Житлові будинки", "description": "Обстрілів зазнало с. Широке, посічено осколками чотири будинки", "date": "2022-9-29", "timestamp": 1664409600000}, "geometry": {"type": "Point", "coordinates": [32.674144, 47.098634]}}, {"type": "Feature", "properties": {"sheet_name": "Житлові будинки", "description": "Внаслідок ракетних та артилерійських обстрілів в смт Первомайське пошкоджені приватні будинки", "date": "2022-9-30", "timestamp": 1664496000000}, "geometry": {"type": "Point", "coordinates": [32.438662, 47.04128]}}, {"type": "Feature", "properties": {"sheet_name": "Житлові будинки", "description": "Зафіксовано артилерійський обстріл с. Котляреве. Пошкоджено житлові будинки", "date": "2022-9-30", "timestamp": 1664496000000}, "geometry": {"type": "Point", "coordinates": [32.227655, 46.885644]}}, {"type": "Feature", "properties": {"sheet_name": "Навчальні заклади", "description": "Миколаїв зазнав масованого ракетного обстрілу, перередньо С-300. Суттєво пошкоджено два навчальних заклади", "date": "2022-9-4", "timestamp": 1662249600000}, "geometry": {"type": "Point", "coordinates": [32.011812, 46.959077]}}, {"type": "Feature", "properties": {"sheet_name": "Навчальні заклади", "description": "Обстрілів зазнало с. Широке. Влучання були у вже зруйнований школу", "date": "2022-9-8", "timestamp": 1662595200000}, "geometry": {"type": "Point", "coordinates": [32.674144, 47.098634]}}, {"type": "Feature", "properties": {"sheet_name": "Навчальні заклади", "description": "Через обстріли смт Березнегувате пошкоджено склад професійного ліцея. ", "date": "2022-9-12", "timestamp": 1662940800000}, "geometry": {"type": "Point", "coordinates": [32.846669, 47.307953]}}, {"type": "Feature", "properties": {"sheet_name": "Навчальні заклади", "description": "Ракета С-300 пошкодила у Миколаєві навчальний заклад.", "date": "2022-9-14", "timestamp": 1663113600000}, "geometry": {"type": "Point", "coordinates": [32.011812, 46.959077]}}, {"type": "Feature", "properties": {"sheet_name": "Навчальні заклади", "description": "Внаслідок обстрілу смт Березнегувате пошкоджено навчальний заклад – у будівлі вилетіли вікна. ", "date": "2022-9-20", "timestamp": 1663632000000}, "geometry": {"type": "Point", "coordinates": [32.846669, 47.307953]}}, {"type": "Feature", "properties": {"sheet_name": "Навчальні заклади", "description": "Обстрілів зазнало с. Христофорівка Баштанської громади. Внаслідок чого пошкоджено школу", "date": "2022-9-26", "timestamp": 1664150400000}, "geometry": {"type": "Point", "coordinates": [32.256702, 47.265232]}}, {"type": "Feature", "properties": {"sheet_name": "Сільськогосподарські та лісові ", "description": "Через обстріли території та прилеглих населених пунктів Березнегуватської громади виникла пожежа листяної та хвойної підстилки у лісі Березнегуватського лісового господарства", "date": "2022-9-8", "timestamp": 1662595200000}, "geometry": {"type": "Point", "coordinates": [32.846669, 47.307953]}}, {"type": "Feature", "properties": {"sheet_name": "Сільськогосподарські та лісові ", "description": "Обстрілів зазнало с. Широке Широківської громади, влучання переважно по сільгоспугіддях.", "date": "2022-9-29", "timestamp": 1664409600000}, "geometry": {"type": "Point", "coordinates": [32.674144, 47.098634]}}, {"type": "Feature", "properties": {"sheet_name": "Підприємства та сг виробництва", "description": "Обстрілів зазнало м. Вознесенськ. Внаслідок чого на підприємстві відбулося займання приміщень", "date": "2022-9-4", "timestamp": 1662249600000}, "geometry": {"type": "Point", "coordinates": [31.332095, 47.569273]}}, {"type": "Feature", "properties": {"sheet_name": "Підприємства та сг виробництва", "description": "Миколаїв було атаковано ракетами С-300. Влучання були у промислове підприємство ", "date": "2022-9-5", "timestamp": 1662336000000}, "geometry": {"type": "Point", "coordinates": [32.011812, 46.959077]}}, {"type": "Feature", "properties": {"sheet_name": "Підприємства та сг виробництва", "description": "Були обстріли околиці с. Явкіно. Влучили в склад з зерном фермерського господарства", "date": "2022-9-6", "timestamp": 1662422400000}, "geometry": {"type": "Point", "coordinates": [32.6054, 47.26453]}}, {"type": "Feature", "properties": {"sheet_name": "Підприємства та сг виробництва", "description": "Були обстріли за межами с. Широке. Влучання були по сільгоспскладам", "date": "2022-9-7", "timestamp": 1662508800000}, "geometry": {"type": "Point", "coordinates": [32.674144, 47.098634]}}, {"type": "Feature", "properties": {"sheet_name": "Підприємства та сг виробництва", "description": "Стратегічною авіацією ворог доправив по Вознесенську три крилаті ракети Х-555, які влучили в елеватор із запасами пшениці", "date": "2022-9-11", "timestamp": 1662854400000}, "geometry": {"type": "Point", "coordinates": [31.332095, 47.569273]}}, {"type": "Feature", "properties": {"sheet_name": "Підприємства та сг виробництва", "description": "В смт Первомайське чотири снаряди влучили в приватне підприємство.", "date": "2022-9-12", "timestamp": 1662940800000}, "geometry": {"type": "Point", "coordinates": [32.438662, 47.04128]}}, {"type": "Feature", "properties": {"sheet_name": "Підприємства та сг виробництва", "description": "Внаслідок влучання ракети С-300 на територію підприємства у Миколаєві виникла пожежа на виробничій будівлі. ", "date": "2022-9-14", "timestamp": 1663113600000}, "geometry": {"type": "Point", "coordinates": [32.011812, 46.959077]}}, {"type": "Feature", "properties": {"sheet_name": "Підприємства та сг виробництва", "description": "У смт Березнегувате влучання зафіксовано по комбікормовому заводу.", "date": "2022-9-14", "timestamp": 1663113600000}, "geometry": {"type": "Point", "coordinates": [32.846669, 47.307953]}}, {"type": "Feature", "properties": {"sheet_name": "Підприємства та сг виробництва", "description": "У с. Широке влучання по сільськогосподарських будівлях.", "date": "2022-9-14", "timestamp": 1663113600000}, "geometry": {"type": "Point", "coordinates": [32.674144, 47.098634]}}, {"type": "Feature", "properties": {"sheet_name": "Підприємства та сг виробництва", "description": "У с. Червона Долина влучання по сільськогосподарських будівлях. ", "date": "2022-9-14", "timestamp": 1663113600000}, "geometry": {"type": "Point", "coordinates": [32.663701, 47.14444]}}, {"type": "Feature", "properties": {"sheet_name": "Підприємства та сг виробництва", "description": "У с. Червона Долина пошкоджено сільськогосподарські будівлі.", "date": "2022-9-13", "timestamp": 1663027200000}, "geometry": {"type": "Point", "coordinates": [32.663701, 47.14444]}}, {"type": "Feature", "properties": {"sheet_name": "Підприємства та сг виробництва", "description": "У с. Поляна пошкоджено сільськогосподарські будівлі.", "date": "2022-9-13", "timestamp": 1663027200000}, "geometry": {"type": "Point", "coordinates": [32.679529, 47.167679]}}, {"type": "Feature", "properties": {"sheet_name": "Підприємства та сг виробництва", "description": "В смт Березнегувате частково зруйноване складське приміщення фермерського господарства.", "date": "2022-9-15", "timestamp": 1663200000000}, "geometry": {"type": "Point", "coordinates": [32.846669, 47.307953]}}, {"type": "Feature", "properties": {"sheet_name": "Підприємства та сг виробництва", "description": "У Миколаєві через обстріли загорівся автогаражний кооператив.", "date": "2022-9-17", "timestamp": 1663372800000}, "geometry": {"type": "Point", "coordinates": [32.011807, 46.959077]}}, {"type": "Feature", "properties": {"sheet_name": "Підприємства та сг виробництва", "description": "Через масований ракетний обстріл з С-300 у Миколаєві виникла пожежа складського приміщення.", "date": "2022-9-22", "timestamp": 1663804800000}, "geometry": {"type": "Point", "coordinates": [32.011807, 46.959077]}}, {"type": "Feature", "properties": {"sheet_name": "Підприємства та сг виробництва", "description": "Через артобстріли по прибережній зоні м. Очаків виникла пожежа на буксирі. ", "date": "2022-9-21", "timestamp": 1663718400000}, "geometry": {"type": "Point", "coordinates": [31.544722, 46.619291]}}, {"type": "Feature", "properties": {"sheet_name": "Підприємства та сг виробництва", "description": "У Миколаєві уражено офісну будівлю об’єкта промислової інфраструктури.", "date": "2022-9-23", "timestamp": 1663891200000}, "geometry": {"type": "Point", "coordinates": [32.011807, 46.959077]}}, {"type": "Feature", "properties": {"sheet_name": "Підприємства та сг виробництва", "description": "Миколаїв було обстріляно. Нанесено удар по промисловій зоні на околицях міста.", "date": "2022-9-26", "timestamp": 1664150400000}, "geometry": {"type": "Point", "coordinates": [32.011807, 46.959077]}}, {"type": "Feature", "properties": {"sheet_name": "Підприємства та сг виробництва", "description": "Зафіксовано обстріли в с. Широке внаслідок чого пошкоджень зазнало сільгосппідприємство", "date": "2022-9-25", "timestamp": 1664064000000}, "geometry": {"type": "Point", "coordinates": [32.674144, 47.098634]}}, {"type": "Feature", "properties": {"sheet_name": "Підприємства та сг виробництва", "description": "Миколаїв зазнав масованих обстрілів. Внаслідок обстрілу сталося руйнування складського приміщення з подальшим горінням", "date": "2022-9-27", "timestamp": 1664236800000}, "geometry": {"type": "Point", "coordinates": [32.011807, 46.959077]}}, {"type": "Feature", "properties": {"sheet_name": "Підприємства та сг виробництва", "description": "Обстріли с. Широке та його околиць були влучання в сільгосппідприємство за межами села", "date": "2022-9-26", "timestamp": 1664150400000}, "geometry": {"type": "Point", "coordinates": [32.674144, 47.098634]}}, {"type": "Feature", "properties": {"sheet_name": "Підприємства та сг виробництва", "description": "Миколаїв зазнав ракетних обстрілів. Було нанесено удар по промисловій зоні", "date": "2022-9-28", "timestamp": 1664323200000}, "geometry": {"type": "Point", "coordinates": [32.011807, 46.959077]}}, {"type": "Feature", "properties": {"sheet_name": "Підприємства та сг виробництва", "description": "Широке Широківської громади зазнало обстрілів. Влучання по сільгосппідприємству", "date": "2022-9-28", "timestamp": 1664323200000}, "geometry": {"type": "Point", "coordinates": [32.674144, 47.098634]}}, {"type": "Feature", "properties": {"sheet_name": "Домогосподарства", "description": "Ворог обстріляв с. Новомиколаївка. Частково зруйновано господарські будівлі", "date": "2022-9-1", "timestamp": 1661990400000}, "geometry": {"type": "Point", "coordinates": [32.359167, 46.966356]}}, {"type": "Feature", "properties": {"sheet_name": "Домогосподарства", "description": "Обстрілів зазнало с. Новомиколаївка. Внаслідок чого пошкоджено господарські споруди", "date": "2022-9-2", "timestamp": 1662076800000}, "geometry": {"type": "Point", "coordinates": [32.359167, 46.966356]}}, {"type": "Feature", "properties": {"sheet_name": "Домогосподарства", "description": "Ворог атакував Центральний район Миколаєва ракетою повітряного базування Х-59, випущеною з Су-35. Ракета влучила у приватний двір та господарчі споруди", "date": "2022-9-3", "timestamp": 1662163200000}, "geometry": {"type": "Point", "coordinates": [32.011812, 46.959077]}}, {"type": "Feature", "properties": {"sheet_name": "Домогосподарства", "description": "Були обстріли с. Широке. Влучання було у вже зруйновану сільгоспбудівлю домогосподарства", "date": "2022-9-5", "timestamp": 1662336000000}, "geometry": {"type": "Point", "coordinates": [32.674144, 47.098634]}}, {"type": "Feature", "properties": {"sheet_name": "Домогосподарства", "description": "Обстріли зафіксовано за межами с. Червона Долина. Влучання у сільськогосподарські будівлі", "date": "2022-9-10", "timestamp": 1662768000000}, "geometry": {"type": "Point", "coordinates": [32.663701, 47.14444]}}, {"type": "Feature", "properties": {"sheet_name": "Домогосподарства", "description": "В с. Широке зруйновані нежитлові господарські приміщення. ", "date": "2022-9-16", "timestamp": 1663286400000}, "geometry": {"type": "Point", "coordinates": [32.674144, 47.098634]}}, {"type": "Feature", "properties": {"sheet_name": "Домогосподарства", "description": "У Миколаєві було влучання у двір приватного будинку, внаслідок чого зруйновано господарську будівлю. ", "date": "2022-9-19", "timestamp": 1663545600000}, "geometry": {"type": "Point", "coordinates": [32.011807, 46.959077]}}, {"type": "Feature", "properties": {"sheet_name": "Домогосподарства", "description": "Через ворожий удар у Новій Одесі виникла пожежа гаражу на території приватного домоволодіння.", "date": "2022-9-19", "timestamp": 1663545600000}, "geometry": {"type": "Point", "coordinates": [31.78764, 47.305562]}}, {"type": "Feature", "properties": {"sheet_name": "Заклади культури", "description": "Миколаїв зазнав масованого ракетного обстрілу, перередньо С-300. Суттєво пошкоджено музей", "date": "2022-9-4", "timestamp": 1662249600000}, "geometry": {"type": "Point", "coordinates": [32.011812, 46.959077]}}, {"type": "Feature", "properties": {"sheet_name": "Заклади культури", "description": "Реактивними снарядами тричі атаковано район Національного історико-археологічного заповідника «Ольвія» в напрямку Парутиного.", "date": "2022-9-21", "timestamp": 1663718400000}, "geometry": {"type": "Point", "coordinates": [31.896191, 46.706472]}}, {"type": "Feature", "properties": {"sheet_name": "Критична інфраструктура", "description": "Внаслідок обстрілів Інгульської громади знеструмлено п’ять населених пунктів", "date": "2022-9-8", "timestamp": 1662595200000}, "geometry": {"type": "Point", "coordinates": [32.225665, 47.19975]}}, {"type": "Feature", "properties": {"sheet_name": "Критична інфраструктура", "description": "Були обстріли на території Явкінського старостинського округу. Внаслідок чого знеструмлена вся громада", "date": "2022-9-8", "timestamp": 1662595200000}, "geometry": {"type": "Point", "coordinates": [32.6054, 47.26453]}}, {"type": "Feature", "properties": {"sheet_name": "Критична інфраструктура", "description": "Обстрілів зазнало с. Миколаївське. Внаслідок обстрілів у населеному пункті відсутнє світло", "date": "2022-9-9", "timestamp": 1662681600000}, "geometry": {"type": "Point", "coordinates": [32.119618, 46.926862]}}, {"type": "Feature", "properties": {"sheet_name": "Критична інфраструктура", "description": "Обстрілів зазнало с. Широке. Зруйнована опора електропередач ", "date": "2022-9-10", "timestamp": 1662768000000}, "geometry": {"type": "Point", "coordinates": [32.674144, 47.098634]}}, {"type": "Feature", "properties": {"sheet_name": "Критична інфраструктура", "description": "Обстрілів зазнало смт Березнегувате Березнегуватської громади. Пошкоджено газопровід", "date": "2022-9-11", "timestamp": 1662854400000}, "geometry": {"type": "Point", "coordinates": [32.846669, 47.307953]}}, {"type": "Feature", "properties": {"sheet_name": "Критична інфраструктура", "description": "Через обстріли Іванівка лишилася без електропостачання.", "date": "2022-9-14", "timestamp": 1663113600000}, "geometry": {"type": "Point", "coordinates": [31.668877, 46.652627]}}, {"type": "Feature", "properties": {"sheet_name": "Критична інфраструктура", "description": "Через обстріли Яселка лишилася без електропостачання.", "date": "2022-9-14", "timestamp": 1663113600000}, "geometry": {"type": "Point", "coordinates": [31.694257, 46.644912]}}, {"type": "Feature", "properties": {"sheet_name": "Критична інфраструктура", "description": "Ракетні удари по інфраструктурному об'єкту в с. Чорноморка.", "date": "2022-9-15", "timestamp": 1663200000000}, "geometry": {"type": "Point", "coordinates": [31.511792, 46.652823]}}, {"type": "Feature", "properties": {"sheet_name": "Критична інфраструктура", "description": "Через нічні удари по м. Очаків в деяких районах міста зникли світло та вода. ", "date": "2022-9-17", "timestamp": 1663372800000}, "geometry": {"type": "Point", "coordinates": [31.544722, 46.619291]}}, {"type": "Feature", "properties": {"sheet_name": "Критична інфраструктура", "description": "У с. Дмитрівка пошкоджено очисні споруди та електропідстанція. ", "date": "2022-9-17", "timestamp": 1663372800000}, "geometry": {"type": "Point", "coordinates": [31.738128, 46.632603]}}, {"type": "Feature", "properties": {"sheet_name": "Критична інфраструктура", "description": "Через удар по Березнегуватській громаді трьома реактивними снарядами зі «Смерчу» пошкоджено сонячну електростанцію.", "date": "2022-9-18", "timestamp": 1663459200000}, "geometry": {"type": "Point", "coordinates": [32.829576, 47.198526]}}, {"type": "Feature", "properties": {"sheet_name": "Критична інфраструктура", "description": "Ракетний обстріл промислової зони Південноукраїнської АЕС: пошкоджено будівлі АЕС, розбито понад 100 вікон. Відключився один з гідроагрегатів Олександрівської ГЕС.", "date": "2022-9-19", "timestamp": 1663545600000}, "geometry": {"type": "Point", "coordinates": [31.170906, 47.824725]}}, {"type": "Feature", "properties": {"sheet_name": "Критична інфраструктура", "description": "Артилерійські удари по об’єкту критичної інфраструктури в с. Шевченкове.", "date": "2022-9-20", "timestamp": 1663632000000}, "geometry": {"type": "Point", "coordinates": [32.196443, 46.86215]}}, {"type": "Feature", "properties": {"sheet_name": "Критична інфраструктура", "description": "В смт Первомайське снаряди влучили по території об’єкта критичної інфраструктури. ", "date": "2022-9-20", "timestamp": 1663632000000}, "geometry": {"type": "Point", "coordinates": [32.438662, 47.04128]}}, {"type": "Feature", "properties": {"sheet_name": "Критична інфраструктура", "description": "В с. Явкине пошкоджено лінію електропередач.", "date": "2022-9-20", "timestamp": 1663632000000}, "geometry": {"type": "Point", "coordinates": [32.6054, 47.26453]}}, {"type": "Feature", "properties": {"sheet_name": "Критична інфраструктура", "description": "Через масований ракетний обстріл з С-300 у Миколаєві пошкоджено газопровід і водогін.", "date": "2022-9-22", "timestamp": 1663804800000}, "geometry": {"type": "Point", "coordinates": [32.011807, 46.959077]}}, {"type": "Feature", "properties": {"sheet_name": "Критична інфраструктура", "description": "У Миколаєві через ворожий удар пошкоджено водогін та електромережі.", "date": "2022-9-23", "timestamp": 1663891200000}, "geometry": {"type": "Point", "coordinates": [32.011807, 46.959077]}}, {"type": "Feature", "properties": {"sheet_name": "Критична інфраструктура", "description": "Через обстріли с. Висунськ. пошкоджено газовий трубопровід з подальшим займанням. .", "date": "2022-9-22", "timestamp": 1663804800000}, "geometry": {"type": "Point", "coordinates": [32.821056, 47.261436]}}, {"type": "Feature", "properties": {"sheet_name": "Критична інфраструктура", "description": "Через ракетні удари по с. Калинівка виникла пожежа газової труби.", "date": "2022-9-23", "timestamp": 1663891200000}, "geometry": {"type": "Point", "coordinates": [32.179163, 47.049012]}}, {"type": "Feature", "properties": {"sheet_name": "Критична інфраструктура", "description": "Окупанти завдали ракетних ударів по Миколаєву. Внаслідок чого є влучання у мережі водопроводу", "date": "2022-9-25", "timestamp": 1664064000000}, "geometry": {"type": "Point", "coordinates": [32.011807, 46.959077]}}, {"type": "Feature", "properties": {"sheet_name": "Критична інфраструктура", "description": "Миколаїв зазнав масованих обстрілів. Пошкодили мережу водопроводу", "date": "2022-9-27", "timestamp": 1664236800000}, "geometry": {"type": "Point", "coordinates": [32.011807, 46.959077]}}, {"type": "Feature", "properties": {"sheet_name": "Критична інфраструктура", "description": "Ворог завдав удару по житловому району Миколаєва касетними снарядами «Смерч». Внаслідок чого є пошкодження електромереж", "date": "2022-9-29", "timestamp": 1664409600000}, "geometry": {"type": "Point", "coordinates": [32.011807, 46.959077]}}, {"type": "Feature", "properties": {"sheet_name": "Критична інфраструктура", "description": "Наносилися ворожі удари по Ольшанській громаді. Зафіксовано влучення в об'єкт критичної інфраструктури", "date": "2022-9-29", "timestamp": 1664409600000}, "geometry": {"type": "Point", "coordinates": [31.788057, 47.161138]}}, {"type": "Feature", "properties": {"sheet_name": "Медичні заклади", "description": "У Миколаєві через обстріли постраждала лікарня.", "date": "2022-9-17", "timestamp": 1663372800000}, "geometry": {"type": "Point", "coordinates": [32.011807, 46.959077]}}, {"type": "Feature", "properties": {"sheet_name": "Медичні заклади", "description": "Через удар по Березнегуватській громаді трьома реактивними снарядами зі «Смерчу» пошкоджено лікарню.", "date": "2022-9-18", "timestamp": 1663459200000}, "geometry": {"type": "Point", "coordinates": [32.829576, 47.198526]}}, {"type": "Feature", "properties": {"sheet_name": "Медичні заклади", "description": "Миколаїв зазнав масованого ракетного обстрілу. Після нічних обстрілів пошкоджено медичний заклад", "date": "2022-9-30", "timestamp": 1664496000000}, "geometry": {"type": "Point", "coordinates": [32.011807, 46.959077]}}, {"type": "Feature", "properties": {"sheet_name": "Адміністративні будівлі", "description": "Обстрілів зазнало с. Широке. Влучання були у вже зруйнований ЦНАП", "date": "2022-9-8", "timestamp": 1662595200000}, "geometry": {"type": "Point", "coordinates": [32.674144, 47.098634]}}, {"type": "Feature", "properties": {"sheet_name": "Адміністративні будівлі", "description": "Обстрілів зазнало смт Березнегувате. Пошкоджено адміністративну будівлю", "date": "2022-9-11", "timestamp": 1662854400000}, "geometry": {"type": "Point", "coordinates": [32.846669, 47.307953]}}, {"type": "Feature", "properties": {"sheet_name": "Адміністративні будівлі", "description": "Через масований ракетний обстріл з С-300 у Миколаєві пошкоджено адміністративні будівлі.", "date": "2022-9-22", "timestamp": 1663804800000}, "geometry": {"type": "Point", "coordinates": [32.011807, 46.959077]}}, {"type": "Feature", "properties": {"sheet_name": "Адміністративні будівлі", "description": "Один \"Шахед-136\" атакував адмінбудівлю в обласному центрі.", "date": "2022-9-29", "timestamp": 1664409600000}, "geometry": {"type": "Point", "coordinates": [32.011807, 46.959077]}}, {"type": "Feature", "properties": {"sheet_name": "Цивільна інфраструктура", "description": "Миколаїв зазнав масованого ракетного обстрілу, перередньо С-300. Суттєво пошкоджено три лікувальних заклади, готель", "date": "2022-9-4", "timestamp": 1662249600000}, "geometry": {"type": "Point", "coordinates": [32.011812, 46.959077]}}, {"type": "Feature", "properties": {"sheet_name": "Цивільна інфраструктура", "description": "Ворог наніс удари по м. Очаків. Влучання в об'єкт цивільної інфраструктури. ", "date": "2022-9-4", "timestamp": 1662249600000}, "geometry": {"type": "Point", "coordinates": [31.544722, 46.619291]}}, {"type": "Feature", "properties": {"sheet_name": "Цивільна інфраструктура", "description": "Обстрілів зазнало смт Березнегувате. Пошкоджено технічні споруди комунального підприємства, магазини", "date": "2022-9-11", "timestamp": 1662854400000}, "geometry": {"type": "Point", "coordinates": [32.846669, 47.307953]}}, {"type": "Feature", "properties": {"sheet_name": "Цивільна інфраструктура", "description": "У Миколаєві через обстріл пошкоджено близько 300 метрів контактного дроту трамвайної мережі. ", "date": "2022-9-19", "timestamp": 1663545600000}, "geometry": {"type": "Point", "coordinates": [32.011807, 46.959077]}}, {"type": "Feature", "properties": {"sheet_name": "Цивільна інфраструктура", "description": "Через ворожий удар у Новій Одесі пошкоджено торгові кіоски, аптеку, магазин.", "date": "2022-9-19", "timestamp": 1663545600000}, "geometry": {"type": "Point", "coordinates": [31.78764, 47.305562]}}, {"type": "Feature", "properties": {"sheet_name": "Цивільна інфраструктура", "description": "Через масований ракетний обстріл з С-300 у Миколаєві пошкоджено кінотеатр та театр.", "date": "2022-9-22", "timestamp": 1663804800000}, "geometry": {"type": "Point", "coordinates": [32.011807, 46.959077]}}, {"type": "Feature", "properties": {"sheet_name": "Цивільна інфраструктура", "description": "В с. Калинівка внаслідок ракетного обстрілу виникла пожежа почтового відділення.", "date": "2022-9-22", "timestamp": 1663804800000}, "geometry": {"type": "Point", "coordinates": [32.179163, 47.049012]}}, {"type": "Feature", "properties": {"sheet_name": "Цивільна інфраструктура", "description": "Через обстріли с. Висунськ. пошкоджено три об’єкти торгівлі .", "date": "2022-9-22", "timestamp": 1663804800000}, "geometry": {"type": "Point", "coordinates": [32.821056, 47.261436]}}, {"type": "Feature", "properties": {"sheet_name": "Цивільна інфраструктура", "description": "У с. Шевченкове влучання по об’єкту цивільної інфраструктури.", "date": "2022-9-23", "timestamp": 1663891200000}, "geometry": {"type": "Point", "coordinates": [32.196443, 46.86215]}}, {"type": "Feature", "properties": {"sheet_name": "Цивільна інфраструктура", "description": "Миколаїв зазнав масованих обстрілів. Пошкодили магазини", "date": "2022-9-27", "timestamp": 1664236800000}, "geometry": {"type": "Point", "coordinates": [32.011807, 46.959077]}}, {"type": "Feature", "properties": {"sheet_name": "Цивільна інфраструктура", "description": "Через ракетний обстріл с. Весняне частково зруйновано та пошкоджено соціальну інфраструктуру.", "date": "2022-9-27", "timestamp": 1664236800000}, "geometry": {"type": "Point", "coordinates": [31.892919, 46.97526]}}]}