{"type": "FeatureCollection", "features": [{"type": "Feature", "properties": {"sheet_name": "factories", "description": "В перший день вторгнення росіяни вдарили ракетами по Очаківському порту.", "date": "2022-02-24", "timestamp": 1645660800000.0, "accuracy": 1}, "geometry": {"type": "Point", "coordinates": [31.58220297, "46.63293131"]}}, {"type": "Feature", "properties": {"sheet_name": "houses", "description": "Баштанку обстріляли з РСЗВ «Град», через що згоріло 4 житлових будинки.", "date": "2022-03-01", "timestamp": 1646092800000.0, "accuracy": 1}, "geometry": {"type": "Point", "coordinates": [32.45003, "47.408093"]}}, {"type": "Feature", "properties": {"sheet_name": "civil_infrastructure", "description": "Баштанку обстріляли з РСЗВ «Град», через що згоріло 3 магазина.", "date": "2022-03-01", "timestamp": 1646092800000.0, "accuracy": 1}, "geometry": {"type": "Point", "coordinates": [32.431534, "47.396649"]}}, {"type": "Feature", "properties": {"sheet_name": "houses", "description": "Відбувся мінометний обстріл багатоповерхового будинку в місті Вознесенськ.", "date": "2022-03-03", "timestamp": 1646265600000.0, "accuracy": 0}, "geometry": {"type": "Point", "coordinates": [31.337554, "47.566756"]}}, {"type": "Feature", "properties": {"sheet_name": "civil_infrastructure", "description": "Ворог своїми снарядами пошкодив інфраструктуру Вознесенська.", "date": "2022-03-03", "timestamp": 1646265600000.0, "accuracy": 0}, "geometry": {"type": "Point", "coordinates": [31.3272889907058, "47.5416558292386"]}}, {"type": "Feature", "properties": {"sheet_name": "houses", "description": "Снаряд влучив у приватний будинок у Балабанівці.", "date": "2022-03-04", "timestamp": 1646352000000.0, "accuracy": 0}, "geometry": {"type": "Point", "coordinates": [32.015588, "46.840835"]}}, {"type": "Feature", "properties": {"sheet_name": "civil_infrastructure", "description": "У с. Калинівка боєприпас потрапив у дачний будинок, де був притулок для тварин. Внаслідок пожежі загинули 20 тварин.", "date": "2022-03-05", "timestamp": 1646438400000.0, "accuracy": 0}, "geometry": {"type": "Point", "coordinates": [32.180954, "47.048553"]}}, {"type": "Feature", "properties": {"sheet_name": "houses", "description": "У Калинівці боєприпас влучив у житловий будинок.", "date": "2022-03-05", "timestamp": 1646438400000.0, "accuracy": 0}, "geometry": {"type": "Point", "coordinates": [32.180753, "47.047452"]}}, {"type": "Feature", "properties": {"sheet_name": "injured", "description": "У Калинівці боєприпас влучив у житловий будинок, через що постраждало двоє людей.", "date": "2022-03-05", "timestamp": 1646438400000.0, "accuracy": 0}, "geometry": {"type": "Point", "coordinates": [32.180752, "47.047451"]}}, {"type": "Feature", "properties": {"sheet_name": "houses", "description": "Через обстріл з РСЗВ «Град» в миколаївському мікрорайоні «Ракетне Урочище» виникла пожежа на території подвір’я будинку.", "date": "2022-03-05", "timestamp": 1646438400000.0, "accuracy": 1}, "geometry": {"type": "Point", "coordinates": [32.025623, "46.989038"]}}, {"type": "Feature", "properties": {"sheet_name": "injured", "description": "Через російський обстріл Радсаду отримала поранення жінка.", "date": "2022-03-05", "timestamp": 1646438400000.0, "accuracy": 0}, "geometry": {"type": "Point", "coordinates": [31.987784, "46.899262"]}}, {"type": "Feature", "properties": {"sheet_name": "artyllery", "description": "Через російський обстріл Радсаду загинула жінка.", "date": "2022-03-05", "timestamp": 1646438400000.0, "accuracy": 0}, "geometry": {"type": "Point", "coordinates": [31.987683, "46.899061"]}}, {"type": "Feature", "properties": {"sheet_name": "houses", "description": "В Радісному Саді під обстріли потрапили houses та подвір’я.", "date": "2022-03-05", "timestamp": 1646438400000.0, "accuracy": 0}, "geometry": {"type": "Point", "coordinates": [31.987682, "46.899060"]}}, {"type": "Feature", "properties": {"sheet_name": "houses", "description": "Росіяни зруйнували три житлових будинки у Радісному Саду.", "date": "2022-03-05", "timestamp": 1646438400000.0, "accuracy": 0}, "geometry": {"type": "Point", "coordinates": [31.98567527, "46.89823822"]}}, {"type": "Feature", "properties": {"sheet_name": "critical_infrastracture", "description": "Снаряд потрапив в трансформаторну підстанцію в с. Баловне Миколаївського району.", "date": "2022-03-05", "timestamp": 1646438400000.0, "accuracy": 0}, "geometry": {"type": "Point", "coordinates": [31.901405, "47.061445"]}}, {"type": "Feature", "properties": {"sheet_name": "hospitals", "description": "В міській лікарні №3 м. Миколаєва вибиті 69 вікон, виникли проблеми з енергозабезпеченням і теплом.", "date": "2022-03-07", "timestamp": 1646611200000.0, "accuracy": 1}, "geometry": {"type": "Point", "coordinates": [32.083116, "46.977841"]}}, {"type": "Feature", "properties": {"sheet_name": "critical_infrastracture", "description": "У Миколаєві пошкоджено газопроводи й контактну мережу.", "date": "2022-03-07", "timestamp": 1646611200000.0, "accuracy": 0}, "geometry": {"type": "Point", "coordinates": [32.0412236, "46.9295104"]}}, {"type": "Feature", "properties": {"sheet_name": "houses", "description": "Обстріл Інгульського району та мкр Ракетне Урочище касетними боєприпасами РСЗВ “Смерч”.", "date": "2022-03-07", "timestamp": 1646611200000.0, "accuracy": 0}, "geometry": {"type": "Point", "coordinates": [32.039201, "46.939650"]}}, {"type": "Feature", "properties": {"sheet_name": "injured", "description": "У мікрорайоні «Балабанівка» через удар з РСЗВ по приватному будинку 12-річний хлопчик та його бабуся потрапили до реанімації.", "date": "2022-03-07", "timestamp": 1646611200000.0, "accuracy": 0}, "geometry": {"type": "Point", "coordinates": [32.037903, "46.872311"]}}, {"type": "Feature", "properties": {"sheet_name": "killed", "description": "У мікрорайоні «Балабанівка» в приватному будинку загинула мати та донька 19 років, того ж дня уламок rockets вбив 21-річну дівчину.", "date": "2022-03-07", "timestamp": 1646611200000.0, "accuracy": 0}, "geometry": {"type": "Point", "coordinates": [32.037903, "46.872311"]}}, {"type": "Feature", "properties": {"sheet_name": "houses", "description": "У мікрорайоні «Балабанівка» м. Миколаєва через обстріли з РСЗВ постраждали десятки житлових приватних будинків.", "date": "2022-03-07", "timestamp": 1646611200000.0, "accuracy": 0}, "geometry": {"type": "Point", "coordinates": [32.037902, "46.872310"]}}, {"type": "Feature", "properties": {"sheet_name": "culture", "description": "Ворожий снаряд влучив у Миколаївському зоопарку поблизу вольєрів тигрів та білих ведмедів, але не розірвався.", "date": "2022-03-07", "timestamp": 1646611200000.0, "accuracy": 1}, "geometry": {"type": "Point", "coordinates": [32.035042, "46.959859"]}}, {"type": "Feature", "properties": {"sheet_name": "injured", "description": "Рятувальники деблокували з-під завалів чоловіка та жінку.", "date": "2022-03-07", "timestamp": 1646611200000.0, "accuracy": 0}, "geometry": {"type": "Point", "coordinates": [32.002221, "46.836790"]}}, {"type": "Feature", "properties": {"sheet_name": "killed", "description": "Загинув чоловік, який працював водієм \"швидкої\", ворожий снаряд влучив у його приватний будинок.", "date": "2022-03-07", "timestamp": 1646611200000.0, "accuracy": 1}, "geometry": {"type": "Point", "coordinates": [31.999277, "47.033589"]}}, {"type": "Feature", "properties": {"sheet_name": "houses", "description": "У мікрорайоні «Тернівка» м. Миколаєва через обстріл зруйновано ряд приватних будинків.", "date": "2022-03-07", "timestamp": 1646611200000.0, "accuracy": 1}, "geometry": {"type": "Point", "coordinates": [31.999276, "47.033588"]}}, {"type": "Feature", "properties": {"sheet_name": "factories", "description": "Російські загарбники завдали ракетного удару по морському порту \"Ольвія\".", "date": "2022-03-07", "timestamp": 1646611200000.0, "accuracy": 1}, "geometry": {"type": "Point", "coordinates": [31.95774126, "46.83202881"]}}, {"type": "Feature", "properties": {"sheet_name": "culture", "description": "В с. Козирка пошкоджено будівлі школи і будинку культури.", "date": "2022-03-07", "timestamp": 1646611200000.0, "accuracy": 1}, "geometry": {"type": "Point", "coordinates": [31.87799, "46.80794"]}}, {"type": "Feature", "properties": {"sheet_name": "civil_infrastructure", "description": "Декілька снарядів потрапили до геріатричного пансіонату. Обійшлось без людських жертв, однак будівля будинку престарілих суттєво постраждала.", "date": "2022-03-09", "timestamp": 1646784000000.0, "accuracy": 1}, "geometry": {"type": "Point", "coordinates": [32.057901, "46.981519"]}}, {"type": "Feature", "properties": {"sheet_name": "houses", "description": "Внаслідок сильного артобстрілу сильно постраждали будинки на одній з вулиць мікрорайону \"Тернівка\".", "date": "2022-03-09", "timestamp": 1646784000000.0, "accuracy": 0}, "geometry": {"type": "Point", "coordinates": [32.00515, "47.02911"]}}, {"type": "Feature", "properties": {"sheet_name": "critical_infrastracture", "description": "Росіяни з мінометів обстріляли під Миколаєвом очисні споруди каналізації міста. Пошкоджена електрична система, частково виведена з ладу система механічної очистки стічних вод,", "date": "2022-03-09", "timestamp": 1646784000000.0, "accuracy": 0}, "geometry": {"type": "Point", "coordinates": [31.99619, "46.8278"]}}, {"type": "Feature", "properties": {"sheet_name": "houses", "description": "Під час спроби ворога закріпитися в с. Лупареве постраждали houses.", "date": "2022-03-10", "timestamp": 1646870400000.0, "accuracy": 0}, "geometry": {"type": "Point", "coordinates": [31.98433299, "46.69203637"]}}, {"type": "Feature", "properties": {"sheet_name": "houses", "description": "Від обстрілів \"касетами\" постраждали houses.", "date": "2022-03-11", "timestamp": 1646956800000.0, "accuracy": 1}, "geometry": {"type": "Point", "coordinates": [32.05538935, "46.9414122"]}}, {"type": "Feature", "properties": {"sheet_name": "injured", "description": "Після обстрілу Миколаєва до лікарень надійшли вісім поранених цивільних.", "date": "2022-03-11", "timestamp": 1646956800000.0, "accuracy": 1}, "geometry": {"type": "Point", "coordinates": [32.05538935, "46.9414122"]}}, {"type": "Feature", "properties": {"sheet_name": "hospitals", "description": "Під обстріл потрапили Миколаївська обласна онкологічна лікарня та областна офтальмологія, вибиті десятки вікон.", "date": "2022-03-11", "timestamp": 1646956800000.0, "accuracy": 1}, "geometry": {"type": "Point", "coordinates": [32.045948, "46.944660"]}}, {"type": "Feature", "properties": {"sheet_name": "Заклади культури", "description": "Снаряди РСЗВ «Ураган» влучили у Миколаївський зоопарк. Один з них пробив вольєр з птахами та застряг у землі.", "date": "2022-03-11", "timestamp": 1646956800000.0, "accuracy": 1}, "geometry": {"type": "Point", "coordinates": [32.036452, "46.961519"]}}, {"type": "Feature", "properties": {"sheet_name": "houses", "description": "Три снаряди потрапили у houses Миколаєва, один влучив у котельню.", "date": "2022-03-11", "timestamp": 1646956800000.0, "accuracy": 0}, "geometry": {"type": "Point", "coordinates": [32.0157461, "46.97396026"]}}, {"type": "Feature", "properties": {"sheet_name": "injured", "description": "Через обстріл житлових кварталів отримали осколкові поранення троє цивільних.", "date": "2022-03-11", "timestamp": 1646956800000.0, "accuracy": 0}, "geometry": {"type": "Point", "coordinates": [32.0157461, "46.97396026"]}}, {"type": "Feature", "properties": {"sheet_name": "schools", "description": "Через обстріл з систем РСЗВ пошкоджено будівлю школи в селищі Луч.", "date": "2022-03-12", "timestamp": 1647043200000.0, "accuracy": 1}, "geometry": {"type": "Point", "coordinates": [32.22139, "46.8279"]}}, {"type": "Feature", "properties": {"sheet_name": "killed", "description": "Під час артобстрілу загинув сторож автостоянки.", "date": "2022-03-12", "timestamp": 1647043200000.0, "accuracy": 1}, "geometry": {"type": "Point", "coordinates": [32.08043, "46.967293"]}}, {"type": "Feature", "properties": {"sheet_name": "houses", "description": "За один обстріл пошкоджені 167 пошкоджених будинків у Миколаєві.", "date": "2022-03-12", "timestamp": 1647043200000.0, "accuracy": 0}, "geometry": {"type": "Point", "coordinates": [32.041523, "46.952798"]}}, {"type": "Feature", "properties": {"sheet_name": "injured", "description": "Через обстріл поранено 8 цивільних миколаївців.", "date": "2022-03-12", "timestamp": 1647043200000.0, "accuracy": 0}, "geometry": {"type": "Point", "coordinates": [32.041523, "46.952798"]}}, {"type": "Feature", "properties": {"sheet_name": "hospitals", "description": "Росіяни пошкодили обстрілом станцію екстренної медичної допомоги у Миколаєві.", "date": "2022-03-12", "timestamp": 1647043200000.0, "accuracy": 1}, "geometry": {"type": "Point", "coordinates": [32.018233, "46.973577"]}}, {"type": "Feature", "properties": {"sheet_name": "civil_infrastructure", "description": "Окупанти обстрілювали інфраструктуру Баштанки із артилерії та РСЗВ.", "date": "2022-03-13", "timestamp": 1647129600000.0, "accuracy": 0}, "geometry": {"type": "Point", "coordinates": [32.43399532, "47.40484054"]}}, {"type": "Feature", "properties": {"sheet_name": "schools", "description": "Окупанти здійснили авіаудар по школі в селі Зелений Гай: навчальний заклад повністю зруйнований.", "date": "2022-03-13", "timestamp": 1647129600000.0, "accuracy": 1}, "geometry": {"type": "Point", "coordinates": [32.24218666, "46.93808185"]}}, {"type": "Feature", "properties": {"sheet_name": "killed", "description": "Унаслідок удару авіації РФ по школі в Зеленому Гаю загинуло 4 людей, ще 3 постраждали.", "date": "2022-03-13", "timestamp": 1647129600000.0, "accuracy": 1}, "geometry": {"type": "Point", "coordinates": [32.24218666, "46.93808185"]}}, {"type": "Feature", "properties": {"sheet_name": "injured", "description": "Унаслідок удару авіації РФ по школі в Зеленому Гаю загинуло 4 людей, ще 3 постраждали.", "date": "2022-03-13", "timestamp": 1647129600000.0, "accuracy": 1}, "geometry": {"type": "Point", "coordinates": [32.24218666, "46.93808185"]}}, {"type": "Feature", "properties": {"sheet_name": "killed", "description": "Росіяни обстріляли житлові квартали Миколаєва, під удар потрапили люди, які стояли в черзі біля супермаркету та банкомату.", "date": "2022-03-13", "timestamp": 1647129600000.0, "accuracy": 1}, "geometry": {"type": "Point", "coordinates": [31.997398, "47.013818"]}}, {"type": "Feature", "properties": {"sheet_name": "injured", "description": "Росіяни обстріляли житлові квартали Миколаєва, під удар потрапили люди, які стояли в черзі біля супермаркету та банкомату.", "date": "2022-03-13", "timestamp": 1647129600000.0, "accuracy": 1}, "geometry": {"type": "Point", "coordinates": [31.997498, "47.013618"]}}, {"type": "Feature", "properties": {"sheet_name": "houses", "description": "Росіяни обстріляли житлові квартали Миколаєва.", "date": "2022-03-13", "timestamp": 1647129600000.0, "accuracy": 1}, "geometry": {"type": "Point", "coordinates": [31.997398, "47.013818"]}}, {"type": "Feature", "properties": {"sheet_name": "houses", "description": "В Прибузькому зруйновано електростанцію та приватні житлові будинки.", "date": "2022-03-13", "timestamp": 1647129600000.0, "accuracy": 0}, "geometry": {"type": "Point", "coordinates": [31.884654, "46.736520"]}}, {"type": "Feature", "properties": {"sheet_name": "houses", "description": "Снаряд влучив у приватний будинок в Корабельному районі. Сталося руйнування стін, згоріла хата і все, що було в ній.", "date": "2022-03-13", "timestamp": 1647129600000.0, "accuracy": 0}, "geometry": {"type": "Point", "coordinates": [32.04759, "46.87464"]}}, {"type": "Feature", "properties": {"sheet_name": "schools", "description": "Fвіабомба зруйнували житловий будинок в с. Кашперо-Миколаївка Миколаївської області.", "date": "2022-03-13", "timestamp": 1647129600000.0, "accuracy": 0}, "geometry": {"type": "Point", "coordinates": [32.18776, "47.37860"]}}, {"type": "Feature", "properties": {"sheet_name": "killed", "description": "Одна людина загинула через авіаційний обстріл міста Снігурівка.", "date": "2022-03-14", "timestamp": 1647216000000.0, "accuracy": 0}, "geometry": {"type": "Point", "coordinates": [32.43789689, "47.04246442"]}}, {"type": "Feature", "properties": {"sheet_name": "injured", "description": "Рятувальники деблокували з-під завалів шість людей у Снігурівці після авіаційного удару по будинках.", "date": "2022-03-14", "timestamp": 1647216000000.0, "accuracy": 0}, "geometry": {"type": "Point", "coordinates": [32.43789189, "47.04245442"]}}, {"type": "Feature", "properties": {"sheet_name": "houses", "description": "Через авіаційний обстріл міста Снігурівка зруйновані п'ять житлових будинків.", "date": "2022-03-14", "timestamp": 1647216000000.0, "accuracy": 0}, "geometry": {"type": "Point", "coordinates": [32.43789189, "47.04245442"]}}, {"type": "Feature", "properties": {"sheet_name": "factories", "description": "В Інгульському районі постраждали споруди підприємства, поранення отримали четверо співробітників.", "date": "2022-03-14", "timestamp": 1647216000000.0, "accuracy": 0}, "geometry": {"type": "Point", "coordinates": [32.07459, "46.95836"]}}, {"type": "Feature", "properties": {"sheet_name": "injured", "description": "В Інгульському районі постраждали споруди підприємства, поранення отримали четверо співробітників.", "date": "2022-03-14", "timestamp": 1647216000000.0, "accuracy": 0}, "geometry": {"type": "Point", "coordinates": [32.0746, "46.95837"]}}, {"type": "Feature", "properties": {"sheet_name": "schools", "description": "Gостраждала водна база ЧНУ ім. Петра Могили. Пошкоджено футбольне поле, трибуни, роздягалки та котельня на території водної бази. ", "date": "2022-03-14", "timestamp": 1647216000000.0, "accuracy": 1}, "geometry": {"type": "Point", "coordinates": [32.033295, "46.986604"]}}, {"type": "Feature", "properties": {"sheet_name": "houses", "description": "Часткове руйнування стін та покрівлі 5-ти поверхового житлового будинку у Вознесенську.", "date": "2022-03-16", "timestamp": 1647388800000.0, "accuracy": 0}, "geometry": {"type": "Point", "coordinates": [31.32134, "47.58233"]}}, {"type": "Feature", "properties": {"sheet_name": "houses", "description": "Повністю зруйновано декілька приватних житлових будинків в Снігурівці.", "date": "2022-03-17", "timestamp": 1647475200000.0, "accuracy": 0}, "geometry": {"type": "Point", "coordinates": [32.80587, "47.07069"]}}, {"type": "Feature", "properties": {"sheet_name": "civil_infrastructure", "description": "Через авіаудар у Вознесенську виникли пожежі.", "date": "2022-03-18", "timestamp": 1647561600000.0, "accuracy": 0}, "geometry": {"type": "Point", "coordinates": [31.30481199, "47.57042256"]}}, {"type": "Feature", "properties": {"sheet_name": "houses", "description": "Снаряд влучив у двоповерховий житловий будинок в Інгульському районі Миколаєва, чотири квартири зруйновано повністю.", "date": "2022-03-22", "timestamp": 1647907200000.0, "accuracy": 0}, "geometry": {"type": "Point", "coordinates": [32.06746, "46.9631"]}}, {"type": "Feature", "properties": {"sheet_name": "factories", "description": " Внаслідок обстрілу сталася пожежа складського приміщення на об’єкті в Інгульському районі Миколаєва.", "date": "2022-03-22", "timestamp": 1647907200000.0, "accuracy": 0}, "geometry": {"type": "Point", "coordinates": [32.06797, "46.9600"]}}, {"type": "Feature", "properties": {"sheet_name": "killed", "description": "Після руйнування будинку та пожежі рятувальники деблокували тіла 2 загиблих жінок.", "date": "2022-03-22", "timestamp": 1647907200000.0, "accuracy": 0}, "geometry": {"type": "Point", "coordinates": [32.06858, "46.9731"]}}, {"type": "Feature", "properties": {"sheet_name": "factories", "description": "Військові РФ здійснили обстріл території порту «Миколаїв», значно пошкодивши інфраструктуру порту.", "date": "2022-03-22", "timestamp": 1647907200000.0, "accuracy": 0}, "geometry": {"type": "Point", "coordinates": [32.01404, "46.948403"]}}, {"type": "Feature", "properties": {"sheet_name": "injured", "description": "Одна жінка постраждала у результаті обстрілу автозаправки у Миколаєві.", "date": "2022-03-22", "timestamp": 1647907200000.0, "accuracy": 1}, "geometry": {"type": "Point", "coordinates": [32.03429725, "46.8618415"]}}, {"type": "Feature", "properties": {"sheet_name": "factories", "description": "Окупанти обстріляли АЗС у Миколаєві, є жертви.", "date": "2022-03-22", "timestamp": 1647907200000.0, "accuracy": 1}, "geometry": {"type": "Point", "coordinates": [32.03429725, "46.8618415"]}}, {"type": "Feature", "properties": {"sheet_name": "killed", "description": "Троє чоловіків загинули у результаті обстрілу автозаправки у Миколаєві.", "date": "2022-03-22", "timestamp": 1647907200000.0, "accuracy": 1}, "geometry": {"type": "Point", "coordinates": [32.03429725, "46.8618415"]}}, {"type": "Feature", "properties": {"sheet_name": "culture", "description": "Обстрілу з РСЗВ піддався Миколаївський зоопарк. ", "date": "2022-03-23", "timestamp": 1647993600000.0, "accuracy": 1}, "geometry": {"type": "Point", "coordinates": [32.038506, "46.960804"]}}, {"type": "Feature", "properties": {"sheet_name": "houses", "description": "Росіяни обстріляли з РСЗВ \"Смерч\" будівлі в Явкиному, через що постраждали місцеві та евакуйовані з Снігурівської громади.", "date": "2022-03-24", "timestamp": 1648080000000.0, "accuracy": 0}, "geometry": {"type": "Point", "coordinates": [32.60831, "47.27214"]}}, {"type": "Feature", "properties": {"sheet_name": "killed", "description": "Через обстріл з РСЗВ \"Смерч\" у Явкиному загинуло три людини.", "date": "2022-03-24", "timestamp": 1648080000000.0, "accuracy": 0}, "geometry": {"type": "Point", "coordinates": [32.60831, "47.27214"]}}, {"type": "Feature", "properties": {"sheet_name": "injured", "description": "Росіяни обстріляли з РСЗВ \"Смерч\" Явкине, через що 13 цивільних отримали поранення.", "date": "2022-03-24", "timestamp": 1648080000000.0, "accuracy": 0}, "geometry": {"type": "Point", "coordinates": [32.60731, "47.27414"]}}, {"type": "Feature", "properties": {"sheet_name": "houses", "description": "У с. Шевченкове пошкоджені житлові будинки.", "date": "2022-03-26", "timestamp": 1648252800000.0, "accuracy": 1}, "geometry": {"type": "Point", "coordinates": [32.19628874, "46.85962627"]}}, {"type": "Feature", "properties": {"sheet_name": "houses", "description": "Постраждало декілька житлових багатоповерхових будинків в Корабельному районі Миколаєва. Пошкоджено фасади будинків, вибиті вікна та двері. ", "date": "2022-03-28", "timestamp": 1648425600000.0, "accuracy": 0}, "geometry": {"type": "Point", "coordinates": [32.00996, "46.85498"]}}, {"type": "Feature", "properties": {"sheet_name": "factories", "description": "Артобстріл військовими РФ Миколаївського глиноземного заводу.", "date": "2022-03-28", "timestamp": 1648425600000.0, "accuracy": 1}, "geometry": {"type": "Point", "coordinates": [31.953815, "46.778078"]}}, {"type": "Feature", "properties": {"sheet_name": "injured", "description": "В результаті артобстрілу Миколаївського глиноземного заводу, осколкове поранення отримав співробітник підприємства.", "date": "2022-03-28", "timestamp": 1648425600000.0, "accuracy": 1}, "geometry": {"type": "Point", "coordinates": [31.953816, "46.778079"]}}, {"type": "Feature", "properties": {"sheet_name": "hospitals", "description": "Від снарядів постраждали будівлі Лупарівського психоневрологічного інтернату.", "date": "2022-03-28", "timestamp": 1648425600000.0, "accuracy": 1}, "geometry": {"type": "Point", "coordinates": [31.983119, "46.664236"]}}, {"type": "Feature", "properties": {"sheet_name": "admin_buildings", "description": "Крилата ракета \"Калібр\" зруйнувала будівлю Миколаївської обласної державної адміністрації.", "date": "2022-03-29", "timestamp": 1648512000000.0, "accuracy": 1}, "geometry": {"type": "Point", "coordinates": [31.99725576, "46.97443944"]}}, {"type": "Feature", "properties": {"sheet_name": "killed", "description": "Ракетний удар по Миколаївській обласній державній адміністрації вбив близько 40 людей: серед них кілька військових, які несли чергування, та цивільні працівники ОДА.", "date": "2022-03-29", "timestamp": 1648512000000.0, "accuracy": 1}, "geometry": {"type": "Point", "coordinates": [31.99725576, "46.97443944"]}}, {"type": "Feature", "properties": {"sheet_name": "culture", "description": "Пошкоджень від вибуху зазнала будівля Миколаївського палацу творчості учнів.", "date": "2022-03-29", "timestamp": 1648512000000.0, "accuracy": 1}, "geometry": {"type": "Point", "coordinates": [31.995849, "46.974491"]}}, {"type": "Feature", "properties": {"sheet_name": "schools", "description": "Зруйнована частина школи в селищі Березнегувате Миколаївської області. В будівлю школи ймовірно ударило дві ракети.", "date": "2022-03-29", "timestamp": 1648512000000.0, "accuracy": 1}, "geometry": {"type": "Point", "coordinates": [32.859398, "47.308197"]}}, {"type": "Feature", "properties": {"sheet_name": "houses", "description": " В с. Лимани зафіксовано пошкодження житлових будинків.", "date": "2022-03-31", "timestamp": 1648684800000.0, "accuracy": 0}, "geometry": {"type": "Point", "coordinates": [31.970839, "46.729762"]}}, {"type": "Feature", "properties": {"sheet_name": "houses", "description": " В с. Лимани пошкоджено житловий будинок.", "date": "2022-03-31", "timestamp": 1648684800000.0, "accuracy": 0}, "geometry": {"type": "Point", "coordinates": [31.976839, "46.720762"]}}, {"type": "Feature", "properties": {"sheet_name": "factories", "description": "Внаслідок ракетного обстрілу пошкоджено в с. Галицинове заводоуправління Миколаївського глиноземного заводу.", "date": "2022-04-02", "timestamp": 1648857600000.0, "accuracy": 1}, "geometry": {"type": "Point", "coordinates": [31.955815, "46.773078"]}}, {"type": "Feature", "properties": {"sheet_name": "injured", "description": "Внаслідок удару по Миколаєву 11 цивільних ушпиталили з пораненнями, зокрема 15-річного підлітка з травмами середнього ступеня тяжкості.", "date": "2022-04-03", "timestamp": 1648944000000.0, "accuracy": 0}, "geometry": {"type": "Point", "coordinates": [32.01306517, "46.95973363"]}}, {"type": "Feature", "properties": {"sheet_name": "killed", "description": "Внаслідок удару по Миколаєву в Корабельному районі у будинку загинула одна людина.", "date": "2022-04-03", "timestamp": 1648944000000.0, "accuracy": 0}, "geometry": {"type": "Point", "coordinates": [32.010086, "46.842674"]}}, {"type": "Feature", "properties": {"sheet_name": "houses", "description": "Росіяни завдали удару касетними боєприпасами по житлових кварталах Миколаєва.", "date": "2022-04-03", "timestamp": 1648944000000.0, "accuracy": 0}, "geometry": {"type": "Point", "coordinates": [32.01306517, "46.95973363"]}}, {"type": "Feature", "properties": {"sheet_name": "factories", "description": "Ворожа ракета вдарила по елеватору ТОВ \"Баловнянська виробнича база\" у Костянтинівці.", "date": "2022-04-03", "timestamp": 1648944000000.0, "accuracy": 1}, "geometry": {"type": "Point", "coordinates": [31.93459889, "47.08720537"]}}, {"type": "Feature", "properties": {"sheet_name": "killed", "description": "В Заводському районі внаслідок обстрілу сталось руйнування одноповерхового житлового будинку. Рятувальники деблокували тіло загиблого літнього чоловіка.", "date": "2022-04-03", "timestamp": 1648944000000.0, "accuracy": 0}, "geometry": {"type": "Point", "coordinates": [31.99182, "46.96136"]}}, {"type": "Feature", "properties": {"sheet_name": "houses", "description": "В Очакові виникли пожежі житлових будинків.", "date": "2022-04-03", "timestamp": 1648944000000.0, "accuracy": 0}, "geometry": {"type": "Point", "coordinates": [31.5385, "46.61149"]}}, {"type": "Feature", "properties": {"sheet_name": "killed", "description": "Внаслідок обстрілів загинули 7 жителів Очакова.", "date": "2022-04-03", "timestamp": 1648944000000.0, "accuracy": 0}, "geometry": {"type": "Point", "coordinates": [31.5386, "46.61150"]}}, {"type": "Feature", "properties": {"sheet_name": "injured", "description": "Внаслідок обстрілів 20 жителів Очакова отримали поранення. ", "date": "2022-04-03", "timestamp": 1648944000000.0, "accuracy": 0}, "geometry": {"type": "Point", "coordinates": [31.5687, "46.61351"]}}, {"type": "Feature", "properties": {"sheet_name": "houses", "description": "Росіяни обстріляли касетними боєприпасами житлові квартали Миколаєва.", "date": "2022-04-04", "timestamp": 1649030400000.0, "accuracy": 0}, "geometry": {"type": "Point", "coordinates": [32.05547, "46.943025"]}}, {"type": "Feature", "properties": {"sheet_name": "hospitals", "description": "В центрі Миколаєва пошкоджено міську лікарню.", "date": "2022-04-04", "timestamp": 1649030400000.0, "accuracy": 1}, "geometry": {"type": "Point", "coordinates": [31.97482791, "46.97291178"]}}, {"type": "Feature", "properties": {"sheet_name": "injured", "description": "Внаслідок обстрілу Миколаєва касетними боєприпасами 41 особа - поранена, серед них є четверо дітей.", "date": "2022-04-04", "timestamp": 1649030400000.0, "accuracy": 1}, "geometry": {"type": "Point", "coordinates": [32.05547, "46.943025"]}}, {"type": "Feature", "properties": {"sheet_name": "killed", "description": "Внаслідок обстрілу Миколаєва касетними боєприпасами загинули 12 осіб, які стояли на зупинці громадського транспорту та сиділи в маршрутці.", "date": "2022-04-04", "timestamp": 1649030400000.0, "accuracy": 1}, "geometry": {"type": "Point", "coordinates": [32.05347, "46.945025"]}}, {"type": "Feature", "properties": {"sheet_name": "civil_infrastructure", "description": "У результаті вибухів пошкоджені об’єкти цивільної інфраструктури: магазини, зупинка.", "date": "2022-04-04", "timestamp": 1649030400000.0, "accuracy": 1}, "geometry": {"type": "Point", "coordinates": [32.05547, "46.943025"]}}, {"type": "Feature", "properties": {"sheet_name": "schools", "description": "Через обстріл Миколаєва пошкоджено Будинок дитини, 11 дитячих садків та 12 шкіл.", "date": "2022-04-04", "timestamp": 1649030400000.0, "accuracy": 1}, "geometry": {"type": "Point", "coordinates": [31.95636863, "46.95578112"]}}, {"type": "Feature", "properties": {"sheet_name": "hospitals", "description": "У Миколаєві пошкоджено обласну лікарню, центр профілактичних хвороб.", "date": "2022-04-04", "timestamp": 1649030400000.0, "accuracy": 1}, "geometry": {"type": "Point", "coordinates": [31.9428304, "46.95476654"]}}, {"type": "Feature", "properties": {"sheet_name": "factories", "description": "Росіяни поцілили ракетами в ангари катарського підприємства біля миколаївського порту.", "date": "2022-04-10", "timestamp": 1649548800000.0, "accuracy": 1}, "geometry": {"type": "Point", "coordinates": [31.95904396, "46.83109683"]}}, {"type": "Feature", "properties": {"sheet_name": "civil_infrastructure", "description": "Ракетним ударом пошкодили сортувальне депо \"Нової пошти\" у Миколаєві.", "date": "2022-04-15", "timestamp": 1649980800000.0, "accuracy": 0}, "geometry": {"type": "Point", "coordinates": [31.999892, "47.017763"]}}, {"type": "Feature", "properties": {"sheet_name": "injured", "description": "Через удар по терміналу \"Нової пошти\" у Миколаєві отримали поранення троє людей.", "date": "2022-04-15", "timestamp": 1649980800000.0, "accuracy": 0}, "geometry": {"type": "Point", "coordinates": [31.999892, "47.017763"]}}, {"type": "Feature", "properties": {"sheet_name": "hospitals", "description": "Під удар потрапила Баштанська багатопрофільна лікарня. Унаслідок атаки пошкоджень зазнала будівля поліклініки, частково пошкоджено два відділення лікарні.", "date": "2022-04-19", "timestamp": 1650326400000.0, "accuracy": 1}, "geometry": {"type": "Point", "coordinates": [32.42368884, "47.41159478"]}}, {"type": "Feature", "properties": {"sheet_name": "houses", "description": "Ворожі обстріли житлових кварталів та у передмісті Миколаєва призвели до пожеж.", "date": "2022-04-19", "timestamp": 1650326400000.0, "accuracy": 0}, "geometry": {"type": "Point", "coordinates": [32.05134083, "46.92811746"]}}, {"type": "Feature", "properties": {"sheet_name": "hospitals", "description": "Внаслідок ракетного удару уражено будівлю поліклініки Баштанки.", "date": "2022-04-20", "timestamp": 1650412800000.0, "accuracy": 1}, "geometry": {"type": "Point", "coordinates": [32.42365659, "47.41172184"]}}, {"type": "Feature", "properties": {"sheet_name": "houses", "description": "Від вибуху постраждали п'ять багатоповерхівок: в них вибиті вхідні двері, вікна.", "date": "2022-04-20", "timestamp": 1650412800000.0, "accuracy": 0}, "geometry": {"type": "Point", "coordinates": [31.98758, "46.96757"]}}, {"type": "Feature", "properties": {"sheet_name": "injured", "description": "Поранено двох людей через обстріл у Миколаєві.", "date": "2022-04-20", "timestamp": 1650412800000.0, "accuracy": 0}, "geometry": {"type": "Point", "coordinates": [31.98859, "46.96658"]}}, {"type": "Feature", "properties": {"sheet_name": "killed", "description": "У Миколаєві через ворожу атаку загинув один цивільний.", "date": "2022-04-20", "timestamp": 1650412800000.0, "accuracy": 0}, "geometry": {"type": "Point", "coordinates": [31.9876, "46.96759"]}}, {"type": "Feature", "properties": {"sheet_name": "killed", "description": "Внаслідок нічних обстрілів в Миколаєві загинула одна людина, двоє поранених.", "date": "2022-04-21", "timestamp": 1650499200000.0, "accuracy": 0}, "geometry": {"type": "Point", "coordinates": [31.98501, "46.96732"]}}, {"type": "Feature", "properties": {"sheet_name": "injured", "description": "Внаслідок нічних обстрілів в Миколаєві загинула одна людина, двоє поранених.", "date": "2022-04-21", "timestamp": 1650499200000.0, "accuracy": 0}, "geometry": {"type": "Point", "coordinates": [31.98602, "46.96433"]}}, {"type": "Feature", "properties": {"sheet_name": "houses", "description": "Росіяни обстріляли касетними боєприпасами житлові квартали Миколаєва.", "date": "2022-04-21", "timestamp": 1650499200000.0, "accuracy": 0}, "geometry": {"type": "Point", "coordinates": [31.98603, "46.96434"]}}, {"type": "Feature", "properties": {"sheet_name": "houses", "description": "Через приліт у Миколаєві вибиті вікна в будинках.", "date": "2022-04-23", "timestamp": 1650672000000.0, "accuracy": 0}, "geometry": {"type": "Point", "coordinates": [32.08352215, "46.96110396"]}}, {"type": "Feature", "properties": {"sheet_name": "houses", "description": "Через обстріл с. Шевченкове сталася пожежа приватних господарських будівель.", "date": "2022-04-25", "timestamp": 1650844800000.0, "accuracy": 0}, "geometry": {"type": "Point", "coordinates": [32.19318673, "46.86381118"]}}, {"type": "Feature", "properties": {"sheet_name": "killed", "description": "У Миколаєві внаслідок осколкового поранення загинув чоловік у власному будинку.", "date": "2022-04-26", "timestamp": 1650931200000.0, "accuracy": 0}, "geometry": {"type": "Point", "coordinates": [32.03081, "46.87278"]}}, {"type": "Feature", "properties": {"sheet_name": "houses", "description": "У Миколаєві ворожий артобстріл пошкодив житлові будинки.", "date": "2022-04-26", "timestamp": 1650931200000.0, "accuracy": 0}, "geometry": {"type": "Point", "coordinates": [32.03082, "46.87279"]}}, {"type": "Feature", "properties": {"sheet_name": "injured", "description": "У Миколаєві чоловік отримав проникаюче поранення грудної клітини, коли під час обстрілу виглядав у вікно.", "date": "2022-04-26", "timestamp": 1650931200000.0, "accuracy": 0}, "geometry": {"type": "Point", "coordinates": [32.00987, "46.8562"]}}, {"type": "Feature", "properties": {"sheet_name": "houses", "description": "У с. Шевченкове ракета влучила у приватний будинок.", "date": "2022-04-28", "timestamp": 1651104000000.0, "accuracy": 0}, "geometry": {"type": "Point", "coordinates": [32.18074128, "46.86868185"]}}, {"type": "Feature", "properties": {"sheet_name": "houses", "description": "Ракети \"Ураган\" поцілили у чотириповерховий житловий будинок у Миколаєві.", "date": "2022-05-04", "timestamp": 1651622400000.0, "accuracy": 0}, "geometry": {"type": "Point", "coordinates": [32.04506965, "46.91891046"]}}, {"type": "Feature", "properties": {"sheet_name": "killed", "description": "Через ракетний удар по Миколаєву загинули дві людини.", "date": "2022-05-08", "timestamp": 1651968000000.0, "accuracy": 0}, "geometry": {"type": "Point", "coordinates": [32.05432, "46.94473"]}}, {"type": "Feature", "properties": {"sheet_name": "houses", "description": "Ракети прилетіли у житлові квартали Миколаєва.", "date": "2022-05-08", "timestamp": 1651968000000.0, "accuracy": 0}, "geometry": {"type": "Point", "coordinates": [32.05433, "46.94474"]}}, {"type": "Feature", "properties": {"sheet_name": "houses", "description": "Постраждали житлові будинки через ракетний удар по Очакову.", "date": "2022-05-08", "timestamp": 1651968000000.0, "accuracy": 0}, "geometry": {"type": "Point", "coordinates": [31.5448593, "46.61719282"]}}, {"type": "Feature", "properties": {"sheet_name": "houses", "description": "Ракети вдарили по житлових будинках у Вознесенську.", "date": "2022-05-08", "timestamp": 1651968000000.0, "accuracy": 0}, "geometry": {"type": "Point", "coordinates": [31.3142244, "47.57290833"]}}, {"type": "Feature", "properties": {"sheet_name": "houses", "description": "У с. Новоруське через обстріл згоріло 2 житлових будинки.", "date": "2022-05-10", "timestamp": 1652140800000.0, "accuracy": 0}, "geometry": {"type": "Point", "coordinates": [32.25778592, "46.90749961"]}}, {"type": "Feature", "properties": {"sheet_name": "critical_infrastracture", "description": "Через обстріл у селі Баловне вийшла з ладу електропідстанція.", "date": "2022-05-10", "timestamp": 1652140800000.0, "accuracy": 0}, "geometry": {"type": "Point", "coordinates": [31.88472007, "47.05217162"]}}, {"type": "Feature", "properties": {"sheet_name": "houses", "description": "Через обстріл у селі Баловне є руйнація приватних будинків.", "date": "2022-05-10", "timestamp": 1652140800000.0, "accuracy": 0}, "geometry": {"type": "Point", "coordinates": [31.88462007, "47.05277162"]}}, {"type": "Feature", "properties": {"sheet_name": "houses", "description": "В Березнегуватській громаді частково пошкоджені житлові будинки.", "date": "2022-05-12", "timestamp": 1652313600000.0, "accuracy": 0}, "geometry": {"type": "Point", "coordinates": [32.882581, "47.2825689"]}}, {"type": "Feature", "properties": {"sheet_name": "injured", "description": "В Березнегуватській громаді через обстріли поранена одна жінка.", "date": "2022-05-12", "timestamp": 1652313600000.0, "accuracy": 0}, "geometry": {"type": "Point", "coordinates": [32.882581, "47.2825689"]}}, {"type": "Feature", "properties": {"sheet_name": "houses", "description": "У с. Нововасилівка через обстріл було загоряння житлового будинку.", "date": "2022-05-12", "timestamp": 1652313600000.0, "accuracy": 0}, "geometry": {"type": "Point", "coordinates": [32.80725144, "47.00179386"]}}, {"type": "Feature", "properties": {"sheet_name": "critical_infrastracture", "description": "Через обстріл у Корабельному районі Миколаєва пошкоджено побутовий газопровід.", "date": "2022-05-12", "timestamp": 1652313600000.0, "accuracy": 0}, "geometry": {"type": "Point", "coordinates": [32.01840499, "46.8677092"]}}, {"type": "Feature", "properties": {"sheet_name": "agri", "description": "У Миколаєві обстрілу зазнала територія Балабанівського лісу.", "date": "2022-05-12", "timestamp": 1652313600000.0, "accuracy": 0}, "geometry": {"type": "Point", "coordinates": [31.98894747, "46.83875087"]}}, {"type": "Feature", "properties": {"sheet_name": "houses", "description": "Обстріл з РСЗВ, зокрема з касетними боєприпасами, постраждали житлові будинки Корабельного району Миколаєва.", "date": "2022-05-13", "timestamp": 1652400000000.0, "accuracy": 0}, "geometry": {"type": "Point", "coordinates": [32.06936061, "46.94354375"]}}, {"type": "Feature", "properties": {"sheet_name": "houses", "description": "Зруйновані приватні житлові будинки в Інгульському районі Миколаєва.", "date": "2022-05-13", "timestamp": 1652400000000.0, "accuracy": 0}, "geometry": {"type": "Point", "coordinates": [32.06755, "46.96737"]}}, {"type": "Feature", "properties": {"sheet_name": "houses", "description": "У Березнегуватській громаді через постійні обстріли пошкоджені житлові будинки.", "date": "2022-05-15", "timestamp": 1652572800000.0, "accuracy": 0}, "geometry": {"type": "Point", "coordinates": [32.86958592, "47.35264762"]}}, {"type": "Feature", "properties": {"sheet_name": "injured", "description": "У Березнегуватській громаді 1 поранений через обстріл з РСЗВ.", "date": "2022-05-15", "timestamp": 1652572800000.0, "accuracy": 0}, "geometry": {"type": "Point", "coordinates": [32.86956592, "47.35263762"]}}, {"type": "Feature", "properties": {"sheet_name": "killed", "description": "У Березнегуватській громаді 2 загиблих через обстріл з РСЗВ.", "date": "2022-05-15", "timestamp": 1652572800000.0, "accuracy": 0}, "geometry": {"type": "Point", "coordinates": [32.86954592, "47.35264762"]}}, {"type": "Feature", "properties": {"sheet_name": "houses", "description": "Внаслідок обстрілу смт Первомайське пошкоджена п'ятиповерхівка та приватний будинок.", "date": "2022-05-16", "timestamp": 1652659200000.0, "accuracy": 0}, "geometry": {"type": "Point", "coordinates": [32.43806355, "47.04216197"]}}, {"type": "Feature", "properties": {"sheet_name": "civil_infrastructure", "description": "Після обстрілу виникла пожеж магазину.", "date": "2022-05-16", "timestamp": 1652659200000.0, "accuracy": 0}, "geometry": {"type": "Point", "coordinates": [32.026334, "46.965244"]}}, {"type": "Feature", "properties": {"sheet_name": "houses", "description": "У Широківській громаді пошкоджені житлові будинки.", "date": "2022-05-17", "timestamp": 1652745600000.0, "accuracy": 0}, "geometry": {"type": "Point", "coordinates": [32.67181, "47.0937"]}}, {"type": "Feature", "properties": {"sheet_name": "killed", "description": "Внаслідок обстрілів смт Первомайське є загибла людина.", "date": "2022-05-18", "timestamp": 1652832000000.0, "accuracy": 0}, "geometry": {"type": "Point", "coordinates": [32.439488, "47.04433472"]}}, {"type": "Feature", "properties": {"sheet_name": "houses", "description": "Через ракетний удар по Миколаєві сталося руйнування та виникла пожежа у приватному секторі.", "date": "2022-05-18", "timestamp": 1652832000000.0, "accuracy": 0}, "geometry": {"type": "Point", "coordinates": [32.05282311, "46.96162885"]}}, {"type": "Feature", "properties": {"sheet_name": "houses", "description": "Через обстріли у Широківській громаді пошкоджено 7 житлових будинків, один зруйновано.", "date": "2022-05-19", "timestamp": 1652918400000.0, "accuracy": 0}, "geometry": {"type": "Point", "coordinates": [32.67779, "47.0915"]}}, {"type": "Feature", "properties": {"sheet_name": "houses", "description": "У Інгульській громаді пошкоджені 12 житлових будинків.", "date": "2022-05-19", "timestamp": 1652918400000.0, "accuracy": 0}, "geometry": {"type": "Point", "coordinates": [32.26630514, "47.19759277"]}}, {"type": "Feature", "properties": {"sheet_name": "houses", "description": "У Широківській громаді згоріли 3 будинки внаслідок прямих влучань.", "date": "2022-05-21", "timestamp": 1653091200000.0, "accuracy": 0}, "geometry": {"type": "Point", "coordinates": [32.69783, "47.0819"]}}, {"type": "Feature", "properties": {"sheet_name": "houses", "description": "Внаслідок обстрілу смт Первомайське зруйновано житлові будинки та цивільні гаражі.", "date": "2022-05-24", "timestamp": 1653350400000.0, "accuracy": 0}, "geometry": {"type": "Point", "coordinates": [32.44003766, "47.03818449"]}}, {"type": "Feature", "properties": {"sheet_name": "injured", "description": "На околицях селища Березнегуватого під обстріл потрапили дві жінки, які пасли корів, одна загинула на місці, інша – госпіталізована до лікарні.", "date": "2022-05-25", "timestamp": 1653436800000.0, "accuracy": 0}, "geometry": {"type": "Point", "coordinates": [32.85054713, "47.30883505"]}}, {"type": "Feature", "properties": {"sheet_name": "killed", "description": "Під час обстрілів у Березнегуватській громаді один цивільний загинув та один поранений.", "date": "2022-05-25", "timestamp": 1653436800000.0, "accuracy": 0}, "geometry": {"type": "Point", "coordinates": [32.85053713, "47.30881505"]}}, {"type": "Feature", "properties": {"sheet_name": "houses", "description": "На території Широківської громади є пошкоджені і зруйновані житлові будинки.", "date": "2022-05-25", "timestamp": 1653436800000.0, "accuracy": 0}, "geometry": {"type": "Point", "coordinates": [32.67475361, "47.09868101"]}}, {"type": "Feature", "properties": {"sheet_name": "houses", "description": "Загарбники обстріляли житлові будинки Трудолюбівки.", "date": "2022-05-25", "timestamp": 1653436800000.0, "accuracy": 0}, "geometry": {"type": "Point", "coordinates": [32.60849833, "46.92001311"]}}, {"type": "Feature", "properties": {"sheet_name": "houses", "description": "Обстріляні житлові будинки в Новопавлівці.", "date": "2022-05-25", "timestamp": 1653436800000.0, "accuracy": 0}, "geometry": {"type": "Point", "coordinates": [32.59328026, "47.42407684"]}}, {"type": "Feature", "properties": {"sheet_name": "houses", "description": "Росіяни обстріляли житлові будинки у Благодатному.", "date": "2022-05-25", "timestamp": 1653436800000.0, "accuracy": 0}, "geometry": {"type": "Point", "coordinates": [32.54620693, "47.03129601"]}}, {"type": "Feature", "properties": {"sheet_name": "houses", "description": "Загарбники обстріляли житлові будинки Новоолександрівки.", "date": "2022-05-25", "timestamp": 1653436800000.0, "accuracy": 0}, "geometry": {"type": "Point", "coordinates": [32.44156107, "47.16688099"]}}, {"type": "Feature", "properties": {"sheet_name": "critical_infrastracture", "description": "У Первомайському значні руйнації будівель та електричного трансформатора.", "date": "2022-05-25", "timestamp": 1653436800000.0, "accuracy": 0}, "geometry": {"type": "Point", "coordinates": [32.43935101, "47.04596369"]}}, {"type": "Feature", "properties": {"sheet_name": "houses", "description": "Ворог обстріляв будинки у Посад-Покровському.", "date": "2022-05-25", "timestamp": 1653436800000.0, "accuracy": 0}, "geometry": {"type": "Point", "coordinates": [32.26489056, "46.80477546"]}}, {"type": "Feature", "properties": {"sheet_name": "houses", "description": "Внаслідок обстрілу с. Котляреве пошкоджено житловий будинок з господарчими будівлями.", "date": "2022-05-25", "timestamp": 1653436800000.0, "accuracy": 0}, "geometry": {"type": "Point", "coordinates": [32.21947552, "46.88523862"]}}, {"type": "Feature", "properties": {"sheet_name": "civil_infrastructure", "description": "У с. Котляреве Шевченківської громади пошкоджено магазин.", "date": "2022-05-25", "timestamp": 1653436800000.0, "accuracy": 0}, "geometry": {"type": "Point", "coordinates": [32.21947552, "46.88523862"]}}, {"type": "Feature", "properties": {"sheet_name": "admin_buildings", "description": "Внаслідок обстрілів с. Солончаки Куцурубської громади пошкоджено 4 об'єкти соціальної та адміністративної інфраструктури.", "date": "2022-05-25", "timestamp": 1653436800000.0, "accuracy": 0}, "geometry": {"type": "Point", "coordinates": [31.81668819, "46.64483235"]}}, {"type": "Feature", "properties": {"sheet_name": "houses", "description": "Внаслідок обстрілів с. Парутине зруйновано житловий будинок.", "date": "2022-05-26", "timestamp": 1653523200000.0, "accuracy": 0}, "geometry": {"type": "Point", "coordinates": [31.89825103, "46.70627616"]}}, {"type": "Feature", "properties": {"sheet_name": "injured", "description": "Росіяни обстріляли житлові квартали Миколаєва, відомо щонайменше про шістьох поранених цивільних.", "date": "2022-05-28", "timestamp": 1653696000000.0, "accuracy": 0}, "geometry": {"type": "Point", "coordinates": [32.018162, "46.859532"]}}, {"type": "Feature", "properties": {"sheet_name": "killed", "description": "Росіяни обстріляли житлові квартали Миколаєва, одна людина загинула.", "date": "2022-05-28", "timestamp": 1653696000000.0, "accuracy": 0}, "geometry": {"type": "Point", "coordinates": [32.018764, "46.856534"]}}, {"type": "Feature", "properties": {"sheet_name": "civil_infrastructure", "description": "В с. Прибузьке від обстрілів постраждали цивільні об'єкти.", "date": "2022-05-28", "timestamp": 1653696000000.0, "accuracy": 0}, "geometry": {"type": "Point", "coordinates": [31.88381753, "46.73778989"]}}, {"type": "Feature", "properties": {"sheet_name": "schools", "description": "Під обстріл потрапила загальноосвітня школа в Березнегуватому.", "date": "2022-05-29", "timestamp": 1653782400000.0, "accuracy": 1}, "geometry": {"type": "Point", "coordinates": [32.859318, "47.30811"]}}, {"type": "Feature", "properties": {"sheet_name": "houses", "description": "В Березнегуватській громаді частково пошкоджені житлові будинки.", "date": "2022-05-29", "timestamp": 1653782400000.0, "accuracy": 0}, "geometry": {"type": "Point", "coordinates": [32.8494353, "47.30700787"]}}, {"type": "Feature", "properties": {"sheet_name": "injured", "description": "Через удар по центру Нового Бугу поранені двоє цивільних.", "date": "2022-05-29", "timestamp": 1653782400000.0, "accuracy": 0}, "geometry": {"type": "Point", "coordinates": [32.50839228, "47.69199925"]}}, {"type": "Feature", "properties": {"sheet_name": "houses", "description": "У центрі Нового Бугу пошкоджені житлові будинки.", "date": "2022-05-29", "timestamp": 1653782400000.0, "accuracy": 0}, "geometry": {"type": "Point", "coordinates": [32.50839128, "47.69199125"]}}, {"type": "Feature", "properties": {"sheet_name": "civil_infrastructure", "description": "У центрі Нового Бугу через ракетний удар пошкоджені магазини та аптека.", "date": "2022-05-29", "timestamp": 1653782400000.0, "accuracy": 0}, "geometry": {"type": "Point", "coordinates": [32.50837128, "47.69198125"]}}, {"type": "Feature", "properties": {"sheet_name": "houses", "description": "Росіяни обстріляли житлові квартали Миколаєва, щонайменше два боєприпаси розірвалися у дворах багатоповерхівок.", "date": "2022-05-29", "timestamp": 1653782400000.0, "accuracy": 0}, "geometry": {"type": "Point", "coordinates": [32.06086284, "46.9217244"]}}, {"type": "Feature", "properties": {"sheet_name": "houses", "description": "У Миколаєві пошкоджено три багатоповерхівки: вибито близько 300 вікон, пошкоджені зовнішні стіни та майно у квартирах.", "date": "2022-05-29", "timestamp": 1653782400000.0, "accuracy": 0}, "geometry": {"type": "Point", "coordinates": [32.00686748, "46.85322189"]}}, {"type": "Feature", "properties": {"sheet_name": "critical_infrastracture", "description": "Обстріл зруйнував у Широківській громаді столову.", "date": "2022-05-30", "timestamp": 1653868800000.0, "accuracy": 0}, "geometry": {"type": "Point", "coordinates": [32.66827423, "47.09897283"]}}, {"type": "Feature", "properties": {"sheet_name": "factories", "description": "У Широківській громаді зруйновано фермерське господарство.", "date": "2022-05-30", "timestamp": 1653868800000.0, "accuracy": 0}, "geometry": {"type": "Point", "coordinates": [32.66825423, "47.09852283"]}}, {"type": "Feature", "properties": {"sheet_name": "houses", "description": "У Широківській громаді зруйновано 7 житлових будинків, пошкоджено 15 житлових будинків.", "date": "2022-05-30", "timestamp": 1653868800000.0, "accuracy": 0}, "geometry": {"type": "Point", "coordinates": [32.66823423, "47.09892283"]}}, {"type": "Feature", "properties": {"sheet_name": "injured", "description": "Внаслідок обстрілів в с. Луч є постраждалі цивільні.", "date": "2022-05-30", "timestamp": 1653868800000.0, "accuracy": 0}, "geometry": {"type": "Point", "coordinates": [32.21775896, "46.82656626"]}}, {"type": "Feature", "properties": {"sheet_name": "injured", "description": "Окупанти здійснили обстріл ствольною артилерією житлових кварталів Корабельного району, одну жінку поранено.", "date": "2022-05-30", "timestamp": 1653868800000.0, "accuracy": 0}, "geometry": {"type": "Point", "coordinates": [31.99957, "46.83741"]}}, {"type": "Feature", "properties": {"sheet_name": "civil_infrastructure", "description": "В с. Прибузьке від обстрілів постраждали цивільні об'єкти.", "date": "2022-05-30", "timestamp": 1653868800000.0, "accuracy": 0}, "geometry": {"type": "Point", "coordinates": [31.88469729, "46.7378193"]}}, {"type": "Feature", "properties": {"sheet_name": "houses", "description": "Через ворожий артобстріл в Очакові пошкоджені будинки, вибиті вікна.", "date": "2022-05-30", "timestamp": 1653868800000.0, "accuracy": 0}, "geometry": {"type": "Point", "coordinates": [31.54245604, "46.61684954"]}}, {"type": "Feature", "properties": {"sheet_name": "killed", "description": "Через обстріли у Березнегуватській громаді одна людина загинула.", "date": "2022-06-01", "timestamp": 1654041600000.0, "accuracy": 0}, "geometry": {"type": "Point", "coordinates": [32.85104494, "47.30682106"]}}, {"type": "Feature", "properties": {"sheet_name": "houses", "description": "Через обстріл у смт Первомайське сталася пожежа житлового будинку.", "date": "2022-06-01", "timestamp": 1654041600000.0, "accuracy": 0}, "geometry": {"type": "Point", "coordinates": [32.78314, "47.04276"]}}, {"type": "Feature", "properties": {"sheet_name": "factories", "description": "У Широківській громаді згорів гараж і комбайн.", "date": "2022-06-01", "timestamp": 1654041600000.0, "accuracy": 0}, "geometry": {"type": "Point", "coordinates": [32.67553843, "47.0982355"]}}, {"type": "Feature", "properties": {"sheet_name": "injured", "description": "Через авіаудар в Очакові отримала поранення одна людина.", "date": "2022-06-01", "timestamp": 1654041600000.0, "accuracy": 0}, "geometry": {"type": "Point", "coordinates": [31.54179774, "46.61432711"]}}, {"type": "Feature", "properties": {"sheet_name": "houses", "description": "В Очакові руйнація та пошкодження житлових будинків.", "date": "2022-06-01", "timestamp": 1654041600000.0, "accuracy": 0}, "geometry": {"type": "Point", "coordinates": [31.54169774, "46.61452711"]}}, {"type": "Feature", "properties": {"sheet_name": "killed", "description": "Росіяни обстріляли Корабельний район Миколаєва, внаслідок чого загинуло три людини.", "date": "2022-06-04", "timestamp": 1654300800000.0, "accuracy": 0}, "geometry": {"type": "Point", "coordinates": [32.02725298, "46.8687121"]}}, {"type": "Feature", "properties": {"sheet_name": "injured", "description": "Росіяни обстріляли Корабельний район Миколаєва, внаслідок чого поранені 4 людини.", "date": "2022-06-04", "timestamp": 1654300800000.0, "accuracy": 0}, "geometry": {"type": "Point", "coordinates": [32.02925298, "46.8667121"]}}, {"type": "Feature", "properties": {"sheet_name": "houses", "description": "Влучання снарядів спричинили пожежу у приватному одноповерховому будинку в Очакові.", "date": "2022-06-04", "timestamp": 1654300800000.0, "accuracy": 0}, "geometry": {"type": "Point", "coordinates": [31.54305686, "46.61736969"]}}, {"type": "Feature", "properties": {"sheet_name": "critical_infrastracture", "description": "Росіяни зруйнували електричну опору у Миколаєві.", "date": "2022-06-05", "timestamp": 1654387200000.0, "accuracy": 0}, "geometry": {"type": "Point", "coordinates": [32.05811626, "46.92360027"]}}, {"type": "Feature", "properties": {"sheet_name": "houses", "description": "У результаті потрапляння ворожих боєприпасів у с. Лупарево загорілася господарча будівля.", "date": "2022-06-05", "timestamp": 1654387200000.0, "accuracy": 0}, "geometry": {"type": "Point", "coordinates": [31.98012729, "46.69630448"]}}, {"type": "Feature", "properties": {"sheet_name": "injured", "description": "Росіяни зруйнували електричну опору у Миколаєві, поранено двох людей.", "date": "2022-06-06", "timestamp": 1654473600000.0, "accuracy": 0}, "geometry": {"type": "Point", "coordinates": [32.069219, "46.959526"]}}, {"type": "Feature", "properties": {"sheet_name": "houses", "description": "Окупанти вдарили по житлових будинках у різних районах Миколаєва.", "date": "2022-06-06", "timestamp": 1654473600000.0, "accuracy": 0}, "geometry": {"type": "Point", "coordinates": [32.04300972, "46.95594876"]}}, {"type": "Feature", "properties": {"sheet_name": "killed", "description": "Під час ранкових обстрілів Миколаєва загинула одна людина.", "date": "2022-06-06", "timestamp": 1654473600000.0, "accuracy": 0}, "geometry": {"type": "Point", "coordinates": [32.04300972, "46.95594876"]}}, {"type": "Feature", "properties": {"sheet_name": "houses", "description": "У Мурахівці пошкоджені житлові будинки", "date": "2022-06-07", "timestamp": 1654560000000.0, "accuracy": 0}, "geometry": {"type": "Point", "coordinates": [32.98837, "47.24329"]}}, {"type": "Feature", "properties": {"sheet_name": "houses", "description": "Під обстрілами перебувало село Калуга, пошкоджені житлові будинки.", "date": "2022-06-07", "timestamp": 1654560000000.0, "accuracy": 0}, "geometry": {"type": "Point", "coordinates": [32.94089377, "47.36569803"]}}, {"type": "Feature", "properties": {"sheet_name": "admin_buildings", "description": "В Баштанці пошкоджені адмінбудівля РВА та районної ради.", "date": "2022-06-07", "timestamp": 1654560000000.0, "accuracy": 1}, "geometry": {"type": "Point", "coordinates": [32.433454, "47.406033"]}}, {"type": "Feature", "properties": {"sheet_name": "culture", "description": "У Баштанці зруйнований стадіон через ракетний удар.", "date": "2022-06-07", "timestamp": 1654560000000.0, "accuracy": 1}, "geometry": {"type": "Point", "coordinates": [32.433454, "47.406033"]}}, {"type": "Feature", "properties": {"sheet_name": "injured", "description": "Через авіаудар під завалами будинку у Баштанці опинився чоловік, його вдалося деблокувати.", "date": "2022-06-07", "timestamp": 1654560000000.0, "accuracy": 0}, "geometry": {"type": "Point", "coordinates": [32.43220352, "47.40657143"]}}, {"type": "Feature", "properties": {"sheet_name": "houses", "description": "Через авіаудар по Баштанці пошкоджені житлові будинки по вул. Сизоненка, в одному з них перебувала родина.", "date": "2022-06-07", "timestamp": 1654560000000.0, "accuracy": 0}, "geometry": {"type": "Point", "coordinates": [32.43220352, "47.40656143"]}}, {"type": "Feature", "properties": {"sheet_name": "injured", "description": "Під час масштабного удару по соціальних об’єктах Баштанки дві людини загинуло, одна отримала поранення.", "date": "2022-06-07", "timestamp": 1654560000000.0, "accuracy": 1}, "geometry": {"type": "Point", "coordinates": [32.432048, "47.406948"]}}, {"type": "Feature", "properties": {"sheet_name": "killed", "description": "У с. Засілля Первомайської громади загинули дві людини", "date": "2022-06-07", "timestamp": 1654560000000.0, "accuracy": 1}, "geometry": {"type": "Point", "coordinates": [32.42764938, "47.02356683"]}}, {"type": "Feature", "properties": {"sheet_name": "critical_infrastracture", "description": "Внаслідок обстрілі в с. Прибузьке пошкоджена лінія електропередачі.", "date": "2022-06-09", "timestamp": 1654732800000.0, "accuracy": 0}, "geometry": {"type": "Point", "coordinates": [31.88310942, "46.73742224"]}}, {"type": "Feature", "properties": {"sheet_name": "killed", "description": "У с. Лимани внаслідок ворожого обстрілу загинув цивільний.", "date": "2022-06-10", "timestamp": 1654819200000.0, "accuracy": 0}, "geometry": {"type": "Point", "coordinates": [31.97918351, "46.72489766"]}}, {"type": "Feature", "properties": {"sheet_name": "critical_infrastracture", "description": "Росіяни обстрілювати інфтраструктуру с. Луч.", "date": "2022-06-14", "timestamp": 1655164800000.0, "accuracy": 0}, "geometry": {"type": "Point", "coordinates": [32.2175873, "46.82456954"]}}, {"type": "Feature", "properties": {"sheet_name": "schools", "description": "В смт Первомайське пошкоджена школа внаслідок артобстрілу.", "date": "2022-06-15", "timestamp": 1655251200000.0, "accuracy": 1}, "geometry": {"type": "Point", "coordinates": [32.43978024, "47.04429782"]}}, {"type": "Feature", "properties": {"sheet_name": "houses", "description": "у селі Засілля Первомайської громади згорів житловий будинок.", "date": "2022-06-15", "timestamp": 1655251200000.0, "accuracy": 0}, "geometry": {"type": "Point", "coordinates": [32.42717734, "47.02381575"]}}, {"type": "Feature", "properties": {"sheet_name": "houses", "description": "Пошкоджено чотириповерховий будинок: зруйновано дах, перекриття на двох поверхах, несуча стіна, вибиті вікна. Загалом постраждало 6 квартир.", "date": "2022-06-15", "timestamp": 1655251200000.0, "accuracy": 0}, "geometry": {"type": "Point", "coordinates": [32.08288273, "46.96605052"]}}, {"type": "Feature", "properties": {"sheet_name": "injured", "description": "Через обстріл житлового кварталу Миколаєва поранений один цивільний.", "date": "2022-06-15", "timestamp": 1655251200000.0, "accuracy": 0}, "geometry": {"type": "Point", "coordinates": [32.08288273, "46.96605052"]}}, {"type": "Feature", "properties": {"sheet_name": "houses", "description": "У Лиманах через обстріли два будинки згоріли, в інших – вибиті вікна, двері.", "date": "2022-06-15", "timestamp": 1655251200000.0, "accuracy": 0}, "geometry": {"type": "Point", "coordinates": [31.9777049, "46.72542522"]}}, {"type": "Feature", "properties": {"sheet_name": "houses", "description": "Загарбники обстріляли житлові будинки Трудолюбівки.", "date": "2022-06-16", "timestamp": 1655337600000.0, "accuracy": 0}, "geometry": {"type": "Point", "coordinates": [32.05022422, "46.91897497"]}}, {"type": "Feature", "properties": {"sheet_name": "agri", "description": "У селі Лимани зайнялося поле пшениці через ворожий обстріл.", "date": "2022-06-16", "timestamp": 1655337600000.0, "accuracy": 0}, "geometry": {"type": "Point", "coordinates": [31.97239244, "46.72620513"]}}, {"type": "Feature", "properties": {"sheet_name": "injured", "description": "Росіяни обстріляли село Парутине, двоє людей отримали поранення.", "date": "2022-06-16", "timestamp": 1655337600000.0, "accuracy": 0}, "geometry": {"type": "Point", "coordinates": [31.90310046, "46.70377467"]}}, {"type": "Feature", "properties": {"sheet_name": "houses", "description": "Від ракетного удару пошкоджені 4 житлові багатоповерхові будинки у Миколаєві.", "date": "2022-06-17", "timestamp": 1655424000000.0, "accuracy": 1}, "geometry": {"type": "Point", "coordinates": [31.951535, "46.960728"]}}, {"type": "Feature", "properties": {"sheet_name": "killed", "description": "Через ракетний удар по Миколаєву дві людини загинули, ще 20 поранені.", "date": "2022-06-17", "timestamp": 1655424000000.0, "accuracy": 1}, "geometry": {"type": "Point", "coordinates": [31.951536, "46.960729"]}}, {"type": "Feature", "properties": {"sheet_name": "injured", "description": "Через ракетний удар по Миколаєву дві людини загинули, ще 20 поранені.", "date": "2022-06-17", "timestamp": 1655424000000.0, "accuracy": 1}, "geometry": {"type": "Point", "coordinates": [31.952537, "46.961730"]}}, {"type": "Feature", "properties": {"sheet_name": "culture", "description": "У Миколаєві зруйновано приміщення спортивного клубу.", "date": "2022-06-17", "timestamp": 1655424000000.0, "accuracy": 1}, "geometry": {"type": "Point", "coordinates": [31.979449, "46.958089"]}}, {"type": "Feature", "properties": {"sheet_name": "injured", "description": "Під час обстрілу селища Засілля Первомайської громади важке поранення отримала одна людина.", "date": "2022-06-18", "timestamp": 1655510400000.0, "accuracy": 0}, "geometry": {"type": "Point", "coordinates": [32.43015995, "47.02356708"]}}, {"type": "Feature", "properties": {"sheet_name": "factories", "description": "Серед дня подвійний удар ракетами нанесено по промисловій інфраструктурі Миколаєва.", "date": "2022-06-18", "timestamp": 1655510400000.0, "accuracy": 0}, "geometry": {"type": "Point", "coordinates": [32.05194083, "46.90373028"]}}, {"type": "Feature", "properties": {"sheet_name": "agri", "description": "У Широківській громаді були влучання на сільськогосподарські угіддя.", "date": "2022-06-21", "timestamp": 1655769600000.0, "accuracy": 0}, "geometry": {"type": "Point", "coordinates": [32.66772201, "47.1094641"]}}, {"type": "Feature", "properties": {"sheet_name": "houses", "description": "У Широківській громаді від прильотів постраждали три житлові будинки.", "date": "2022-06-21", "timestamp": 1655769600000.0, "accuracy": 0}, "geometry": {"type": "Point", "coordinates": [32.66740201, "47.1095641"]}}, {"type": "Feature", "properties": {"sheet_name": "schools", "description": "У Широківській громаді через артобстріл пошкоджено дах у школі.", "date": "2022-06-21", "timestamp": 1655769600000.0, "accuracy": 0}, "geometry": {"type": "Point", "coordinates": [32.66740201, "47.1094641"]}}, {"type": "Feature", "properties": {"sheet_name": "injured", "description": "Ворожих обстрілів зазнала Інгульська громада, двоє людей було поранено.", "date": "2022-06-21", "timestamp": 1655769600000.0, "accuracy": 0}, "geometry": {"type": "Point", "coordinates": [32.21413293, "47.19398303"]}}, {"type": "Feature", "properties": {"sheet_name": "factories", "description": "Внаслідок обстрілів Миколаєва пошкоджене майно двох приватних підприємств (будівлі та автомобілі).", "date": "2022-06-21", "timestamp": 1655769600000.0, "accuracy": 0}, "geometry": {"type": "Point", "coordinates": [32.04575695, "46.91844188"]}}, {"type": "Feature", "properties": {"sheet_name": "killed", "description": "У Миколаєві внаслідок російських обстрілів загинула одна людина, ще троє отримали поранення.", "date": "2022-06-21", "timestamp": 1655769600000.0, "accuracy": 0}, "geometry": {"type": "Point", "coordinates": [32.04575695, "46.91844188"]}}, {"type": "Feature", "properties": {"sheet_name": "injured", "description": "У Миколаєві внаслідок російських обстрілів загинула одна людина, ще троє отримали поранення.", "date": "2022-06-21", "timestamp": 1655769600000.0, "accuracy": 0}, "geometry": {"type": "Point", "coordinates": [32.04575695, "46.91944188"]}}, {"type": "Feature", "properties": {"sheet_name": "civil_infrastructure", "description": "Внаслідок обстрілів села Солончаки Куцурубської громади було пошкоджено соціальну інфраструктуру.", "date": "2022-06-21", "timestamp": 1655769600000.0, "accuracy": 0}, "geometry": {"type": "Point", "coordinates": [31.61936029, "46.65154687"]}}, {"type": "Feature", "properties": {"sheet_name": "injured", "description": "Внаслідок ракетного обстрілу отримали поранення жителі Очакова.", "date": "2022-06-21", "timestamp": 1655769600000.0, "accuracy": 0}, "geometry": {"type": "Point", "coordinates": [31.56245, "46.62622"]}}, {"type": "Feature", "properties": {"sheet_name": "killed", "description": "Внаслідок ракетного обстрілу Очакова загинув один цивільний.", "date": "2022-06-21", "timestamp": 1655769600000.0, "accuracy": 0}, "geometry": {"type": "Point", "coordinates": [31.5604, "46.62566"]}}, {"type": "Feature", "properties": {"sheet_name": "factories", "description": "Внаслідок ракетного удару в Очакові уражено портову інфраструктуру, знищено вантажівки, пошкоджено будівлі підприємств та електричні мережі.", "date": "2022-06-21", "timestamp": 1655769600000.0, "accuracy": 0}, "geometry": {"type": "Point", "coordinates": [31.564291, "46.628078"]}}, {"type": "Feature", "properties": {"sheet_name": "factories", "description": "У Миколаєві постраждали два приватні підприємства, на території яких знаходилися паливно-мастильні матеріали.", "date": "2022-06-22", "timestamp": 1655856000000.0, "accuracy": 0}, "geometry": {"type": "Point", "coordinates": [31.996356, "46.950289"]}}, {"type": "Feature", "properties": {"sheet_name": "civil_infrastructure", "description": "Три крилаті ракети влучили по виробничій та соціальній інфраструктурі міста.", "date": "2022-06-23", "timestamp": 1655942400000.0, "accuracy": 0}, "geometry": {"type": "Point", "coordinates": [32.03649131, "46.93960703"]}}, {"type": "Feature", "properties": {"sheet_name": "houses", "description": "Нічні обстріли смт Березнегувате пошкодили чотири житлові будинки та господарчі будівлі.", "date": "2022-06-24", "timestamp": 1656028800000.0, "accuracy": 0}, "geometry": {"type": "Point", "coordinates": [32.84479761, "47.31457715"]}}, {"type": "Feature", "properties": {"sheet_name": "injured", "description": "Через прильоти в с. Костянтинівка одна людина поранена.", "date": "2022-06-25", "timestamp": 1656115200000.0, "accuracy": 0}, "geometry": {"type": "Point", "coordinates": [31.90857147, "47.1051473"]}}, {"type": "Feature", "properties": {"sheet_name": "culture", "description": "У Миколаєві ракети вдарили по центральному стадіоні, зруйновано адміністративно-побутовий корпус.", "date": "2022-06-28", "timestamp": 1656374400000.0, "accuracy": 1}, "geometry": {"type": "Point", "coordinates": [31.960716, "46.971641"]}}, {"type": "Feature", "properties": {"sheet_name": "killed", "description": "Через удар по Очакову загинули троє людей, з них одна дитина.", "date": "2022-06-28", "timestamp": 1656374400000.0, "accuracy": 0}, "geometry": {"type": "Point", "coordinates": [31.547631, "46.609212"]}}, {"type": "Feature", "properties": {"sheet_name": "injured", "description": "Через удар по Очакову поранені 6 цивільних, серед них є діти.", "date": "2022-06-28", "timestamp": 1656374400000.0, "accuracy": 0}, "geometry": {"type": "Point", "coordinates": [31.549632, "46.608213"]}}, {"type": "Feature", "properties": {"sheet_name": "houses", "description": "В Очакові пошкодження житлових будинків.", "date": "2022-06-28", "timestamp": 1656374400000.0, "accuracy": 0}, "geometry": {"type": "Point", "coordinates": [31.547633, "46.609214"]}}, {"type": "Feature", "properties": {"sheet_name": "civil_infrastructure", "description": "Влучання ворожої артилерії по ринку в Очакові.", "date": "2022-06-28", "timestamp": 1656374400000.0, "accuracy": 1}, "geometry": {"type": "Point", "coordinates": [31.55003617, "46.6113722"]}}, {"type": "Feature", "properties": {"sheet_name": "culture", "description": "Росіяни зруйнували артилерійським обстрілом КЗ \"Міський палац культури\" в Очакові.", "date": "2022-06-28", "timestamp": 1656374400000.0, "accuracy": 1}, "geometry": {"type": "Point", "coordinates": [31.54934148, "46.60933318"]}}, {"type": "Feature", "properties": {"sheet_name": "houses", "description": "Восіяни влучили ракетою в багатоповерхівку, зруйновано з 5 по 3 поверх.", "date": "2022-06-29", "timestamp": 1656460800000.0, "accuracy": 0}, "geometry": {"type": "Point", "coordinates": [31.95288405108565, "46.96262445648532"]}}, {"type": "Feature", "properties": {"sheet_name": "killed", "description": "Росіяни влучили ракетою в багатоповерхівку, четверо загиблих і пятеро поранених.", "date": "2022-06-29", "timestamp": 1656460800000.0, "accuracy": 0}, "geometry": {"type": "Point", "coordinates": [31.95388405108565, "46.96272445648532"]}}, {"type": "Feature", "properties": {"sheet_name": "injured", "description": "Росіяни влучили ракетою в багатоповерхівку, четверо загиблих і пятеро поранених.", "date": "2022-06-29", "timestamp": 1656460800000.0, "accuracy": 0}, "geometry": {"type": "Point", "coordinates": [31.95288405108566, "46.96252445648533"]}}, {"type": "Feature", "properties": {"sheet_name": "houses", "description": "У Широківській громаді було влучання було по домогосподарству. Потерпілих немає.", "date": "2022-7-1", "timestamp": 1656633600000.0, "accuracy": 0}, "geometry": {"type": "Point", "coordinates": [32.675032445448856, "47.096817135802645"]}}, {"type": "Feature", "properties": {"sheet_name": "houses", "description": "В с. Білозірка пошкоджено будинок, загинула одна людина.", "date": "2022-7-1", "timestamp": 1656633600000.0, "accuracy": 0}, "geometry": {"type": "Point", "coordinates": [32.448873, "47.090263"]}}, {"type": "Feature", "properties": {"sheet_name": "killed", "description": "В с. Білозірка пошкоджено будинок, загинула одна людина.", "date": "2022-7-1", "timestamp": 1656633600000.0, "accuracy": 0}, "geometry": {"type": "Point", "coordinates": [32.448873, "47.090263"]}}, {"type": "Feature", "properties": {"sheet_name": "factories", "description": "12 ракетних ударів по портовій інфраструктурі та приватних підприємствах з виробництва парфумів та вапна.", "date": "2022-7-1", "timestamp": 1656633600000.0, "accuracy": 0}, "geometry": {"type": "Point", "coordinates": [32.02861408802518, "46.92061609013812"]}}, {"type": "Feature", "properties": {"sheet_name": "agri", "description": "В лісовому урочищі Галицинівської громади горіли хвойна підстилка та лісові насадження на площі 1 га.", "date": "2022-7-1", "timestamp": 1656633600000.0, "accuracy": 0}, "geometry": {"type": "Point", "coordinates": [31.961786814848995, "46.7720563436579"]}}, {"type": "Feature", "properties": {"sheet_name": "civil_infrastructure", "description": "Руйнація інфраструктури внаслідок обстрілу с. Стара Богданівка Радсадівської громади", "date": "2022-7-1", "timestamp": 1656633600000.0, "accuracy": 0}, "geometry": {"type": "Point", "coordinates": [31.908865, "46.844166"]}}, {"type": "Feature", "properties": {"sheet_name": "culture", "description": "В смт Первомайське внаслідок обстрілів виникла пожежа спортивної бази місцевого будинку культури.", "date": "2022-7-2", "timestamp": 1656720000000.0, "accuracy": 0}, "geometry": {"type": "Point", "coordinates": [32.44057530369007, "47.043514799761645"]}}, {"type": "Feature", "properties": {"sheet_name": "civil_infrastructure", "description": "В смт Первомайське зруйновано соціальну інфраструктуру.", "date": "2022-7-2", "timestamp": 1656720000000.0, "accuracy": 0}, "geometry": {"type": "Point", "coordinates": [32.44045066488483, "47.0439641341934"]}}, {"type": "Feature", "properties": {"sheet_name": "schools", "description": "В смт Первомайське внаслідок обстрілів горіла шкільна їдальня.", "date": "2022-7-2", "timestamp": 1656720000000.0, "accuracy": 0}, "geometry": {"type": "Point", "coordinates": [32.44026068171176, "47.044141356543065"]}}, {"type": "Feature", "properties": {"sheet_name": "houses", "description": "В смт Первомайське пошкоджено недобудовану 4-поверхівку.", "date": "2022-7-2", "timestamp": 1656720000000.0, "accuracy": 0}, "geometry": {"type": "Point", "coordinates": [32.43914, "47.041483"]}}, {"type": "Feature", "properties": {"sheet_name": "houses", "description": "В селищі Засілля зруйновано житловий будинок та господарське підсобне приміщення.", "date": "2022-7-2", "timestamp": 1656720000000.0, "accuracy": 0}, "geometry": {"type": "Point", "coordinates": [32.42518, "47.02544"]}}, {"type": "Feature", "properties": {"sheet_name": "killed", "description": "В селищі Луч внаслідок ворожих обстрілів загинула одна людина.", "date": "2022-7-2", "timestamp": 1656720000000.0, "accuracy": 0}, "geometry": {"type": "Point", "coordinates": [32.220720103828675, "46.82753523717069"]}}, {"type": "Feature", "properties": {"sheet_name": "factories", "description": "В с. Шевченкове зазнало часткових руйнувань приватне підприємство.", "date": "2022-7-2", "timestamp": 1656720000000.0, "accuracy": 0}, "geometry": {"type": "Point", "coordinates": [32.21769133064953, "46.86036330345756"]}}, {"type": "Feature", "properties": {"sheet_name": "houses", "description": "Внаслідок обстрілів в смт Первомайське виникло загоряння житлового будинку та гаражів.", "date": "2022-7-3", "timestamp": 1656806400000.0, "accuracy": 0}, "geometry": {"type": "Point", "coordinates": [32.43986, "47.04342"]}}, {"type": "Feature", "properties": {"sheet_name": "agri", "description": "Обстріли с-ща Засілля та за межами населених пунктів Первомайської громади пошкодили присадибні ділянки, відбулося займання на полях.", "date": "2022-7-3", "timestamp": 1656806400000.0, "accuracy": 0}, "geometry": {"type": "Point", "coordinates": [32.43719, "47.02681"]}}, {"type": "Feature", "properties": {"sheet_name": "houses", "description": "В с. Дніпровське внаслідок ворожого обстрілу зруйновано два житлових будинки, інші будинки й будівлі зазнали пошкоджень.", "date": "2022-7-3", "timestamp": 1656806400000.0, "accuracy": 0}, "geometry": {"type": "Point", "coordinates": [31.87939142142437, "46.63846193837513"]}}, {"type": "Feature", "properties": {"sheet_name": "civil_infrastructure", "description": "Обстріли с. Степове пошкодили будівлю церкви.", "date": "2022-7-3", "timestamp": 1656806400000.0, "accuracy": 1}, "geometry": {"type": "Point", "coordinates": [31.51779195, "47.19180607"]}}, {"type": "Feature", "properties": {"sheet_name": "houses", "description": "Обстрілів зазнала Широківська громада. Зруйновано житловий будинок, потерпілих немає.", "date": "2022-7-4", "timestamp": 1656892800000.0, "accuracy": 0}, "geometry": {"type": "Point", "coordinates": [32.673001609798966, "47.07798655891628"]}}, {"type": "Feature", "properties": {"sheet_name": "agri", "description": "В наслідок обстрілів с. Лимани виникло займання полів з урожаєм.", "date": "2022-7-4", "timestamp": 1656892800000.0, "accuracy": 0}, "geometry": {"type": "Point", "coordinates": [31.98610759190814, "46.72606562674408"]}}, {"type": "Feature", "properties": {"sheet_name": "houses", "description": "Внаслідок обстрілів с. Лимани зруйновано житловий будинок.", "date": "2022-7-4", "timestamp": 1656892800000.0, "accuracy": 0}, "geometry": {"type": "Point", "coordinates": [31.96685932653788, "46.7363350168331"]}}, {"type": "Feature", "properties": {"sheet_name": "houses", "description": "У Широківській громаді пошкоджено один житловий будинок, зруйновано ще один житловий будинок.", "date": "2022-7-5", "timestamp": 1656979200000.0, "accuracy": 0}, "geometry": {"type": "Point", "coordinates": [32.68119401233064, "47.063851663562794"]}}, {"type": "Feature", "properties": {"sheet_name": "agri", "description": "Внаслідок обстрілів с. Квітневе спалахнули поля з урожаєм.", "date": "2022-7-5", "timestamp": 1656979200000.0, "accuracy": 0}, "geometry": {"type": "Point", "coordinates": [32.46267632379011, "47.0235954531815"]}}, {"type": "Feature", "properties": {"sheet_name": "killed", "description": "Внаслідок обстрілів с. Засілля загинула одна людина.", "date": "2022-7-5", "timestamp": 1656979200000.0, "accuracy": 0}, "geometry": {"type": "Point", "coordinates": [32.43155466821183, "47.020963043506086"]}}, {"type": "Feature", "properties": {"sheet_name": "agri", "description": "Внаслідок обстрілу Інгульської громади виникло займання поля з ріпаком.", "date": "2022-7-5", "timestamp": 1656979200000.0, "accuracy": 0}, "geometry": {"type": "Point", "coordinates": [32.21027932928604, "47.2150458763547"]}}, {"type": "Feature", "properties": {"sheet_name": "critical_infrastracture", "description": "Внаслідок обстрілів Куцурубської громади пошкоджено дві електроопори.", "date": "2022-7-5", "timestamp": 1656979200000.0, "accuracy": 0}, "geometry": {"type": "Point", "coordinates": [31.634256, "46.659323"]}}, {"type": "Feature", "properties": {"sheet_name": "agri", "description": "Обстріляно Широківську громаду, внаслідок чого відбулися займання полів. ", "date": "2022-7-6", "timestamp": 1657065600000.0, "accuracy": 0}, "geometry": {"type": "Point", "coordinates": [32.678886697554496, "47.084976189272325"]}}, {"type": "Feature", "properties": {"sheet_name": "civil_infrastructure", "description": "В с. Білозірка пошкоджено магазин.", "date": "2022-7-6", "timestamp": 1657065600000.0, "accuracy": 0}, "geometry": {"type": "Point", "coordinates": [32.45127678968887, "47.08582722599363"]}}, {"type": "Feature", "properties": {"sheet_name": "houses", "description": "В смт Первомайське пошкоджено приватні сектори.", "date": "2022-7-6", "timestamp": 1657065600000.0, "accuracy": 0}, "geometry": {"type": "Point", "coordinates": [32.441811731141456, "47.03853180316878"]}}, {"type": "Feature", "properties": {"sheet_name": "agri", "description": "В смт Первомайське виникли загоряння полів з урожаєм.", "date": "2022-7-6", "timestamp": 1657065600000.0, "accuracy": 0}, "geometry": {"type": "Point", "coordinates": [32.43239866434753, "47.05631472105152"]}}, {"type": "Feature", "properties": {"sheet_name": "houses", "description": "Через обстріли с. Новомиколаївка пошкоджено житлові будинки.", "date": "2022-7-6", "timestamp": 1657065600000.0, "accuracy": 0}, "geometry": {"type": "Point", "coordinates": [32.36250314402781, "46.972604860226966"]}}, {"type": "Feature", "properties": {"sheet_name": "agri", "description": "Через обстріли с. Новомиколаївка відбулося займання сухостою та зернових полів.", "date": "2022-7-6", "timestamp": 1657065600000.0, "accuracy": 0}, "geometry": {"type": "Point", "coordinates": [32.359853121549406, "46.98099749806029"]}}, {"type": "Feature", "properties": {"sheet_name": "agri", "description": "В с. Шевченкове виникла пожежа поля з ячменем та сухої трави.", "date": "2022-7-6", "timestamp": 1657065600000.0, "accuracy": 0}, "geometry": {"type": "Point", "coordinates": [32.17700758455781, "46.87718979364453"]}}, {"type": "Feature", "properties": {"sheet_name": "killed", "description": "Під час обстрілів с. Нечаяне загинула одна людина.", "date": "2022-7-6", "timestamp": 1657065600000.0, "accuracy": 0}, "geometry": {"type": "Point", "coordinates": [31.55071958787293, "46.934898731676185"]}}, {"type": "Feature", "properties": {"sheet_name": "agri", "description": "Через обстріли території у Широківській громаді відбулися займання полів.", "date": "2022-7-7", "timestamp": 1657152000000.0, "accuracy": 0}, "geometry": {"type": "Point", "coordinates": [32.664201369907055, "47.071768459001866"]}}, {"type": "Feature", "properties": {"sheet_name": "factories", "description": "Обстріли території фермерського господарства у Широківській громаді.", "date": "2022-7-7", "timestamp": 1657152000000.0, "accuracy": 0}, "geometry": {"type": "Point", "coordinates": [32.661196579834105, "47.05253641889129"]}}, {"type": "Feature", "properties": {"sheet_name": "killed", "description": "Внаслідок обстрілів с. Українка Галицинівської громади загинуло дві людини.", "date": "2022-7-7", "timestamp": 1657152000000.0, "accuracy": 0}, "geometry": {"type": "Point", "coordinates": [32.13809556620007, "46.82814648309103"]}}, {"type": "Feature", "properties": {"sheet_name": "houses", "description": "Внаслідок ворожих обстрілів у Галицинівській громаді, у СВТ «Бірюза» відбулась пожежа дачного будинку.", "date": "2022-7-7", "timestamp": 1657152000000.0, "accuracy": 0}, "geometry": {"type": "Point", "coordinates": [31.940624198417414, "46.78280845221626"]}}, {"type": "Feature", "properties": {"sheet_name": "factories", "description": "Обстріли Острівського старостинського округу зруйновали фермерське господарство.", "date": "2022-7-7", "timestamp": 1657152000000.0, "accuracy": 0}, "geometry": {"type": "Point", "coordinates": [31.72197077361005, "46.71860179950049"]}}, {"type": "Feature", "properties": {"sheet_name": "critical_infrastracture", "description": "Через обстріли смт Березнегувате є руйнування об‘єктів інфраструктури.", "date": "2022-7-8", "timestamp": 1657238400000.0, "accuracy": 0}, "geometry": {"type": "Point", "coordinates": [32.85547228002388, "47.307611610007385"]}}, {"type": "Feature", "properties": {"sheet_name": "houses", "description": "Через обстріли смт Березнегувате є руйнування житлових будинків.", "date": "2022-7-8", "timestamp": 1657238400000.0, "accuracy": 0}, "geometry": {"type": "Point", "coordinates": [32.841632081524, "47.31140892775697"]}}, {"type": "Feature", "properties": {"sheet_name": "agri", "description": "Внаслідок влучення боєприпасів та їх уламків горіли пожнивні залишки в с. Добре.", "date": "2022-7-8", "timestamp": 1657238400000.0, "accuracy": 0}, "geometry": {"type": "Point", "coordinates": [32.43813505410384, "47.30572130851428"]}}, {"type": "Feature", "properties": {"sheet_name": "agri", "description": "Внаслідок обстрілів с. Новомиколаївка Також відбулося займання полів із зерновими, лісосмуги та сухостою. ", "date": "2022-7-8", "timestamp": 1657238400000.0, "accuracy": 0}, "geometry": {"type": "Point", "coordinates": [32.3751738994176, "46.96493577289192"]}}, {"type": "Feature", "properties": {"sheet_name": "houses", "description": "Внаслідок обстрілів с. Новомиколаївка частково пошкоджено житлові будинки.", "date": "2022-7-8", "timestamp": 1657238400000.0, "accuracy": 0}, "geometry": {"type": "Point", "coordinates": [32.36225638082948, "46.96501631324888"]}}, {"type": "Feature", "properties": {"sheet_name": "agri", "description": "Після ворожих обстрілів виникла пожежа лісу на Кінбурнській косі та дві пожежі хвойного настилу на території лісництва поблизу с. Василівка.", "date": "2022-7-8", "timestamp": 1657238400000.0, "accuracy": 0}, "geometry": {"type": "Point", "coordinates": [31.759899320538604, "46.530271695666215"]}}, {"type": "Feature", "properties": {"sheet_name": "houses", "description": "Обстріли у Широківській громаді: влучання по домогосподарствах.", "date": "2022-7-9", "timestamp": 1657324800000.0, "accuracy": 0}, "geometry": {"type": "Point", "coordinates": [32.67390253014963, "47.16793321478058"]}}, {"type": "Feature", "properties": {"sheet_name": "injured", "description": "Через влучання по домогосподарствах у Широківській громаді поранено троє людей.", "date": "2022-7-9", "timestamp": 1657324800000.0, "accuracy": 0}, "geometry": {"type": "Point", "coordinates": [32.66527353750498, "47.06513711242668"]}}, {"type": "Feature", "properties": {"sheet_name": "houses", "description": "Через обстріли в селищі Засілля зруйновано господарські споруди.", "date": "2022-7-9", "timestamp": 1657324800000.0, "accuracy": 0}, "geometry": {"type": "Point", "coordinates": [32.42881881504426, "47.02489426896169"]}}, {"type": "Feature", "properties": {"sheet_name": "agri", "description": "Після ворожих обстрілів виникло займання поля з пшеницею в смт Березнегувате.", "date": "2022-7-10", "timestamp": 1657411200000.0, "accuracy": 0}, "geometry": {"type": "Point", "coordinates": [32.87006349708164, "47.32375196239315"]}}, {"type": "Feature", "properties": {"sheet_name": "admin_buildings", "description": "У Широківській громаді влучання по вже зруйнованій будівлі ЦНАПу.", "date": "2022-7-10", "timestamp": 1657411200000.0, "accuracy": 0}, "geometry": {"type": "Point", "coordinates": [32.67569871649458, "47.09964378477544"]}}, {"type": "Feature", "properties": {"sheet_name": "schools", "description": "У Широківській громаді влучання по будівлі школи.", "date": "2022-7-10", "timestamp": 1657411200000.0, "accuracy": 0}, "geometry": {"type": "Point", "coordinates": [32.6706985497211, "47.059273088032185"]}}, {"type": "Feature", "properties": {"sheet_name": "houses", "description": "У Широківській громаді влучання по житловим будинкам та відкритим територіям домогосподарств.", "date": "2022-7-10", "timestamp": 1657411200000.0, "accuracy": 0}, "geometry": {"type": "Point", "coordinates": [32.67026170929456, "47.14036975514495"]}}, {"type": "Feature", "properties": {"sheet_name": "houses", "description": "У Широківській громаді влучання по житловим будинкам та відкритих територіяч домогосподарств.", "date": "2022-7-10", "timestamp": 1657411200000.0, "accuracy": 0}, "geometry": {"type": "Point", "coordinates": [32.66249403201682, "47.145587428288785"]}}, {"type": "Feature", "properties": {"sheet_name": "agri", "description": "За межами с. Новомиколаївка внаслідок обстрілу загорілися поля з врожаєм і лісосмуги.", "date": "2022-7-10", "timestamp": 1657411200000.0, "accuracy": 0}, "geometry": {"type": "Point", "coordinates": [32.37624678302785, "46.978245238565094"]}}, {"type": "Feature", "properties": {"sheet_name": "civil_infrastructure", "description": "Через обстріли смт Шевченкове згорів заклад ресторанного господарства.", "date": "2022-7-10", "timestamp": 1657411200000.0, "accuracy": 0}, "geometry": {"type": "Point", "coordinates": [32.205589203662285, "46.875840348076366"]}}, {"type": "Feature", "properties": {"sheet_name": "agri", "description": "В с. Лимани зайнялося поле з врожаєм та лісосмуга.", "date": "2022-7-10", "timestamp": 1657411200000.0, "accuracy": 0}, "geometry": {"type": "Point", "coordinates": [31.957611803492615, "46.744948624239115"]}}, {"type": "Feature", "properties": {"sheet_name": "houses", "description": "Внаслідок обстрілів смт Первомайське зазнав пошкоджень житловий будинок.", "date": "2022-7-11", "timestamp": 1657497600000.0, "accuracy": 0}, "geometry": {"type": "Point", "coordinates": [32.44219796922802, "47.03876577932569"]}}, {"type": "Feature", "properties": {"sheet_name": "factories", "description": "Внаслідок обстрілів смт Первомайське зазнали пошкоджень приватне сільське господарство і сільгосптехніка.", "date": "2022-7-11", "timestamp": 1657497600000.0, "accuracy": 0}, "geometry": {"type": "Point", "coordinates": [32.42874449221964, "47.03977484984253"]}}, {"type": "Feature", "properties": {"sheet_name": "injured", "description": "У Миколаєві внаслідок ракетного обстрілу є один поранений.", "date": "2022-7-11", "timestamp": 1657497600000.0, "accuracy": 0}, "geometry": {"type": "Point", "coordinates": [32.02033554963264, "46.84416582685073"]}}, {"type": "Feature", "properties": {"sheet_name": "agri", "description": "В смт Березнегувате виникло загоряння поля з пшеницею.", "date": "2022-7-12", "timestamp": 1657584000000.0, "accuracy": 0}, "geometry": {"type": "Point", "coordinates": [32.869119359493105, "47.30745883872388"]}}, {"type": "Feature", "properties": {"sheet_name": "critical_infrastracture", "description": "Ракетний удар зруйнував котельню у Баштанці.", "date": "2022-7-12", "timestamp": 1657584000000.0, "accuracy": 1}, "geometry": {"type": "Point", "coordinates": [32.443905974643314, "47.400897226309304"]}}, {"type": "Feature", "properties": {"sheet_name": "killed", "description": "Через ракетний удар по Баштанці загинула жінка.", "date": "2022-7-12", "timestamp": 1657584000000.0, "accuracy": 1}, "geometry": {"type": "Point", "coordinates": [32.44362837, "47.40075653"]}}, {"type": "Feature", "properties": {"sheet_name": "houses", "description": "В с. Зоря пошкоджено житлові будинки.", "date": "2022-7-12", "timestamp": 1657584000000.0, "accuracy": 0}, "geometry": {"type": "Point", "coordinates": [32.28586756613151, "46.89560737405861"]}}, {"type": "Feature", "properties": {"sheet_name": "agri", "description": "В с. Шевченкове загорілися поля з зерновими.", "date": "2022-7-12", "timestamp": 1657584000000.0, "accuracy": 0}, "geometry": {"type": "Point", "coordinates": [32.18464651579732, "46.85770755155791"]}}, {"type": "Feature", "properties": {"sheet_name": "hospitals", "description": "Під час масованого ракетного обстрілу Миколаєва були влучання у два медичні заклади.", "date": "2022-7-12", "timestamp": 1657584000000.0, "accuracy": 0}, "geometry": {"type": "Point", "coordinates": [32.08299771843912, "46.977256347674896"]}}, {"type": "Feature", "properties": {"sheet_name": "houses", "description": "Під час масованого ракетного обстрілу Миколаєва були влучання у житлові будинки.", "date": "2022-7-12", "timestamp": 1657584000000.0, "accuracy": 0}, "geometry": {"type": "Point", "coordinates": [32.04804439271986, "46.96048852145052"]}}, {"type": "Feature", "properties": {"sheet_name": "civil_infrastructure", "description": "Внаслідок обстрілів с. Лимани сталося займання на місцевому цвинтарі.", "date": "2022-7-12", "timestamp": 1657584000000.0, "accuracy": 0}, "geometry": {"type": "Point", "coordinates": [31.96622098805588, "46.72856158318226"]}}, {"type": "Feature", "properties": {"sheet_name": "injured", "description": "У Миколаєві через масований ракетний обстріл поранено 4 людей.", "date": "2022-7-12", "timestamp": 1657584000000.0, "accuracy": 1}, "geometry": {"type": "Point", "coordinates": [31.96542348, "46.97589386"]}}, {"type": "Feature", "properties": {"sheet_name": "houses", "description": "В смт Березнегувате було влучання по житлових будинках.", "date": "2022-7-13", "timestamp": 1657670400000.0, "accuracy": 0}, "geometry": {"type": "Point", "coordinates": [32.856201840847234, "47.306458539043206"]}}, {"type": "Feature", "properties": {"sheet_name": "hospitals", "description": "В смт Березнегувате було влучання по лікарні.", "date": "2022-7-13", "timestamp": 1657670400000.0, "accuracy": 1}, "geometry": {"type": "Point", "coordinates": [32.83437908, "47.30407353"]}}, {"type": "Feature", "properties": {"sheet_name": "killed", "description": "Через обстріли с. Новоселівка загинуло 4 людини.", "date": "2022-7-13", "timestamp": 1657670400000.0, "accuracy": 0}, "geometry": {"type": "Point", "coordinates": [32.40031029175647, "46.999264982490814"]}}, {"type": "Feature", "properties": {"sheet_name": "injured", "description": "Через обстріли с. Новоселівка поранено 2 людини.", "date": "2022-7-13", "timestamp": 1657670400000.0, "accuracy": 0}, "geometry": {"type": "Point", "coordinates": [32.3926284451806, "46.99803568729845"]}}, {"type": "Feature", "properties": {"sheet_name": "agri", "description": "У Широківській громаді горіли поля з зерновими.", "date": "2022-7-14", "timestamp": 1657756800000.0, "accuracy": 0}, "geometry": {"type": "Point", "coordinates": [32.68462663750097, "47.05397229067665"]}}, {"type": "Feature", "properties": {"sheet_name": "culture", "description": "Під час обстрілу Широківської громади було влучання по будинку культури.", "date": "2022-7-14", "timestamp": 1657756800000.0, "accuracy": 0}, "geometry": {"type": "Point", "coordinates": [32.66080415168336, "47.05964944831314"]}}, {"type": "Feature", "properties": {"sheet_name": "critical_infrastracture", "description": "У Широківській громаді пошкоджена водонапірна башта.", "date": "2022-7-14", "timestamp": 1657756800000.0, "accuracy": 0}, "geometry": {"type": "Point", "coordinates": [32.621648, "47.123866"]}}, {"type": "Feature", "properties": {"sheet_name": "houses", "description": "Нічний обстріл Баштанки зруйнував житлові будинки.", "date": "2022-7-14", "timestamp": 1657756800000.0, "accuracy": 0}, "geometry": {"type": "Point", "coordinates": [32.451589071923394, "47.41389007329259"]}}, {"type": "Feature", "properties": {"sheet_name": "killed", "description": "Через нічний обстріл Баштанки загинула одна людина.", "date": "2022-7-14", "timestamp": 1657756800000.0, "accuracy": 0}, "geometry": {"type": "Point", "coordinates": [32.448061213476166, "47.41255233412174"]}}, {"type": "Feature", "properties": {"sheet_name": "agri", "description": "Через потрапляння боєприпасів зайнялося поле з пшеницею у с. Привільне.", "date": "2022-7-14", "timestamp": 1657756800000.0, "accuracy": 0}, "geometry": {"type": "Point", "coordinates": [32.304435992121675, "47.474276469557765"]}}, {"type": "Feature", "properties": {"sheet_name": "agri", "description": "Через обстріли виникло загоряння поля з пшеницею у с. Котляреве.", "date": "2022-7-14", "timestamp": 1657756800000.0, "accuracy": 0}, "geometry": {"type": "Point", "coordinates": [32.24402296606901, "46.877170984087556"]}}, {"type": "Feature", "properties": {"sheet_name": "agri", "description": "Через обстріли виникло загоряння поля з ячменем в с. Шевченкове.", "date": "2022-7-14", "timestamp": 1657756800000.0, "accuracy": 0}, "geometry": {"type": "Point", "coordinates": [32.169025330440114, "46.87865654370922"]}}, {"type": "Feature", "properties": {"sheet_name": "civil_infrastructure", "description": "По Миколаєву випущено 9 ракет типу С-300: пошкоджено об’єкт транспортної інфраструктури. та готель.", "date": "2022-7-14", "timestamp": 1657756800000.0, "accuracy": 1}, "geometry": {"type": "Point", "coordinates": [32.00223373, "46.96548294"]}}, {"type": "Feature", "properties": {"sheet_name": "injured", "description": "По Миколаєву випущено 9 ракет типу С-300, поранена одна людина.", "date": "2022-7-14", "timestamp": 1657756800000.0, "accuracy": 1}, "geometry": {"type": "Point", "coordinates": [32.00109888797869, "46.996211079784786"]}}, {"type": "Feature", "properties": {"sheet_name": "houses", "description": "Через обстріли с. Лимани відбулося займання нежитлових господарських будівель.", "date": "2022-7-14", "timestamp": 1657756800000.0, "accuracy": 0}, "geometry": {"type": "Point", "coordinates": [31.98087118639475, "46.725995595968065"]}}, {"type": "Feature", "properties": {"sheet_name": "schools", "description": "По Миколаєву випущено 9 ракет типу С-300: постраждали два навчальні заклади.", "date": "2022-7-14", "timestamp": 1657756800000.0, "accuracy": 1}, "geometry": {"type": "Point", "coordinates": [31.98079812, "46.97409932"]}}, {"type": "Feature", "properties": {"sheet_name": "agri", "description": "Через обстріли с. Лимани відбулося займання лісу.", "date": "2022-7-14", "timestamp": 1657756800000.0, "accuracy": 0}, "geometry": {"type": "Point", "coordinates": [31.95389639955072, "46.745015398608494"]}}, {"type": "Feature", "properties": {"sheet_name": "houses", "description": "Періодичні обстріли у Широківській громаді зруйнували один житловий будинок і пошкодили три.", "date": "2022-7-15", "timestamp": 1657843200000.0, "accuracy": 0}, "geometry": {"type": "Point", "coordinates": [32.66877527440161, "47.064056374384045"]}}, {"type": "Feature", "properties": {"sheet_name": "injured", "description": "Через обстріли у Широківській громаді отримали поранення 2 людини.", "date": "2022-7-15", "timestamp": 1657843200000.0, "accuracy": 0}, "geometry": {"type": "Point", "coordinates": [32.621648, "47.123866"]}}, {"type": "Feature", "properties": {"sheet_name": "factories", "description": "Обстріли в смт Первомайське пошкодили об'єкти сільськогосподарського призначення.", "date": "2022-7-15", "timestamp": 1657843200000.0, "accuracy": 0}, "geometry": {"type": "Point", "coordinates": [32.45121173277027, "47.03653975405927"]}}, {"type": "Feature", "properties": {"sheet_name": "critical_infrastracture", "description": "Обстріли в смт Первомайське пошкодили об'єкти критичної інфраструктури.", "date": "2022-7-15", "timestamp": 1657843200000.0, "accuracy": 0}, "geometry": {"type": "Point", "coordinates": [32.438662, "47.04128"]}}, {"type": "Feature", "properties": {"sheet_name": "critical_infrastracture", "description": "Обстріли с. Лимани пошкодили об'єкти критичної інфраструктури, внаслідок чого село залишилося без електро- газопостачання. ", "date": "2022-7-15", "timestamp": 1657843200000.0, "accuracy": 0}, "geometry": {"type": "Point", "coordinates": [31.97064334498492, "46.744674715331534"]}}, {"type": "Feature", "properties": {"sheet_name": "houses", "description": "Обстріли с. Лимани пошкодили житлові будинки.", "date": "2022-7-15", "timestamp": 1657843200000.0, "accuracy": 0}, "geometry": {"type": "Point", "coordinates": [31.96782565531737, "46.72858815413739"]}}, {"type": "Feature", "properties": {"sheet_name": "houses", "description": "Через обстріли с. Олександрівка у 6 приватних будинках частково пошкоджені покрівлі та вікна.", "date": "2022-7-15", "timestamp": 1657843200000.0, "accuracy": 0}, "geometry": {"type": "Point", "coordinates": [31.274771004599756, "47.671567853037544"]}}, {"type": "Feature", "properties": {"sheet_name": "houses", "description": "Через обстріли у Широківській громаді зруйновано житловий будинок.", "date": "2022-7-16", "timestamp": 1657929600000.0, "accuracy": 0}, "geometry": {"type": "Point", "coordinates": [32.66772384846777, "47.081195169535356"]}}, {"type": "Feature", "properties": {"sheet_name": "factories", "description": "Через обстріли у Широківській громаді пошкоджено сільськогосподарські будівлі та корівники.", "date": "2022-7-16", "timestamp": 1657929600000.0, "accuracy": 0}, "geometry": {"type": "Point", "coordinates": [32.666512341680736, "47.097706136506055"]}}, {"type": "Feature", "properties": {"sheet_name": "killed", "description": "Через обстріли у Широківській громаді загинула жінка.", "date": "2022-7-16", "timestamp": 1657929600000.0, "accuracy": 0}, "geometry": {"type": "Point", "coordinates": [32.621648, "47.123866"]}}, {"type": "Feature", "properties": {"sheet_name": "agri", "description": "В Інгульській громаді внаслідок влучань горіли поля.", "date": "2022-7-16", "timestamp": 1657929600000.0, "accuracy": 0}, "geometry": {"type": "Point", "coordinates": [32.216266537228165, "47.19547442802379"]}}, {"type": "Feature", "properties": {"sheet_name": "killed", "description": "У с. Шевченкове внаслідок обстрілів загинули три людини.", "date": "2022-7-16", "timestamp": 1657929600000.0, "accuracy": 0}, "geometry": {"type": "Point", "coordinates": [32.194087891370806, "46.866723368576146"]}}, {"type": "Feature", "properties": {"sheet_name": "houses", "description": "У с. Шевченкове внаслідок обстрілів зруйновані житлові будинки.", "date": "2022-7-16", "timestamp": 1657929600000.0, "accuracy": 0}, "geometry": {"type": "Point", "coordinates": [32.19172754742959, "46.8659751647953"]}}, {"type": "Feature", "properties": {"sheet_name": "injured", "description": "У с. Шевченкове внаслідок обстрілів поранені три людини.", "date": "2022-7-16", "timestamp": 1657929600000.0, "accuracy": 0}, "geometry": {"type": "Point", "coordinates": [32.181411645502656, "46.868055688481846"]}}, {"type": "Feature", "properties": {"sheet_name": "houses", "description": "Лимани зазнали масованого обстрілу: пошкоджено господарські будівлі.", "date": "2022-7-16", "timestamp": 1657929600000.0, "accuracy": 0}, "geometry": {"type": "Point", "coordinates": [31.96304015873256, "46.73563875960189"]}}, {"type": "Feature", "properties": {"sheet_name": "houses", "description": "Лимани зазнали масованого обстрілу: пошкоджено житлові будинки.", "date": "2022-7-16", "timestamp": 1657929600000.0, "accuracy": 0}, "geometry": {"type": "Point", "coordinates": [31.95763999575098, "46.7365281478259"]}}, {"type": "Feature", "properties": {"sheet_name": "factories", "description": "Під час масованого ракетного обстрілу Миколаєва є влучання та пожежі на двох промислових підприємствах.", "date": "2022-7-17", "timestamp": 1658016000000.0, "accuracy": 0}, "geometry": {"type": "Point", "coordinates": [32.013604828977485, "46.94891778706838"]}}, {"type": "Feature", "properties": {"sheet_name": "injured", "description": "Окупанти обстріляли касетними снарядами Корабельний район Миколаєва - поранень зазнали двоє цивільних.", "date": "2022-7-18", "timestamp": 1658102400000.0, "accuracy": 0}, "geometry": {"type": "Point", "coordinates": [32.03006015433106, "46.87649230987859"]}}, {"type": "Feature", "properties": {"sheet_name": "houses", "description": "Окупанти обстріляли касетними снарядами Корабельний район Миколаєва – пошкоджено вікна і дах у приватних будинках.", "date": "2022-7-18", "timestamp": 1658102400000.0, "accuracy": 0}, "geometry": {"type": "Point", "coordinates": [32.00577292538749, "46.8434224801342"]}}, {"type": "Feature", "properties": {"sheet_name": "civil_infrastructure", "description": "У Миколаєві ракети влучили в автосалон та салон з продажу сільгосптехніки.", "date": "2022-7-18", "timestamp": 1658102400000.0, "accuracy": 1}, "geometry": {"type": "Point", "coordinates": [31.99529031, "47.0184915"]}}, {"type": "Feature", "properties": {"sheet_name": "agri", "description": "Через обстріли с. Лимани виникли загоряння полів із зерновими.", "date": "2022-7-18", "timestamp": 1658102400000.0, "accuracy": 0}, "geometry": {"type": "Point", "coordinates": [31.97897166744365, "46.7211406622137"]}}, {"type": "Feature", "properties": {"sheet_name": "houses", "description": "В Широківській громаді зруйновані та пошкоджені сім житлових будинків.", "date": "2022-7-19", "timestamp": 1658188800000.0, "accuracy": 0}, "geometry": {"type": "Point", "coordinates": [32.67250286014341, "47.07945161027928"]}}, {"type": "Feature", "properties": {"sheet_name": "houses", "description": "Через обстріл у Шевченківській громаді відбулося руйнування житлових будинків.", "date": "2022-7-19", "timestamp": 1658188800000.0, "accuracy": 0}, "geometry": {"type": "Point", "coordinates": [32.199345021068794, "46.855763340415024"]}}, {"type": "Feature", "properties": {"sheet_name": "agri", "description": "Через обстріл у Шевченківській громаді відбулося загоряння полів із зерновими.", "date": "2022-7-19", "timestamp": 1658188800000.0, "accuracy": 0}, "geometry": {"type": "Point", "coordinates": [32.19481745229241, "46.85089883610531"]}}, {"type": "Feature", "properties": {"sheet_name": "houses", "description": "В с. Лимани відбулось загоряння житлових та дачних будинків.", "date": "2022-7-19", "timestamp": 1658188800000.0, "accuracy": 0}, "geometry": {"type": "Point", "coordinates": [31.96816, "46.72874"]}}, {"type": "Feature", "properties": {"sheet_name": "agri", "description": "Внаслідок ворожого обстрілу в лісовому урочищі Галицинівської громади горіли хвойна підстилка та лісові насадження.", "date": "2022-7-19", "timestamp": 1658188800000.0, "accuracy": 0}, "geometry": {"type": "Point", "coordinates": [31.960590794695875, "46.76888575135325"]}}, {"type": "Feature", "properties": {"sheet_name": "houses", "description": "Під ворожий обстріл потрапили житлові будинки в с. Калуга.", "date": "2022-7-20", "timestamp": 1658275200000.0, "accuracy": 0}, "geometry": {"type": "Point", "coordinates": [32.94712709537214, "47.36011945066693"]}}, {"type": "Feature", "properties": {"sheet_name": "critical_infrastracture", "description": "Під ворожий обстріл потрапили об'єкти інфраструктури в с. Калуга.", "date": "2022-7-20", "timestamp": 1658275200000.0, "accuracy": 0}, "geometry": {"type": "Point", "coordinates": [32.94025, "47.364476"]}}, {"type": "Feature", "properties": {"sheet_name": "houses", "description": "В смт Березнегувате внаслідок ракетного обстрілу пошкоджено вісім житлових будинків.", "date": "2022-7-20", "timestamp": 1658275200000.0, "accuracy": 0}, "geometry": {"type": "Point", "coordinates": [32.846669, "47.307953"]}}, {"type": "Feature", "properties": {"sheet_name": "injured", "description": "В смт Березнегувате після ракетного обстрілу з-під завалів врятовано дві людини.", "date": "2022-7-20", "timestamp": 1658275200000.0, "accuracy": 0}, "geometry": {"type": "Point", "coordinates": [32.846669, "47.307953"]}}, {"type": "Feature", "properties": {"sheet_name": "houses", "description": "Під ворожий обстріл потрапили житлові будинки в с. Висунськ.", "date": "2022-7-20", "timestamp": 1658275200000.0, "accuracy": 0}, "geometry": {"type": "Point", "coordinates": [32.821056, "47.261436"]}}, {"type": "Feature", "properties": {"sheet_name": "critical_infrastracture", "description": "Під ворожий обстріл потрапили об'єкти інфраструктури в с. Висунськ.", "date": "2022-7-20", "timestamp": 1658275200000.0, "accuracy": 0}, "geometry": {"type": "Point", "coordinates": [32.821056, "47.261436"]}}, {"type": "Feature", "properties": {"sheet_name": "agri", "description": "Через обстріли Баштанської громади горіли пожнивні залишки на полі.", "date": "2022-7-20", "timestamp": 1658275200000.0, "accuracy": 0}, "geometry": {"type": "Point", "coordinates": [32.45570014469704, "47.396301139682265"]}}, {"type": "Feature", "properties": {"sheet_name": "agri", "description": "Внаслідок обстрілів Шевченківської громади між с. Котляреве та Зеленим Гаєм загорілися поля з зерновими.", "date": "2022-7-20", "timestamp": 1658275200000.0, "accuracy": 0}, "geometry": {"type": "Point", "coordinates": [32.23483013393559, "46.921825341490226"]}}, {"type": "Feature", "properties": {"sheet_name": "houses", "description": "Через обстріли с. Лимани зруйновано господарські споруди.", "date": "2022-7-20", "timestamp": 1658275200000.0, "accuracy": 0}, "geometry": {"type": "Point", "coordinates": [31.967683055585137, "46.7278389762427"]}}, {"type": "Feature", "properties": {"sheet_name": "houses", "description": "Через обстріли с. Лимани зруйновано житлові будинки.", "date": "2022-7-20", "timestamp": 1658275200000.0, "accuracy": 0}, "geometry": {"type": "Point", "coordinates": [31.962553802670207, "46.73183669584076"]}}, {"type": "Feature", "properties": {"sheet_name": "agri", "description": "В лісовому урочищі Галицинівської громади виникло загоряння хвойної підстилки та лісових насаджень.", "date": "2022-7-20", "timestamp": 1658275200000.0, "accuracy": 0}, "geometry": {"type": "Point", "coordinates": [31.960032895237735, "46.795672227892496"]}}, {"type": "Feature", "properties": {"sheet_name": "houses", "description": "В с. Широке боєприпас влучив в житловий будинок.", "date": "2022-7-21", "timestamp": 1658361600000.0, "accuracy": 0}, "geometry": {"type": "Point", "coordinates": [32.67984169732569, "47.09955850377793"]}}, {"type": "Feature", "properties": {"sheet_name": "killed", "description": "В с. Широке внаслідок влучання боєприпасу в житловий будинок є один загиблий.", "date": "2022-7-21", "timestamp": 1658361600000.0, "accuracy": 0}, "geometry": {"type": "Point", "coordinates": [32.67821091425372, "47.10059557691848"]}}, {"type": "Feature", "properties": {"sheet_name": "agri", "description": "Внаслідок потрапляння боєприпасів та їх уламків за межами с. Зелений Клин виникла пожежа сухої трави та пожнивних залишків.", "date": "2022-7-21", "timestamp": 1658361600000.0, "accuracy": 0}, "geometry": {"type": "Point", "coordinates": [32.561529685680426, "47.415367208742396"]}}, {"type": "Feature", "properties": {"sheet_name": "agri", "description": "Внаслідок обстрілів у с. Калинівка відбулось загоряння пожнивних залишків, лісосмуги та чагарників на відкритій території.", "date": "2022-7-21", "timestamp": 1658361600000.0, "accuracy": 0}, "geometry": {"type": "Point", "coordinates": [32.19286413252956, "47.041901326930194"]}}, {"type": "Feature", "properties": {"sheet_name": "factories", "description": "В селі Українка відбулось загоряння сількогосподарських будівель та техніки.", "date": "2022-7-21", "timestamp": 1658361600000.0, "accuracy": 0}, "geometry": {"type": "Point", "coordinates": [32.13357021435908, "46.825863256177335"]}}, {"type": "Feature", "properties": {"sheet_name": "critical_infrastracture", "description": "Окупанти випустили по Миколаєву сім ракет С-300: є влучання в об’єкт інфраструктури, АЗС та газогін.", "date": "2022-7-21", "timestamp": 1658361600000.0, "accuracy": 0}, "geometry": {"type": "Point", "coordinates": [32.08597, "46.97117"]}}, {"type": "Feature", "properties": {"sheet_name": "injured", "description": "Окупанти випустили по Миколаєву сім ракет С-300, одна людина постраждала. ", "date": "2022-7-21", "timestamp": 1658361600000.0, "accuracy": 0}, "geometry": {"type": "Point", "coordinates": [32.00441392872386, "46.96837354914665"]}}, {"type": "Feature", "properties": {"sheet_name": "agri", "description": "За с. Лимани зайнялися лісові насадження та поля із зерновими.", "date": "2022-7-21", "timestamp": 1658361600000.0, "accuracy": 0}, "geometry": {"type": "Point", "coordinates": [31.95665294, "46.74718167"]}}, {"type": "Feature", "properties": {"sheet_name": "factories", "description": "Під час обстрілів с. Широке були влучання по сільськогосподарським будівлям.", "date": "2022-7-22", "timestamp": 1658448000000.0, "accuracy": 0}, "geometry": {"type": "Point", "coordinates": [32.670629668368555, "47.09938741314076"]}}, {"type": "Feature", "properties": {"sheet_name": "civil_infrastructure", "description": "Влучання в будівлю магазину та гаражний кооператив у смт Первомайське.", "date": "2022-7-22", "timestamp": 1658448000000.0, "accuracy": 0}, "geometry": {"type": "Point", "coordinates": [32.43293614, "47.04673119"]}}, {"type": "Feature", "properties": {"sheet_name": "factories", "description": "Через удар по Миколаєву шістьма ракетами С-300 відбулося займання на території складського приміщення.", "date": "2022-7-22", "timestamp": 1658448000000.0, "accuracy": 0}, "geometry": {"type": "Point", "coordinates": [32.03523416245783, "46.9693040343834"]}}, {"type": "Feature", "properties": {"sheet_name": "houses", "description": "Після обстрілів у с. Галицинове відбулося займання житлового будинку.", "date": "2022-7-22", "timestamp": 1658448000000.0, "accuracy": 0}, "geometry": {"type": "Point", "coordinates": [31.97283216426812, "46.808640736368666"]}}, {"type": "Feature", "properties": {"sheet_name": "agri", "description": "Внаслідок ворожих обстрілів в лісовому господарстві Галицинівської громади виникло загоряння хвойної підстилки та лісових насаджень.", "date": "2022-7-22", "timestamp": 1658448000000.0, "accuracy": 0}, "geometry": {"type": "Point", "coordinates": [31.9620855305656, "46.77228703097507"]}}, {"type": "Feature", "properties": {"sheet_name": "culture", "description": "Шість влучань ворожих снарядів по будинку культури в с. Широке.", "date": "2022-7-23", "timestamp": 1658534400000.0, "accuracy": 1}, "geometry": {"type": "Point", "coordinates": [32.674755, "47.09884345"]}}, {"type": "Feature", "properties": {"sheet_name": "killed", "description": "Через удари по с. Шевченкове загинуло дві людини.", "date": "2022-7-23", "timestamp": 1658534400000.0, "accuracy": 0}, "geometry": {"type": "Point", "coordinates": [32.20434980634791, "46.86699861155283"]}}, {"type": "Feature", "properties": {"sheet_name": "schools", "description": "Через ракетний обстріл ракетами \"Калібр\" у Миколаєві повністю зруйновано заклад освіти.", "date": "2022-7-23", "timestamp": 1658534400000.0, "accuracy": 1}, "geometry": {"type": "Point", "coordinates": [32.0210296, "46.8537469"]}}, {"type": "Feature", "properties": {"sheet_name": "injured", "description": "По Миколаєву було випущено чотири крилатих ракети типу «Калібр». Відомо про п‘ятьох поранених, серед них підліток. ", "date": "2022-7-23", "timestamp": 1658534400000.0, "accuracy": 0}, "geometry": {"type": "Point", "coordinates": [32.01969895454785, "46.87739615936786"]}}, {"type": "Feature", "properties": {"sheet_name": "houses", "description": "Через ракетний обстріл ракетами \"Калібр\" у Миколаєві повністю зруйновано декілька садиб, пошкоджено приватні та багатоповерхові будинки.", "date": "2022-7-23", "timestamp": 1658534400000.0, "accuracy": 0}, "geometry": {"type": "Point", "coordinates": [32.00761814, "46.97971384"]}}, {"type": "Feature", "properties": {"sheet_name": "houses", "description": "Через обстріли с. Лимани відбулося загоряння господарських споруд.", "date": "2022-7-23", "timestamp": 1658534400000.0, "accuracy": 0}, "geometry": {"type": "Point", "coordinates": [31.97950536363524, "46.726630029894594"]}}, {"type": "Feature", "properties": {"sheet_name": "houses", "description": "Через обстріли с. Лимани відбулося загоряння житлових будинків.", "date": "2022-7-23", "timestamp": 1658534400000.0, "accuracy": 0}, "geometry": {"type": "Point", "coordinates": [31.971201244525133, "46.73138076491585"]}}, {"type": "Feature", "properties": {"sheet_name": "agri", "description": "Через обстріли с. Лимани відбулося загоряння лісового насадження.", "date": "2022-7-23", "timestamp": 1658534400000.0, "accuracy": 0}, "geometry": {"type": "Point", "coordinates": [31.9532672961697, "46.74476882245721"]}}, {"type": "Feature", "properties": {"sheet_name": "agri", "description": "Внаслідок ворожих обстрілів в Широківській громаді відбулося займання полів із зерновими.", "date": "2022-7-24", "timestamp": 1658620800000.0, "accuracy": 0}, "geometry": {"type": "Point", "coordinates": [32.677401881539126, "47.089627271892084"]}}, {"type": "Feature", "properties": {"sheet_name": "factories", "description": "Під час нічного обстрілу Миколаєва було влучання у складське приміщення.", "date": "2022-7-24", "timestamp": 1658620800000.0, "accuracy": 0}, "geometry": {"type": "Point", "coordinates": [32.07693, "46.89499"]}}, {"type": "Feature", "properties": {"sheet_name": "houses", "description": "Через обстріли с. Маліївка зруйновано один житловий будинок.", "date": "2022-7-25", "timestamp": 1658707200000.0, "accuracy": 0}, "geometry": {"type": "Point", "coordinates": [32.72658483265537, "47.49349116189589"]}}, {"type": "Feature", "properties": {"sheet_name": "critical_infrastracture", "description": "Через обстріл с. Мішково-Погорілове пошкоджено об'єкти критичної інфраструктури, електро- та газопостачання. ", "date": "2022-7-25", "timestamp": 1658707200000.0, "accuracy": 0}, "geometry": {"type": "Point", "coordinates": [32.112717, "46.995222"]}}, {"type": "Feature", "properties": {"sheet_name": "injured", "description": "Через обстріл с. Мішково-Погорілове зазнала поранень 7-річна дитина.", "date": "2022-7-25", "timestamp": 1658707200000.0, "accuracy": 0}, "geometry": {"type": "Point", "coordinates": [32.10725471284511, "46.99390631762535"]}}, {"type": "Feature", "properties": {"sheet_name": "houses", "description": "Через обстріл с. Мішково-Погорілове зруйновані та пошкоджені будинки, виникла пожежа двоповерхового житлового будинку.", "date": "2022-7-25", "timestamp": 1658707200000.0, "accuracy": 0}, "geometry": {"type": "Point", "coordinates": [32.07896360327109, "46.992473763292956"]}}, {"type": "Feature", "properties": {"sheet_name": "critical_infrastracture", "description": "Окупанти обстріляли об'єкт інфраструктури в Ольшанській громаді.", "date": "2022-7-25", "timestamp": 1658707200000.0, "accuracy": 0}, "geometry": {"type": "Point", "coordinates": [31.788057, "47.161138"]}}, {"type": "Feature", "properties": {"sheet_name": "houses", "description": "В с. Кавказ пошкоджені житлові будинки.", "date": "2022-7-26", "timestamp": 1658793600000.0, "accuracy": 0}, "geometry": {"type": "Point", "coordinates": [33.06102697, "47.28626262"]}}, {"type": "Feature", "properties": {"sheet_name": "houses", "description": "В с. Лепетиха пошкоджені житлові будинки.", "date": "2022-7-26", "timestamp": 1658793600000.0, "accuracy": 0}, "geometry": {"type": "Point", "coordinates": [33.05685486, "47.32502506"]}}, {"type": "Feature", "properties": {"sheet_name": "houses", "description": "В с. Широке було влучання в домогосподарство.", "date": "2022-7-26", "timestamp": 1658793600000.0, "accuracy": 0}, "geometry": {"type": "Point", "coordinates": [32.67741698, "47.09393459"]}}, {"type": "Feature", "properties": {"sheet_name": "critical_infrastracture", "description": "В с. Широке зруйновані мережі електроопор.", "date": "2022-7-26", "timestamp": 1658793600000.0, "accuracy": 0}, "geometry": {"type": "Point", "coordinates": [32.674144, "47.098634"]}}, {"type": "Feature", "properties": {"sheet_name": "agri", "description": "У с. Котляреве Шевченківської громади горіли поля ячменю та пшениці.", "date": "2022-7-26", "timestamp": 1658793600000.0, "accuracy": 0}, "geometry": {"type": "Point", "coordinates": [32.23226416, "46.8905316"]}}, {"type": "Feature", "properties": {"sheet_name": "houses", "description": "Внаслідок ворожих обстрілів в с. Шевченкове виникла пожежа господарчої будівлі.", "date": "2022-7-26", "timestamp": 1658793600000.0, "accuracy": 0}, "geometry": {"type": "Point", "coordinates": [32.18990365, "46.86427333"]}}, {"type": "Feature", "properties": {"sheet_name": "houses", "description": "Внаслідок ворожих обстрілів в с. Шевченкове частково зруйновано житловий будинок.", "date": "2022-7-26", "timestamp": 1658793600000.0, "accuracy": 0}, "geometry": {"type": "Point", "coordinates": [32.1803979, "46.8682931"]}}, {"type": "Feature", "properties": {"sheet_name": "factories", "description": "Під час масованого ракетного удару по Миколаєву уражено автотранспортне підприємство.", "date": "2022-7-26", "timestamp": 1658793600000.0, "accuracy": 0}, "geometry": {"type": "Point", "coordinates": [32.07057238, "46.98211154"]}}, {"type": "Feature", "properties": {"sheet_name": "agri", "description": "У с. Лимани відбулося займання пшеничного поля.", "date": "2022-7-26", "timestamp": 1658793600000.0, "accuracy": 0}, "geometry": {"type": "Point", "coordinates": [31.98946172, "46.71772311"]}}, {"type": "Feature", "properties": {"sheet_name": "critical_infrastracture", "description": "Під час масованого ракетного удару по Миколаєву уражено об’єкт критичної інфраструктури.", "date": "2022-7-26", "timestamp": 1658793600000.0, "accuracy": 0}, "geometry": {"type": "Point", "coordinates": [31.9874039, "46.95047583"]}}, {"type": "Feature", "properties": {"sheet_name": "houses", "description": "В селищі Весняне пошкоджено біля восьми приватних житлових будинків.", "date": "2022-7-26", "timestamp": 1658793600000.0, "accuracy": 0}, "geometry": {"type": "Point", "coordinates": [31.892919, "46.97526"]}}, {"type": "Feature", "properties": {"sheet_name": "houses", "description": "В селищі Весняне виникла пожежа господарчої будівлі.", "date": "2022-7-26", "timestamp": 1658793600000.0, "accuracy": 0}, "geometry": {"type": "Point", "coordinates": [31.8877044, "46.97743852"]}}, {"type": "Feature", "properties": {"sheet_name": "houses", "description": "В с. Широке пошкоджено три житлових будинки.", "date": "2022-7-27", "timestamp": 1658880000000.0, "accuracy": 0}, "geometry": {"type": "Point", "coordinates": [32.67928663, "47.09705959"]}}, {"type": "Feature", "properties": {"sheet_name": "houses", "description": "В с. Широке влучання ворожих снарядів по домогосподарствах.", "date": "2022-7-27", "timestamp": 1658880000000.0, "accuracy": 0}, "geometry": {"type": "Point", "coordinates": [32.67507809, "47.09814162"]}}, {"type": "Feature", "properties": {"sheet_name": "agri", "description": "Внаслідок обстрілів горіли поля із зерновими за межами с. Шевченкове.", "date": "2022-7-27", "timestamp": 1658880000000.0, "accuracy": 0}, "geometry": {"type": "Point", "coordinates": [32.15585032, "46.8605247"]}}, {"type": "Feature", "properties": {"sheet_name": "factories", "description": "У Миколаєві потрапляння снарядів у промислову зону та ремонтне підприємство.", "date": "2022-7-27", "timestamp": 1658880000000.0, "accuracy": 0}, "geometry": {"type": "Point", "coordinates": [32.13963, "46.87443"]}}, {"type": "Feature", "properties": {"sheet_name": "critical_infrastracture", "description": "Внаслідок ворожих обстрілів с. Лимани пошкоджено електромережу.", "date": "2022-7-27", "timestamp": 1658880000000.0, "accuracy": 0}, "geometry": {"type": "Point", "coordinates": [31.969279781154032, "46.72608935535773"]}}, {"type": "Feature", "properties": {"sheet_name": "houses", "description": "Внаслідок ворожих обстрілів с. Лимани зруйновано та пошкоджено три житлових будинки.", "date": "2022-7-27", "timestamp": 1658880000000.0, "accuracy": 0}, "geometry": {"type": "Point", "coordinates": [31.9665233427129, "46.743653851105705"]}}, {"type": "Feature", "properties": {"sheet_name": "critical_infrastracture", "description": "У Березнегуватській громаді пошкоджено лінію електропередач.", "date": "2022-7-28", "timestamp": 1658966400000.0, "accuracy": 0}, "geometry": {"type": "Point", "coordinates": [32.829574, "47.198526"]}}, {"type": "Feature", "properties": {"sheet_name": "agri", "description": "Через обстріли території між с. Новомиколаївка та Костянтинівка були численні займання полів та сухостою.", "date": "2022-7-28", "timestamp": 1658966400000.0, "accuracy": 0}, "geometry": {"type": "Point", "coordinates": [32.32183013, "46.96989976"]}}, {"type": "Feature", "properties": {"sheet_name": "injured", "description": "У Миколаєві через ворожий обстріл отримали поранення троє осіб.", "date": "2022-7-28", "timestamp": 1658966400000.0, "accuracy": 0}, "geometry": {"type": "Point", "coordinates": [32.05473468, "46.88282474"]}}, {"type": "Feature", "properties": {"sheet_name": "factories", "description": "Ракетний удар по Миколаєву пошкодив склад агропромислового підприємства та господарські споруди.", "date": "2022-7-28", "timestamp": 1658966400000.0, "accuracy": 0}, "geometry": {"type": "Point", "coordinates": [32.03244467, "46.9222956"]}}, {"type": "Feature", "properties": {"sheet_name": "civil_infrastructure", "description": "У Миколаєві пошкоджено пункт видачі гуманітарної допомоги.", "date": "2022-7-28", "timestamp": 1658966400000.0, "accuracy": 0}, "geometry": {"type": "Point", "coordinates": [32.02339902, "46.87695672"]}}, {"type": "Feature", "properties": {"sheet_name": "houses", "description": "У Миколаєві зруйновано три приватних будинка.", "date": "2022-7-28", "timestamp": 1658966400000.0, "accuracy": 0}, "geometry": {"type": "Point", "coordinates": [32.01503176, "46.95048145"]}}, {"type": "Feature", "properties": {"sheet_name": "schools", "description": "Внаслідок влучання трьох ракет вщент зруйновано будівлю середньої школи у Корабельному районі Миколаєва.", "date": "2022-7-28", "timestamp": 1658966400000.0, "accuracy": 1}, "geometry": {"type": "Point", "coordinates": [32.01223102, "46.84545922"]}}, {"type": "Feature", "properties": {"sheet_name": "civil_infrastructure", "description": "Ракетний удар по Миколаєву пошкодив яхт-клуб.", "date": "2022-7-28", "timestamp": 1658966400000.0, "accuracy": 1}, "geometry": {"type": "Point", "coordinates": [32.00243807, "46.86676091"]}}, {"type": "Feature", "properties": {"sheet_name": "agri", "description": "Виникло загоряння поля з пшеницею в с. Дмитрівка Куцурубської громади.", "date": "2022-7-28", "timestamp": 1658966400000.0, "accuracy": 0}, "geometry": {"type": "Point", "coordinates": [31.73608933, "46.63686888"]}}, {"type": "Feature", "properties": {"sheet_name": "agri", "description": "Відбулося займання хвойної підстилки на Кінбурнській косі.", "date": "2022-7-28", "timestamp": 1658966400000.0, "accuracy": 0}, "geometry": {"type": "Point", "coordinates": [31.58015851, "46.53130107"]}}, {"type": "Feature", "properties": {"sheet_name": "agri", "description": "Відбулося займання полів в с. Широке.", "date": "2022-7-29", "timestamp": 1659052800000.0, "accuracy": 0}, "geometry": {"type": "Point", "coordinates": [32.67501656, "47.10319438"]}}, {"type": "Feature", "properties": {"sheet_name": "killed", "description": "Ворожі касетні снаряди влучили у зупинку громадського транспорту в Корабельному районі Миколаєва, загинуло 7 цивільних.", "date": "2022-7-29", "timestamp": 1659052800000.0, "accuracy": 1}, "geometry": {"type": "Point", "coordinates": [32.01670424, "46.86746341"]}}, {"type": "Feature", "properties": {"sheet_name": "injured", "description": "Ворожі касетні снаряди влучили у зупинку громадського транспорту в Корабельному районі Миколаєва, поранено 12 цивільних.", "date": "2022-7-29", "timestamp": 1659052800000.0, "accuracy": 1}, "geometry": {"type": "Point", "coordinates": [32.01670424, "46.86746341"]}}, {"type": "Feature", "properties": {"sheet_name": "houses", "description": "У Миколаєві через обстріл багатоповерхівки зазнали значних ушкоджень", "date": "2022-7-30", "timestamp": 1659139200000.0, "accuracy": 0}, "geometry": {"type": "Point", "coordinates": [32.06390161, "46.9601407"]}}, {"type": "Feature", "properties": {"sheet_name": "killed", "description": "У Миколаєві обстріляли один зі спальних районів міста, одна людина загинула.", "date": "2022-7-30", "timestamp": 1659139200000.0, "accuracy": 0}, "geometry": {"type": "Point", "coordinates": [31.99086, "46.83157"]}}, {"type": "Feature", "properties": {"sheet_name": "injured", "description": "У Миколаєві обстріляний один зі спальних районів міста, шість людей поранено.", "date": "2022-7-30", "timestamp": 1659139200000.0, "accuracy": 0}, "geometry": {"type": "Point", "coordinates": [31.98848, "47.01141"]}}, {"type": "Feature", "properties": {"sheet_name": "houses", "description": "У селі Лупареве загорівся дачний будинок", "date": "2022-7-30", "timestamp": 1659139200000.0, "accuracy": 0}, "geometry": {"type": "Point", "coordinates": [31.97599656, "46.69360651"]}}, {"type": "Feature", "properties": {"sheet_name": "critical_infrastracture", "description": "Внаслідок обстрілу було пошкоджено об'єкти електропостачання, як наслідок зникло світло у н.п. Лепетинського старостинського округу", "date": "2022-7-31", "timestamp": 1659225600000.0, "accuracy": 0}, "geometry": {"type": "Point", "coordinates": [33.04011787, "47.32935197"]}}, {"type": "Feature", "properties": {"sheet_name": "agri", "description": "Відбулося займання полів з зерновими в с. Новомиколаївка", "date": "2022-7-31", "timestamp": 1659225600000.0, "accuracy": 0}, "geometry": {"type": "Point", "coordinates": [32.34483275, "46.96623905"]}}, {"type": "Feature", "properties": {"sheet_name": "houses", "description": "Внаслідок масованих обстрілів Миколаєва пошкоджено дві господарчі споруди", "date": "2022-7-31", "timestamp": 1659225600000.0, "accuracy": 0}, "geometry": {"type": "Point", "coordinates": [32.05864448, "46.9184924"]}}, {"type": "Feature", "properties": {"sheet_name": "injured", "description": "Внаслідок масованих обстрілів Миколаєва поранено дві людини", "date": "2022-7-31", "timestamp": 1659225600000.0, "accuracy": 0}, "geometry": {"type": "Point", "coordinates": [32.0571059, "46.94744582"]}}, {"type": "Feature", "properties": {"sheet_name": "houses", "description": "Внаслідок масованих обстрілів Миколаєва пошкоджено житлові будинки. Також зайнялась двоповерхова будівля", "date": "2022-7-31", "timestamp": 1659225600000.0, "accuracy": 0}, "geometry": {"type": "Point", "coordinates": [32.03281, "46.92856"]}}, {"type": "Feature", "properties": {"sheet_name": "factories", "description": "Внаслідок масованих обстрілів Миколаєва пошкоджено СТО", "date": "2022-7-31", "timestamp": 1659225600000.0, "accuracy": 0}, "geometry": {"type": "Point", "coordinates": [32.02216644, "46.85925513"]}}, {"type": "Feature", "properties": {"sheet_name": "killed", "description": "Внаслідок масованих обстрілів Миколаєва загинула одна людина", "date": "2022-7-31", "timestamp": 1659225600000.0, "accuracy": 0}, "geometry": {"type": "Point", "coordinates": [31.98650750711175, "46.97190148740666"]}}, {"type": "Feature", "properties": {"sheet_name": "schools", "description": "Внаслідок масованих обстрілів Миколаєва пошкоджено два заклади освіти", "date": "2022-7-31", "timestamp": 1659225600000.0, "accuracy": 1}, "geometry": {"type": "Point", "coordinates": [31.9864375, "46.97160112"]}}, {"type": "Feature", "properties": {"sheet_name": "civil_infrastructure", "description": "Внаслідок масованих обстрілів Миколаєва пошкоджено готель і спортивний комплекс", "date": "2022-7-31", "timestamp": 1659225600000.0, "accuracy": 1}, "geometry": {"type": "Point", "coordinates": [31.95807128, "46.97269941"]}}, {"type": "Feature", "properties": {"sheet_name": "agri", "description": "Окупанти обстріляли городи жителів села Широке", "date": "2022-8-1", "timestamp": 1659312000000.0, "accuracy": 0}, "geometry": {"type": "Point", "coordinates": [32.67406809, "47.0955609"]}}, {"type": "Feature", "properties": {"sheet_name": "houses", "description": "У селі Котляреве через обстріли загорілись житлові приміщення", "date": "2022-8-1", "timestamp": 1659312000000.0, "accuracy": 0}, "geometry": {"type": "Point", "coordinates": [32.23617728, "46.88059416"]}}, {"type": "Feature", "properties": {"sheet_name": "houses", "description": "У селі Котляреве через обстріли загорілись житлові приміщення", "date": "2022-8-1", "timestamp": 1659312000000.0, "accuracy": 0}, "geometry": {"type": "Point", "coordinates": [32.23462696, "46.87974898"]}}, {"type": "Feature", "properties": {"sheet_name": "hospitals", "description": "Внаслідок масованих обстрілів Миколаєва виникла пожежа на території медичного диспансеру. Згорів гуманітраний склад з медичними препаратами та продовольством, розбито травмпункт однієї з лікарень, пошкоджено чотири будівлі", "date": "2022-8-1", "timestamp": 1659312000000.0, "accuracy": 1}, "geometry": {"type": "Point", "coordinates": [31.9862531, "46.9592708"]}}, {"type": "Feature", "properties": {"sheet_name": "injured", "description": "Внаслідок масованих обстрілів Миколаєва поранено три людини", "date": "2022-8-1", "timestamp": 1659312000000.0, "accuracy": 1}, "geometry": {"type": "Point", "coordinates": [31.98206711, "46.95879557"]}}, {"type": "Feature", "properties": {"sheet_name": "houses", "description": "Внаслідок масованих обстрілів Миколаєва уражено приватні будинки", "date": "2022-8-1", "timestamp": 1659312000000.0, "accuracy": 1}, "geometry": {"type": "Point", "coordinates": [31.98169232, "46.95888266"]}}, {"type": "Feature", "properties": {"sheet_name": "civil_infrastructure", "description": "У селі Галицинове пошкоджено об'єкт інфраструктури.", "date": "2022-8-1", "timestamp": 1659312000000.0, "accuracy": 0}, "geometry": {"type": "Point", "coordinates": [31.97727927, "46.80575661"]}}, {"type": "Feature", "properties": {"sheet_name": "critical_infrastracture", "description": "В селі Явкине внаслідок обстрілу було пошкоджено лінію електропередач", "date": "2022-8-2", "timestamp": 1659398400000.0, "accuracy": 0}, "geometry": {"type": "Point", "coordinates": [32.59660822, "47.28787104"]}}, {"type": "Feature", "properties": {"sheet_name": "culture", "description": "В смт Первомайське внаслідок обстрілів виникла пожежа спортивної бази місцевого будинку культури.", "date": "2022-8-2", "timestamp": 1659398400000.0, "accuracy": 1}, "geometry": {"type": "Point", "coordinates": [32.44004821, "47.04333514"]}}, {"type": "Feature", "properties": {"sheet_name": "schools", "description": "В смт Первомайське внаслідок обстрілів горіла шкільна їдальня.", "date": "2022-8-2", "timestamp": 1659398400000.0, "accuracy": 1}, "geometry": {"type": "Point", "coordinates": [32.43952203, "47.04438346"]}}, {"type": "Feature", "properties": {"sheet_name": "houses", "description": "Внаслідок обстрілу Миколаєву були пошкоджені житлові будинки", "date": "2022-8-2", "timestamp": 1659398400000.0, "accuracy": 0}, "geometry": {"type": "Point", "coordinates": [32.01837653, "46.85511208"]}}, {"type": "Feature", "properties": {"sheet_name": "civil_infrastructure", "description": "Внаслідок обстрілу Миколаєва через потрапляння боєприпасів та їх уламків виникла пожежа продовольчого магазину.", "date": "2022-8-2", "timestamp": 1659398400000.0, "accuracy": 0}, "geometry": {"type": "Point", "coordinates": [32.0179929, "46.85532195"]}}, {"type": "Feature", "properties": {"sheet_name": "factories", "description": "Внаслідок обстрілу Миколаєву було пошкоджено промислове підприємство", "date": "2022-8-2", "timestamp": 1659398400000.0, "accuracy": 0}, "geometry": {"type": "Point", "coordinates": [31.98718898, "46.94944436"]}}, {"type": "Feature", "properties": {"sheet_name": "injured", "description": "Внаслідок обстрілу Миколаєва був поранений охоронець одного з гуртожитків", "date": "2022-8-2", "timestamp": 1659398400000.0, "accuracy": 1}, "geometry": {"type": "Point", "coordinates": [31.97761002, "46.97896482"]}}, {"type": "Feature", "properties": {"sheet_name": "schools", "description": "Внаслідок обстрілу Миколаєва пошкоджено гуртожиток одного з університетів", "date": "2022-8-2", "timestamp": 1659398400000.0, "accuracy": 1}, "geometry": {"type": "Point", "coordinates": [31.97761002, "46.97896482"]}}, {"type": "Feature", "properties": {"sheet_name": "houses", "description": "Внаслідок обстрілу Миколаєва пошкоджено житлові будинки", "date": "2022-8-2", "timestamp": 1659398400000.0, "accuracy": 1}, "geometry": {"type": "Point", "coordinates": [31.97707616, "46.97908767"]}}, {"type": "Feature", "properties": {"sheet_name": "civil_infrastructure", "description": "Внаслідок обстрілу Миколаєву було уражено причал", "date": "2022-8-2", "timestamp": 1659398400000.0, "accuracy": 0}, "geometry": {"type": "Point", "coordinates": [31.94910127, "46.96960491"]}}, {"type": "Feature", "properties": {"sheet_name": "injured", "description": "Було обстріляно село Зоря, як наслідок поранено дві людини", "date": "2022-8-3", "timestamp": 1659484800000.0, "accuracy": 0}, "geometry": {"type": "Point", "coordinates": [32.28494466, "46.8947606"]}}, {"type": "Feature", "properties": {"sheet_name": "houses", "description": "У селі Шевченкове через потрапляння боєприпасів виникло загоряння житлового будинку", "date": "2022-8-3", "timestamp": 1659484800000.0, "accuracy": 0}, "geometry": {"type": "Point", "coordinates": [32.20046998974843, "46.85423594958545"]}}, {"type": "Feature", "properties": {"sheet_name": "civil_infrastructure", "description": "У Миколаєві через обстріли зруйнований супермаркет, а також пошкоджено аптеку, магазини. Відомо про влучання на територію кінно-спортивної школи", "date": "2022-8-3", "timestamp": 1659484800000.0, "accuracy": 1}, "geometry": {"type": "Point", "coordinates": [31.99724652, "47.01492336"]}}, {"type": "Feature", "properties": {"sheet_name": "houses", "description": "У Миколаєві через обстріли пошкоджено багатоповерхові будинки", "date": "2022-8-3", "timestamp": 1659484800000.0, "accuracy": 1}, "geometry": {"type": "Point", "coordinates": [31.99695274, "47.01414262"]}}, {"type": "Feature", "properties": {"sheet_name": "houses", "description": "У селі Лупареве пошкоджено житлові та нежитлові будинки", "date": "2022-8-3", "timestamp": 1659484800000.0, "accuracy": 0}, "geometry": {"type": "Point", "coordinates": [31.98562032, "46.69108051"]}}, {"type": "Feature", "properties": {"sheet_name": "factories", "description": "У селі Лупареве обстріляно садівниче підприємство", "date": "2022-8-3", "timestamp": 1659484800000.0, "accuracy": 0}, "geometry": {"type": "Point", "coordinates": [31.97779494, "46.68196317"]}}, {"type": "Feature", "properties": {"sheet_name": "critical_infrastracture", "description": "У селі Лупареве пошкоджено електромережу", "date": "2022-8-3", "timestamp": 1659484800000.0, "accuracy": 0}, "geometry": {"type": "Point", "coordinates": [31.97458035, "46.67961359"]}}, {"type": "Feature", "properties": {"sheet_name": "injured", "description": "Через обстріли с. Галицинове поранено одну людину", "date": "2022-8-3", "timestamp": 1659484800000.0, "accuracy": 0}, "geometry": {"type": "Point", "coordinates": [31.95448981, "46.81060144"]}}, {"type": "Feature", "properties": {"sheet_name": "critical_infrastracture", "description": "В місті Очаків було пошкоджено електропідстанцію", "date": "2022-8-3", "timestamp": 1659484800000.0, "accuracy": 0}, "geometry": {"type": "Point", "coordinates": [31.52142211, "46.63033261"]}}, {"type": "Feature", "properties": {"sheet_name": "agri", "description": "У селі Широке ворог пошкодив сільгоспбудівлі в домогосподарствах", "date": "2022-8-4", "timestamp": 1659571200000.0, "accuracy": 0}, "geometry": {"type": "Point", "coordinates": [32.6813734, "47.09485508"]}}, {"type": "Feature", "properties": {"sheet_name": "houses", "description": "У селі Широке ворог зруйнував лінію електропередач", "date": "2022-8-4", "timestamp": 1659571200000.0, "accuracy": 0}, "geometry": {"type": "Point", "coordinates": [32.67507757, "47.10148675"]}}, {"type": "Feature", "properties": {"sheet_name": "houses", "description": "Через обстріли Миколаєва пошкоджено житлові будинки", "date": "2022-8-4", "timestamp": 1659571200000.0, "accuracy": 0}, "geometry": {"type": "Point", "coordinates": [31.97957623, "46.96759727"]}}, {"type": "Feature", "properties": {"sheet_name": "injured", "description": "В селі Парутине внаслідок обстрілу троє людей зазнали поранень", "date": "2022-8-4", "timestamp": 1659571200000.0, "accuracy": 0}, "geometry": {"type": "Point", "coordinates": [31.90163048, "46.7100695"]}}, {"type": "Feature", "properties": {"sheet_name": "houses", "description": "У селі Червона Долина внаслідок обстрілу було пошкоджено житловий будинок", "date": "2022-8-5", "timestamp": 1659657600000.0, "accuracy": 0}, "geometry": {"type": "Point", "coordinates": [32.66738877, "47.14113865"]}}, {"type": "Feature", "properties": {"sheet_name": "agri", "description": "У селі Червона Долина внаслідок обстрілу було пошкоджено сільсгосп будівлі", "date": "2022-8-5", "timestamp": 1659657600000.0, "accuracy": 0}, "geometry": {"type": "Point", "coordinates": [32.65650197, "447.1375858"]}}, {"type": "Feature", "properties": {"sheet_name": "houses", "description": "У селі Новомиколаївка внаслідок ворожого обстрілу загорівся будинок", "date": "2022-8-5", "timestamp": 1659657600000.0, "accuracy": 0}, "geometry": {"type": "Point", "coordinates": [32.36635160054092, "46.96740976944947"]}}, {"type": "Feature", "properties": {"sheet_name": "houses", "description": "У селі Новомиколаївка внаслідок ворожого обстрілу загорілись дві господарчі споруди", "date": "2022-8-5", "timestamp": 1659657600000.0, "accuracy": 0}, "geometry": {"type": "Point", "coordinates": [32.36495020199256, "46.96841732648013"]}}, {"type": "Feature", "properties": {"sheet_name": "houses", "description": "У селі Шевченкове пошкоджено житлові будинки", "date": "2022-8-5", "timestamp": 1659657600000.0, "accuracy": 0}, "geometry": {"type": "Point", "coordinates": [32.19947768, "46.85465799"]}}, {"type": "Feature", "properties": {"sheet_name": "houses", "description": "Внаслідок обстрілу села Зайчівське відбулось займання житлового будинку", "date": "2022-8-5", "timestamp": 1659657600000.0, "accuracy": 0}, "geometry": {"type": "Point", "coordinates": [32.11528758, "47.03483724"]}}, {"type": "Feature", "properties": {"sheet_name": "agri", "description": "Внаслідок обстрілу села Зайчівське відбулось займання приватного сільськогосподарського підприємства", "date": "2022-8-5", "timestamp": 1659657600000.0, "accuracy": 0}, "geometry": {"type": "Point", "coordinates": [32.10759503, "47.03602159"]}}, {"type": "Feature", "properties": {"sheet_name": "factories", "description": "У Миколаєві внаслідок обстрілу пошкоджено два приватні підприємства", "date": "2022-8-5", "timestamp": 1659657600000.0, "accuracy": 0}, "geometry": {"type": "Point", "coordinates": [32.02870458, "46.85167184"]}}, {"type": "Feature", "properties": {"sheet_name": "houses", "description": "У Миколаєві пошкоджено 21 житловий будинок внаслідок масованого обстрілу. У 5 багатоповерхівка вибиті вікна", "date": "2022-8-5", "timestamp": 1659657600000.0, "accuracy": 0}, "geometry": {"type": "Point", "coordinates": [32.02486365, "46.85434256"]}}, {"type": "Feature", "properties": {"sheet_name": "injured", "description": "Внаслідок масованого обстрілу Миколаєва поранено двадцять одну людину, серед яких 13-річний підліток", "date": "2022-8-5", "timestamp": 1659657600000.0, "accuracy": 0}, "geometry": {"type": "Point", "coordinates": [32.02200978, "46.84772421"]}}, {"type": "Feature", "properties": {"sheet_name": "houses", "description": "Ворог влучив у приватний будинок та пошкодив будинки навколо у Миколаєві", "date": "2022-8-5", "timestamp": 1659657600000.0, "accuracy": 0}, "geometry": {"type": "Point", "coordinates": [32.01934903, "46.84518891"]}}, {"type": "Feature", "properties": {"sheet_name": "killed", "description": "Внаслідок масованого обстрілу Миколаєва одна людина загинула", "date": "2022-8-5", "timestamp": 1659657600000.0, "accuracy": 0}, "geometry": {"type": "Point", "coordinates": [32.01512187, "46.84561086"]}}, {"type": "Feature", "properties": {"sheet_name": "agri", "description": "Внаслідок обстрілу Галицинівського лісового урочища загорілась лісова підстилка", "date": "2022-8-5", "timestamp": 1659657600000.0, "accuracy": 0}, "geometry": {"type": "Point", "coordinates": [31.95732363, "46.7991084"]}}, {"type": "Feature", "properties": {"sheet_name": "injured", "description": "Через обстріл Березнегуватого поранено 5 людей", "date": "2022-8-6", "timestamp": 1659744000000.0, "accuracy": 0}, "geometry": {"type": "Point", "coordinates": [32.86157699, "47.30020169"]}}, {"type": "Feature", "properties": {"sheet_name": "houses", "description": "Через обстріл Березнегуватого пошкоджено житлові будинки", "date": "2022-8-6", "timestamp": 1659744000000.0, "accuracy": 0}, "geometry": {"type": "Point", "coordinates": [32.84217389, "47.31248006"]}}, {"type": "Feature", "properties": {"sheet_name": "killed", "description": "Через обстріл Березнегуватого загинула одна людина", "date": "2022-8-6", "timestamp": 1659744000000.0, "accuracy": 0}, "geometry": {"type": "Point", "coordinates": [32.83542274, "47.30365315"]}}, {"type": "Feature", "properties": {"sheet_name": "civil_infrastructure", "description": "У селищі Широке внаслідок обстрілу було влучання у стадіон", "date": "2022-8-6", "timestamp": 1659744000000.0, "accuracy": 1}, "geometry": {"type": "Point", "coordinates": [32.67502802, "47.10084444"]}}, {"type": "Feature", "properties": {"sheet_name": "houses", "description": "Внаслідок обстрілу повністю знищений житловий будинок у селі Котляреве", "date": "2022-8-6", "timestamp": 1659744000000.0, "accuracy": 0}, "geometry": {"type": "Point", "coordinates": [32.23465541, "46.87960571"]}}, {"type": "Feature", "properties": {"sheet_name": "agri", "description": "Внаслідок обстрілу повністю знищена господарська споруда у селі Котляреве", "date": "2022-8-6", "timestamp": 1659744000000.0, "accuracy": 0}, "geometry": {"type": "Point", "coordinates": [32.22242582, "46.88880671"]}}, {"type": "Feature", "properties": {"sheet_name": "injured", "description": "Через ракетний обстріл Миколаєва важко поранені дві людини", "date": "2022-8-6", "timestamp": 1659744000000.0, "accuracy": 0}, "geometry": {"type": "Point", "coordinates": [32.07016071, "46.96441949"]}}, {"type": "Feature", "properties": {"sheet_name": "houses", "description": "Ворог обстріляв Широке, як наслідок влучив в сільгоспбудівлі домогосподарств", "date": "2022-8-7", "timestamp": 1659830400000.0, "accuracy": 0}, "geometry": {"type": "Point", "coordinates": [32.68024545, "47.09324255"]}}, {"type": "Feature", "properties": {"sheet_name": "houses", "description": "Внаслідок обстрілу смт. Первомайське сталась пожежа житлового будинку", "date": "2022-8-7", "timestamp": 1659830400000.0, "accuracy": 0}, "geometry": {"type": "Point", "coordinates": [32.44260553, "47.04126398"]}}, {"type": "Feature", "properties": {"sheet_name": "houses", "description": "Внаслідок обстрілу смт. Первомайське сталась пожежа господарчої споруди", "date": "2022-8-7", "timestamp": 1659830400000.0, "accuracy": 0}, "geometry": {"type": "Point", "coordinates": [32.43790405, "47.05663633"]}}, {"type": "Feature", "properties": {"sheet_name": "houses", "description": "Внаслідок обстрілів села Новомиколаєвка пошкоджено житловий будинок", "date": "2022-8-7", "timestamp": 1659830400000.0, "accuracy": 0}, "geometry": {"type": "Point", "coordinates": [32.35887997, "46.9671323"]}}, {"type": "Feature", "properties": {"sheet_name": "injured", "description": "Внаслідок обстрілів села Новомиколаєвка поранено одну людину", "date": "2022-8-7", "timestamp": 1659830400000.0, "accuracy": 0}, "geometry": {"type": "Point", "coordinates": [32.35571497, "46.96387411"]}}, {"type": "Feature", "properties": {"sheet_name": "agri", "description": "Внаслідок обстрілу села Галицинове загорілась хвойна підстилка та лісових насаджень в лісовому урочищі", "date": "2022-8-7", "timestamp": 1659830400000.0, "accuracy": 0}, "geometry": {"type": "Point", "coordinates": [31.96332642, "46.77080254"]}}, {"type": "Feature", "properties": {"sheet_name": "killed", "description": "Внаслідок обстрілу села Галицинове було вбито одну людину", "date": "2022-8-7", "timestamp": 1659830400000.0, "accuracy": 0}, "geometry": {"type": "Point", "coordinates": [31.95392796, "46.79693805"]}}, {"type": "Feature", "properties": {"sheet_name": "factories", "description": "У селі Баловне ворог обстріляв садівниче товариство, в якому зруйнували вісім будинків", "date": "2022-8-7", "timestamp": 1659830400000.0, "accuracy": 0}, "geometry": {"type": "Point", "coordinates": [31.87595111, "47.02547709"]}}, {"type": "Feature", "properties": {"sheet_name": "houses", "description": "У селі Таборівка окупанти внаслідок обстрілів зруйнували три житлових будинку", "date": "2022-8-7", "timestamp": 1659830400000.0, "accuracy": 0}, "geometry": {"type": "Point", "coordinates": [31.36048425, "47.59782741"]}}, {"type": "Feature", "properties": {"sheet_name": "civil_infrastructure", "description": "Ворог обстрілом пошкодив об'єкт цивільної інфраструктури в селищі Березнегувате", "date": "2022-8-8", "timestamp": 1659916800000.0, "accuracy": 0}, "geometry": {"type": "Point", "coordinates": [32.85555811, "47.30765162"]}}, {"type": "Feature", "properties": {"sheet_name": "schools", "description": "Обстрілів зазнало с. Широке. Влучання були у вже зруйнований школу", "date": "2022-8-8", "timestamp": 1659916800000.0, "accuracy": 1}, "geometry": {"type": "Point", "coordinates": [32.67564254, "47.09963179"]}}, {"type": "Feature", "properties": {"sheet_name": "agri", "description": "У результаті влучань відбулися займання полів у селі Поляна", "date": "2022-8-8", "timestamp": 1659916800000.0, "accuracy": 0}, "geometry": {"type": "Point", "coordinates": [32.67150352, "47.16694779"]}}, {"type": "Feature", "properties": {"sheet_name": "agri", "description": "Внаслідок потрапляння боєприпасів та їх уламків у Галицинівському лісовому урочищі сталася пожежа хвойної підстилки та лісових насаджень", "date": "2022-8-8", "timestamp": 1659916800000.0, "accuracy": 0}, "geometry": {"type": "Point", "coordinates": [31.96010776, "46.79534053"]}}, {"type": "Feature", "properties": {"sheet_name": "houses", "description": "Ворог пошкодив житлові будинки, обстрілявши смт. Березнегувате", "date": "2022-8-9", "timestamp": 1660003200000.0, "accuracy": 0}, "geometry": {"type": "Point", "coordinates": [32.84247045, "47.31334446"]}}, {"type": "Feature", "properties": {"sheet_name": "agri", "description": "Внаслідок обстрілу загорілись поля у селі Поляна", "date": "2022-8-9", "timestamp": 1660003200000.0, "accuracy": 0}, "geometry": {"type": "Point", "coordinates": [32.68638509, "47.17476348"]}}, {"type": "Feature", "properties": {"sheet_name": "agri", "description": "Внаслідок обстрілу загорілись поля у селі Широке", "date": "2022-8-9", "timestamp": 1660003200000.0, "accuracy": 0}, "geometry": {"type": "Point", "coordinates": [32.66296271, "47.0957206"]}}, {"type": "Feature", "properties": {"sheet_name": "agri", "description": "У селищі Луч пошкоджено господарські споруди", "date": "2022-8-9", "timestamp": 1660003200000.0, "accuracy": 0}, "geometry": {"type": "Point", "coordinates": [32.23043237, "46.82938465"]}}, {"type": "Feature", "properties": {"sheet_name": "houses", "description": "У селищі Луч пошкоджено житлові будинки", "date": "2022-8-9", "timestamp": 1660003200000.0, "accuracy": 0}, "geometry": {"type": "Point", "coordinates": [32.21540127, "46.8293406"]}}, {"type": "Feature", "properties": {"sheet_name": "houses", "description": "У селі Шевченкове пошкоджено житлові будинки", "date": "2022-8-9", "timestamp": 1660003200000.0, "accuracy": 0}, "geometry": {"type": "Point", "coordinates": [32.19201618, "46.8635875"]}}, {"type": "Feature", "properties": {"sheet_name": "agri", "description": "У селі Шевченкове пошкоджено господарські споруди", "date": "2022-8-9", "timestamp": 1660003200000.0, "accuracy": 0}, "geometry": {"type": "Point", "coordinates": [32.17044459, "46.87313692"]}}, {"type": "Feature", "properties": {"sheet_name": "agri", "description": "У Галицинівській громаді внаслідок обстрілів відбулось займання хвойної підстилки й лісових насаджень Галицинівського лісового урочища", "date": "2022-8-9", "timestamp": 1660003200000.0, "accuracy": 0}, "geometry": {"type": "Point", "coordinates": [31.95961424, "46.79525974"]}}, {"type": "Feature", "properties": {"sheet_name": "houses", "description": "У Галицинівській громаді внаслідок обстрілів пошкоджено житлові будинки", "date": "2022-8-9", "timestamp": 1660003200000.0, "accuracy": 0}, "geometry": {"type": "Point", "coordinates": [31.943058, "46.79442707"]}}, {"type": "Feature", "properties": {"sheet_name": "houses", "description": "У селищі Широке внаслідок обстрілу зруйновані два житлові будинки", "date": "2022-8-10", "timestamp": 1660089600000.0, "accuracy": 0}, "geometry": {"type": "Point", "coordinates": [32.67822015, "47.0980661"]}}, {"type": "Feature", "properties": {"sheet_name": "schools", "description": "У селищі Широке внаслідок обстрілу було влучання у зруйновану школу", "date": "2022-8-10", "timestamp": 1660089600000.0, "accuracy": 1}, "geometry": {"type": "Point", "coordinates": [32.67564254, "47.09963179"]}}, {"type": "Feature", "properties": {"sheet_name": "schools", "description": "У Широківській громаді влучання по будівлі школи.", "date": "2022-8-10", "timestamp": 1660089600000.0, "accuracy": 0}, "geometry": {"type": "Point", "coordinates": [32.67069418, "47.05909257"]}}, {"type": "Feature", "properties": {"sheet_name": "houses", "description": "У селі Зоря зруйновано житлові будинки внаслідок обстрілу", "date": "2022-8-10", "timestamp": 1660089600000.0, "accuracy": 0}, "geometry": {"type": "Point", "coordinates": [32.28555363, "46.89516182"]}}, {"type": "Feature", "properties": {"sheet_name": "factories", "description": "В Миколаєві було влучання по території підприємства, складських приміщень та автобазі внаслідок обстрілу", "date": "2022-8-10", "timestamp": 1660089600000.0, "accuracy": 0}, "geometry": {"type": "Point", "coordinates": [32.07629684, "46.97104831"]}}, {"type": "Feature", "properties": {"sheet_name": "injured", "description": "В Миколаєві поранено 3 людей через ворожі обстріли, серед них дівчинка 13 років", "date": "2022-8-10", "timestamp": 1660089600000.0, "accuracy": 1}, "geometry": {"type": "Point", "coordinates": [32.06968899, "46.96857984"]}}, {"type": "Feature", "properties": {"sheet_name": "houses", "description": "В Миколаєві пошкоджено житлові будинки внаслідок обстрілу", "date": "2022-8-10", "timestamp": 1660089600000.0, "accuracy": 1}, "geometry": {"type": "Point", "coordinates": [32.06934755, "46.96894362"]}}, {"type": "Feature", "properties": {"sheet_name": "agri", "description": "У Миколаєві внаслідок потрапляння боєприпасів та їх уламків виникла пожежа хвойної підстилки та лісових насаджень у Балабанівському лісовому урочищі", "date": "2022-8-10", "timestamp": 1660089600000.0, "accuracy": 0}, "geometry": {"type": "Point", "coordinates": [31.99034332, "46.83155641"]}}, {"type": "Feature", "properties": {"sheet_name": "agri", "description": "У Галицинівській громаді внаслідок обстрілів відбулось займання хвойної підстилки й лісових насаджень Галицинівського лісового урочища", "date": "2022-8-10", "timestamp": 1660089600000.0, "accuracy": 0}, "geometry": {"type": "Point", "coordinates": [31.95989537, "46.79210589"]}}, {"type": "Feature", "properties": {"sheet_name": "houses", "description": "У Галицинівській громаді внаслідок обстрілів пошкоджено житлові будинки", "date": "2022-8-10", "timestamp": 1660089600000.0, "accuracy": 0}, "geometry": {"type": "Point", "coordinates": [31.94931674, "46.79275413"]}}, {"type": "Feature", "properties": {"sheet_name": "killed", "description": "Ввечері внаслідок обстрілів смт Березнегувате загинула жінка", "date": "2022-8-11", "timestamp": 1660176000000.0, "accuracy": 0}, "geometry": {"type": "Point", "coordinates": [32.84914465, "47.29876122"]}}, {"type": "Feature", "properties": {"sheet_name": "houses", "description": "У селищі Березнегувате внаслідок пошкоджено житлові будинки", "date": "2022-8-11", "timestamp": 1660176000000.0, "accuracy": 0}, "geometry": {"type": "Point", "coordinates": [32.84914465, "47.29876122"]}}, {"type": "Feature", "properties": {"sheet_name": "houses", "description": "Внаслідок обстрілі пошкоджено житлові будинки у селі Поляна", "date": "2022-8-11", "timestamp": 1660176000000.0, "accuracy": 0}, "geometry": {"type": "Point", "coordinates": [32.68431216, "47.17189944"]}}, {"type": "Feature", "properties": {"sheet_name": "houses", "description": "Внаслідок обстрілів с. Зоря зруйновано два житлових будинки", "date": "2022-8-11", "timestamp": 1660176000000.0, "accuracy": 0}, "geometry": {"type": "Point", "coordinates": [32.28537404, "46.89608757"]}}, {"type": "Feature", "properties": {"sheet_name": "houses", "description": "У місті Миколаїв через ворожі обстріли виникла пожежа житлового будинку у Корабельному районі міста", "date": "2022-8-11", "timestamp": 1660176000000.0, "accuracy": 0}, "geometry": {"type": "Point", "coordinates": [32.01690056, "46.84995088"]}}, {"type": "Feature", "properties": {"sheet_name": "agri", "description": "Внаслідок потрапляння боєприпасів та їх уламків відбулося загоряння хвойної підстілки та сухої трави в Балабанівському лісовому урочищі", "date": "2022-8-11", "timestamp": 1660176000000.0, "accuracy": 0}, "geometry": {"type": "Point", "coordinates": [31.97789617, "46.83386977"]}}, {"type": "Feature", "properties": {"sheet_name": "agri", "description": "Після ворожих обстрілів виникло загоряння хвойної підстилки у Галицинівському лісовому урочищі", "date": "2022-8-11", "timestamp": 1660176000000.0, "accuracy": 0}, "geometry": {"type": "Point", "coordinates": [31.96297236, "46.78497202"]}}, {"type": "Feature", "properties": {"sheet_name": "killed", "description": "Внаслідок обстрілів села Веселий Кут загинула жінка", "date": "2022-8-12", "timestamp": 1660262400000.0, "accuracy": 0}, "geometry": {"type": "Point", "coordinates": [32.91837339, "47.15354137"]}}, {"type": "Feature", "properties": {"sheet_name": "houses", "description": "Внаслідок обстрілів села Веселий Кут пошкоджено житлові будинки.", "date": "2022-8-12", "timestamp": 1660262400000.0, "accuracy": 0}, "geometry": {"type": "Point", "coordinates": [32.91737025, "47.15386604"]}}, {"type": "Feature", "properties": {"sheet_name": "schools", "description": "Через обстріли смт Березнегувате пошкоджено склад професійного ліцея.", "date": "2022-8-12", "timestamp": 1660262400000.0, "accuracy": 1}, "geometry": {"type": "Point", "coordinates": [32.86076428, "47.31796175"]}}, {"type": "Feature", "properties": {"sheet_name": "houses", "description": "У селі Широке влучання були переважно по сільспбудівлям домогосподарств.", "date": "2022-8-12", "timestamp": 1660262400000.0, "accuracy": 0}, "geometry": {"type": "Point", "coordinates": [32.66994821, "47.09802228"]}}, {"type": "Feature", "properties": {"sheet_name": "houses", "description": "Влучання були по сільгоспбудівлям у селі Червона Долина", "date": "2022-8-12", "timestamp": 1660262400000.0, "accuracy": 0}, "geometry": {"type": "Point", "coordinates": [32.66269473, "47.1600587"]}}, {"type": "Feature", "properties": {"sheet_name": "civil_infrastructure", "description": "Пошкоджено стадіон внаслідок обстрілу села Широке", "date": "2022-8-13", "timestamp": 1660348800000.0, "accuracy": 1}, "geometry": {"type": "Point", "coordinates": [32.67448651, "47.10090713"]}}, {"type": "Feature", "properties": {"sheet_name": "houses", "description": "Пошкоджено три житлових будинки у селі Широке", "date": "2022-8-13", "timestamp": 1660348800000.0, "accuracy": 0}, "geometry": {"type": "Point", "coordinates": [32.6736379, "47.09500116"]}}, {"type": "Feature", "properties": {"sheet_name": "civil_infrastructure", "description": "Внаслідок обстрілу села Первомайське пошкоджено магазин", "date": "2022-8-13", "timestamp": 1660348800000.0, "accuracy": 0}, "geometry": {"type": "Point", "coordinates": [32.43957894, "47.04038988"]}}, {"type": "Feature", "properties": {"sheet_name": "houses", "description": "Внаслідок російського обстрілу пошкоджено житловий будинок у селі Первомайське", "date": "2022-8-13", "timestamp": 1660348800000.0, "accuracy": 0}, "geometry": {"type": "Point", "coordinates": [32.43744122, "47.04526735"]}}, {"type": "Feature", "properties": {"sheet_name": "houses", "description": "Нанесено удар по житловим кварталам Миколаєва. Пошкоджень зазнали кілька будівельМиколаїв", "date": "2022-8-13", "timestamp": 1660348800000.0, "accuracy": 1}, "geometry": {"type": "Point", "coordinates": [32.06251123, "46.94982606"]}}, {"type": "Feature", "properties": {"sheet_name": "injured", "description": "У Миколаєві поранення отримала одна цивільна особа внаслідок ворожого обстрілу", "date": "2022-8-13", "timestamp": 1660348800000.0, "accuracy": 0}, "geometry": {"type": "Point", "coordinates": [32.06166366, "46.94729559"]}}, {"type": "Feature", "properties": {"sheet_name": "factories", "description": "Атаковано портову інфраструктуру Миколаєва", "date": "2022-8-13", "timestamp": 1660348800000.0, "accuracy": 0}, "geometry": {"type": "Point", "coordinates": [32.01580686, "46.94555063"]}}, {"type": "Feature", "properties": {"sheet_name": "culture", "description": "Під час обстрілу Широківської громади було влучання по будинку культури.", "date": "2022-8-14", "timestamp": 1660435200000.0, "accuracy": 0}, "geometry": {"type": "Point", "coordinates": [32.66373203, "47.14585191"]}}, {"type": "Feature", "properties": {"sheet_name": "agri", "description": "Були обстріли по сільськогосподарським спорудам с. Широке", "date": "2022-8-14", "timestamp": 1660435200000.0, "accuracy": 0}, "geometry": {"type": "Point", "coordinates": [32.65955157, "47.10156714"]}}, {"type": "Feature", "properties": {"sheet_name": "schools", "description": "Ракета С-300 пошкодила у Миколаєві навчальний заклад.", "date": "2022-8-14", "timestamp": 1660435200000.0, "accuracy": 0}, "geometry": {"type": "Point", "coordinates": [32.07904762, "46.97284415"]}}, {"type": "Feature", "properties": {"sheet_name": "schools", "description": "По Миколаєву випущено 9 ракет типу С-300: постраждали два навчальні заклади.", "date": "2022-8-14", "timestamp": 1660435200000.0, "accuracy": 0}, "geometry": {"type": "Point", "coordinates": [32.05861568, "46.98805554"]}}, {"type": "Feature", "properties": {"sheet_name": "agri", "description": "У селі Галицинове через ворожі обстріли пошкоджено господарські споруди", "date": "2022-8-14", "timestamp": 1660435200000.0, "accuracy": 0}, "geometry": {"type": "Point", "coordinates": [31.98706397, "46.8103067"]}}, {"type": "Feature", "properties": {"sheet_name": "houses", "description": "Обстрілів зазнало с. Поляна, внаслідок чого пошкоджені житлові будинки", "date": "2022-8-15", "timestamp": 1660521600000.0, "accuracy": 0}, "geometry": {"type": "Point", "coordinates": [32.68004353, "47.17163371"]}}, {"type": "Feature", "properties": {"sheet_name": "houses", "description": "Були обстріли с. Широке. Зруйновано один житловий будинок", "date": "2022-8-15", "timestamp": 1660521600000.0, "accuracy": 0}, "geometry": {"type": "Point", "coordinates": [32.68000113, "47.09649763"]}}, {"type": "Feature", "properties": {"sheet_name": "schools", "description": "Обстріли с. Широке. Були лучанння у вже зруйновану школу", "date": "2022-8-15", "timestamp": 1660521600000.0, "accuracy": 1}, "geometry": {"type": "Point", "coordinates": [32.67551009, "47.09962167"]}}, {"type": "Feature", "properties": {"sheet_name": "houses", "description": "С. Широке було обстріляно, в результаті чого пошкоджені сільгоспбудівлі в домогосподарст", "date": "2022-8-15", "timestamp": 1660521600000.0, "accuracy": 0}, "geometry": {"type": "Point", "coordinates": [32.67235849, "47.09978691"]}}, {"type": "Feature", "properties": {"sheet_name": "houses", "description": "Зафіксовано ворожі обстріли смт Первомайське. Внаслідок яких частково зруйновано заклад освіти, приватні будинки ", "date": "2022-8-15", "timestamp": 1660521600000.0, "accuracy": 0}, "geometry": {"type": "Point", "coordinates": [32.44216294, "47.04355547"]}}, {"type": "Feature", "properties": {"sheet_name": "agri", "description": "Ворожі обстріли смт Первомайське. Внаслідок яких пошкоджено присадібні ділянки", "date": "2022-8-15", "timestamp": 1660521600000.0, "accuracy": 0}, "geometry": {"type": "Point", "coordinates": [32.44183686, "47.03856506"]}}, {"type": "Feature", "properties": {"sheet_name": "schools", "description": "Зафіксовано ворожі обстріли смт Первомайське. Внаслідок яких частково зруйновано заклад освіти", "date": "2022-8-15", "timestamp": 1660521600000.0, "accuracy": 0}, "geometry": {"type": "Point", "coordinates": [32.44020694, "47.04400018"]}}, {"type": "Feature", "properties": {"sheet_name": "civil_infrastructure", "description": "Миколаїв зазнав ворожих обстрілів. Внаслідок чого пошкоджено готель", "date": "2022-8-15", "timestamp": 1660521600000.0, "accuracy": 0}, "geometry": {"type": "Point", "coordinates": [32.05803326, "46.93769065"]}}, {"type": "Feature", "properties": {"sheet_name": "schools", "description": "Миколаїв зазнав ворожих обстрілів. Внаслідок чого пошкоджено навчальний заклад", "date": "2022-8-15", "timestamp": 1660521600000.0, "accuracy": 0}, "geometry": {"type": "Point", "coordinates": [32.05770421, "46.93710676"]}}, {"type": "Feature", "properties": {"sheet_name": "critical_infrastracture", "description": "Ворог наносив удари по с. Лимани. Пошкоджено електромережу", "date": "2022-8-15", "timestamp": 1660521600000.0, "accuracy": 0}, "geometry": {"type": "Point", "coordinates": [31.96510816, "46.74774577"]}}, {"type": "Feature", "properties": {"sheet_name": "houses", "description": "Під обстріл потрапило смт Березнегувате. Є зруйновані житлові будинки.", "date": "2022-8-16", "timestamp": 1660608000000.0, "accuracy": 0}, "geometry": {"type": "Point", "coordinates": [32.86535395, "47.29154649"]}}, {"type": "Feature", "properties": {"sheet_name": "injured", "description": "Під обстріл потрапило смт Березнегувате. Внаслідок чого одну людину поранено.", "date": "2022-8-16", "timestamp": 1660608000000.0, "accuracy": 0}, "geometry": {"type": "Point", "coordinates": [32.86477995, "47.29183393"]}}, {"type": "Feature", "properties": {"sheet_name": "killed", "description": "Під обстріл потрапило смт Березнегувате. Внаслідок чого одна людина загинула", "date": "2022-8-16", "timestamp": 1660608000000.0, "accuracy": 0}, "geometry": {"type": "Point", "coordinates": [32.86429716, "47.29184849"]}}, {"type": "Feature", "properties": {"sheet_name": "civil_infrastructure", "description": "Внаслідок ворожих обстрілів смт Первомайське зруйновано заклад громадського харчування.", "date": "2022-8-16", "timestamp": 1660608000000.0, "accuracy": 0}, "geometry": {"type": "Point", "coordinates": [32.43946779, "47.0401349"]}}, {"type": "Feature", "properties": {"sheet_name": "houses", "description": "Окупанти обстріляли Миколаїв ракетами типу С-300. Пошкодили приватні будинки", "date": "2022-8-16", "timestamp": 1660608000000.0, "accuracy": 1}, "geometry": {"type": "Point", "coordinates": [32.01520621, "46.97133791"]}}, {"type": "Feature", "properties": {"sheet_name": "schools", "description": "Ворог обстріляв Миколаїв ракетами типу С-300. Влучив в ЧНУ імені П.Могили.", "date": "2022-8-16", "timestamp": 1660608000000.0, "accuracy": 1}, "geometry": {"type": "Point", "coordinates": [32.01512038, "46.97166552"]}}, {"type": "Feature", "properties": {"sheet_name": "factories", "description": "Ворог вдарив по портовій інфраструктурі Миколаєва", "date": "2022-8-16", "timestamp": 1660608000000.0, "accuracy": 0}, "geometry": {"type": "Point", "coordinates": [32.00401527, "46.94869246"]}}, {"type": "Feature", "properties": {"sheet_name": "factories", "description": "Ворог обстріляв Миколаїв ракетами типу С-300. Влучив по одному з підприємств міста.", "date": "2022-8-16", "timestamp": 1660608000000.0, "accuracy": 0}, "geometry": {"type": "Point", "coordinates": [32.00038067, "46.85556103"]}}, {"type": "Feature", "properties": {"sheet_name": "houses", "description": "Обстрілів зазнало с. Широке. Влучання були по сільгоспбудівлях.", "date": "2022-8-17", "timestamp": 1660694400000.0, "accuracy": 0}, "geometry": {"type": "Point", "coordinates": [32.68139537, "47.09330623"]}}, {"type": "Feature", "properties": {"sheet_name": "injured", "description": "Внаслідок ворожих обстрілів в с. Червоне Воскресенської громади зазнала поранень одна людина", "date": "2022-8-17", "timestamp": 1660694400000.0, "accuracy": 0}, "geometry": {"type": "Point", "coordinates": [32.37457522, "47.05681478"]}}, {"type": "Feature", "properties": {"sheet_name": "houses", "description": "Внаслідок ворожих обстрілів в с. Червоне пошкоджено житловий будинок.", "date": "2022-8-17", "timestamp": 1660694400000.0, "accuracy": 0}, "geometry": {"type": "Point", "coordinates": [32.37457522, "47.05681478"]}}, {"type": "Feature", "properties": {"sheet_name": "houses", "description": "Зафіксовано обстріл с. Шевченкове. Є пошкодження житлових будинків.", "date": "2022-8-17", "timestamp": 1660694400000.0, "accuracy": 0}, "geometry": {"type": "Point", "coordinates": [32.21679046, "46.86196622"]}}, {"type": "Feature", "properties": {"sheet_name": "houses", "description": "Зафіксовано обстріл с. Шевченкове. Є пошкодження господарських споруд.", "date": "2022-8-17", "timestamp": 1660694400000.0, "accuracy": 0}, "geometry": {"type": "Point", "coordinates": [32.21571758, "46.8618195"]}}, {"type": "Feature", "properties": {"sheet_name": "houses", "description": "Приліт \"Смерчу\" пошкодив фасади та квартири багатоповерхових будинків.", "date": "2022-8-17", "timestamp": 1660694400000.0, "accuracy": 1}, "geometry": {"type": "Point", "coordinates": [31.9811, "46.963962"]}}, {"type": "Feature", "properties": {"sheet_name": "houses", "description": "Були обстріли за межами с. Широке. Влучання були в сільськогосподарські будівлі.", "date": "2022-8-18", "timestamp": 1660780800000.0, "accuracy": 0}, "geometry": {"type": "Point", "coordinates": [32.66071814, "47.10211489"]}}, {"type": "Feature", "properties": {"sheet_name": "factories", "description": "У Миколаєві було вкотре атаковано об’єкти портової інфраструктури", "date": "2022-8-18", "timestamp": 1660780800000.0, "accuracy": 0}, "geometry": {"type": "Point", "coordinates": [32.01419346, "46.94491264"]}}, {"type": "Feature", "properties": {"sheet_name": "injured", "description": "В результаті влучання касетних боєприпасів РСЗВ «Смерч» по селу Галицинове три людини отримали поранення.", "date": "2022-8-18", "timestamp": 1660780800000.0, "accuracy": 0}, "geometry": {"type": "Point", "coordinates": [31.97936044, "46.80156391"]}}, {"type": "Feature", "properties": {"sheet_name": "houses", "description": "В результаті влучання касетних боєприпасів РСЗВ «Смерч» по селу Галицинове пошкоджено кілька житлових будинків", "date": "2022-8-18", "timestamp": 1660780800000.0, "accuracy": 0}, "geometry": {"type": "Point", "coordinates": [31.97907073, "46.80303479"]}}, {"type": "Feature", "properties": {"sheet_name": "civil_infrastructure", "description": "В результаті влучання касетних боєприпасів РСЗВ «Смерч» по селу Галицинове зруйновано будівлю пожежної частини", "date": "2022-8-18", "timestamp": 1660780800000.0, "accuracy": 1}, "geometry": {"type": "Point", "coordinates": [31.97906004, "46.80223957"]}}, {"type": "Feature", "properties": {"sheet_name": "houses", "description": "Були обстріли с. Червона Долина. Внаслідок чого пошкоджено житловий будинок.", "date": "2022-8-19", "timestamp": 1660867200000.0, "accuracy": 0}, "geometry": {"type": "Point", "coordinates": [32.66243683, "47.14559386"]}}, {"type": "Feature", "properties": {"sheet_name": "injured", "description": "Касетними снарядами обстріляно смт Первомайське. Дві людини зазнали поранень", "date": "2022-8-19", "timestamp": 1660867200000.0, "accuracy": 0}, "geometry": {"type": "Point", "coordinates": [32.43904336, "47.03570829"]}}, {"type": "Feature", "properties": {"sheet_name": "factories", "description": "Миколаїв зазнав обстрілів ракетами типу С-300. Пошкоджено підприємство", "date": "2022-8-19", "timestamp": 1660867200000.0, "accuracy": 0}, "geometry": {"type": "Point", "coordinates": [32.01639851, "46.86572615"]}}, {"type": "Feature", "properties": {"sheet_name": "injured", "description": "Місто зазнало обстрілів ракетами типу С-300. Одна людина отримали поранення", "date": "2022-8-19", "timestamp": 1660867200000.0, "accuracy": 1}, "geometry": {"type": "Point", "coordinates": [32.01612761, "46.97157161"]}}, {"type": "Feature", "properties": {"sheet_name": "schools", "description": "Миколаїв зазнав обстрілів ракетами типу С-300. Три ворожі ракети знову влучили в ЧНУ імені П.Могили.", "date": "2022-8-19", "timestamp": 1660867200000.0, "accuracy": 1}, "geometry": {"type": "Point", "coordinates": [32.01544365, "46.97174732"]}}, {"type": "Feature", "properties": {"sheet_name": "houses", "description": "Миколаїв зазнав обстрілів ракетами типу С-300. Пошкоджено будинки", "date": "2022-8-19", "timestamp": 1660867200000.0, "accuracy": 1}, "geometry": {"type": "Point", "coordinates": [32.01536583, "46.97142521"]}}, {"type": "Feature", "properties": {"sheet_name": "houses", "description": "Були обстріли с. Широке. Пошкоджено три житлових будинки", "date": "2022-8-20", "timestamp": 1660953600000.0, "accuracy": 0}, "geometry": {"type": "Point", "coordinates": [32.68129396, "47.09339798"]}}, {"type": "Feature", "properties": {"sheet_name": "houses", "description": "Були обстріли с. Червона Долина. Пошкоджено житловий будинок", "date": "2022-8-20", "timestamp": 1660953600000.0, "accuracy": 0}, "geometry": {"type": "Point", "coordinates": [32.66671638, "47.13808584"]}}, {"type": "Feature", "properties": {"sheet_name": "schools", "description": "Внаслідок обстрілу смт Березнегувате пошкоджено навчальний заклад – у будівлі вилетіли вікна.", "date": "2022-8-20", "timestamp": 1660953600000.0, "accuracy": 0}, "geometry": {"type": "Point", "coordinates": [32.44010356, "47.04471121"]}}, {"type": "Feature", "properties": {"sheet_name": "injured", "description": "Було обстріляно с. Любомирівка, одна людина зазнала поранень", "date": "2022-8-20", "timestamp": 1660953600000.0, "accuracy": 0}, "geometry": {"type": "Point", "coordinates": [32.36977053, "46.88275656"]}}, {"type": "Feature", "properties": {"sheet_name": "injured", "description": "Був нанесений ракетою типу «Калібр» по місту Вознесенськ. Відомо, що поранення отримали 14 людей, серед яких троє дітей", "date": "2022-8-20", "timestamp": 1660953600000.0, "accuracy": 1}, "geometry": {"type": "Point", "coordinates": [31.32942617, "47.57700492"]}}, {"type": "Feature", "properties": {"sheet_name": "houses", "description": "Удар був нанесений ракетою типу «Калібр» по місту Вознесенськ. В результаті потрапляння у п'ятиповерхівці пошкоджено конструктивні елементи з першого по п'ятий поверх, обрушені балкони, вибиті шибки та вікна. Також пошкоджено близько п'яти одноповерхових будинків", "date": "2022-8-20", "timestamp": 1660953600000.0, "accuracy": 1}, "geometry": {"type": "Point", "coordinates": [31.32942617, "47.57700492"]}}, {"type": "Feature", "properties": {"sheet_name": "houses", "description": "Зазнало обстрілів с. Широке. В наслідок чого пошкоджені житлові будинки", "date": "2022-8-21", "timestamp": 1661040000000.0, "accuracy": 0}, "geometry": {"type": "Point", "coordinates": [32.67669258, "47.0981071"]}}, {"type": "Feature", "properties": {"sheet_name": "admin_buildings", "description": "Зазнало обстрілів с. Широке. В наслідок чого пошкоджена адмінбудівля сільської ради", "date": "2022-8-21", "timestamp": 1661040000000.0, "accuracy": 1}, "geometry": {"type": "Point", "coordinates": [32.67630468, "47.09519775"]}}, {"type": "Feature", "properties": {"sheet_name": "houses", "description": "Були обстріли с. Широке. Влучання були у житлові будинки", "date": "2022-8-21", "timestamp": 1661040000000.0, "accuracy": 0}, "geometry": {"type": "Point", "coordinates": [32.67616688, "47.09716239"]}}, {"type": "Feature", "properties": {"sheet_name": "admin_buildings", "description": "Були обстріли с. Широке. Влучання були у вже зруйнований ЦНАП", "date": "2022-8-21", "timestamp": 1661040000000.0, "accuracy": 1}, "geometry": {"type": "Point", "coordinates": [32.67524558, "47.09892518"]}}, {"type": "Feature", "properties": {"sheet_name": "injured", "description": "Ворог обстріляв місто Баштанка. У результаті чого одна дитина отримала легке поранення", "date": "2022-8-21", "timestamp": 1661040000000.0, "accuracy": 0}, "geometry": {"type": "Point", "coordinates": [32.44561504, "47.39279319"]}}, {"type": "Feature", "properties": {"sheet_name": "houses", "description": "Ворог обстріляв місто Баштанка та влучив в приватний сектор. У результаті чого загорілась покрівля двоповерхового житлового будинку. Також пошкоджено приблизно 10 будинків", "date": "2022-8-21", "timestamp": 1661040000000.0, "accuracy": 0}, "geometry": {"type": "Point", "coordinates": [32.44525026, "47.39343233"]}}, {"type": "Feature", "properties": {"sheet_name": "factories", "description": "Ворог завдав удару ракетами типу С-300. Влучив на територію підприємства", "date": "2022-8-21", "timestamp": 1661040000000.0, "accuracy": 0}, "geometry": {"type": "Point", "coordinates": [32.05871304, "46.96505832"]}}, {"type": "Feature", "properties": {"sheet_name": "agri", "description": "Через потрапляння боєприпасів та їх уламків у селищі Березнегувате відбулося займання сіна.", "date": "2022-8-22", "timestamp": 1661126400000.0, "accuracy": 0}, "geometry": {"type": "Point", "coordinates": [32.86401546, "47.29878866"]}}, {"type": "Feature", "properties": {"sheet_name": "houses", "description": "Обстрілів зазнало с. Червона Долина. Пошкоджені чотири житлових будинки.", "date": "2022-8-22", "timestamp": 1661126400000.0, "accuracy": 0}, "geometry": {"type": "Point", "coordinates": [32.66140399, "47.15684187"]}}, {"type": "Feature", "properties": {"sheet_name": "factories", "description": "Миколаїв зазнав обстрілів. Внаслідок чого є влучання на територію підприємства.", "date": "2022-8-22", "timestamp": 1661126400000.0, "accuracy": 0}, "geometry": {"type": "Point", "coordinates": [32.05308803, "46.91348911"]}}, {"type": "Feature", "properties": {"sheet_name": "civil_infrastructure", "description": "Миколаїв зазнав обстрілів. Внаслідок чого відбулося займання кафе", "date": "2022-8-22", "timestamp": 1661126400000.0, "accuracy": 0}, "geometry": {"type": "Point", "coordinates": [32.03266032, "46.91882428"]}}, {"type": "Feature", "properties": {"sheet_name": "culture", "description": "Шість влучань ворожих снарядів по будинку культури в с. Широке.", "date": "2022-8-23", "timestamp": 1661212800000.0, "accuracy": 1}, "geometry": {"type": "Point", "coordinates": [32.67484361, "47.09867514"]}}, {"type": "Feature", "properties": {"sheet_name": "houses", "description": "Був авіаналіт на село Широке. Влучено в один житловий будинок", "date": "2022-8-23", "timestamp": 1661212800000.0, "accuracy": 0}, "geometry": {"type": "Point", "coordinates": [32.67347031, "47.09933611"]}}, {"type": "Feature", "properties": {"sheet_name": "houses", "description": "Був авіаналіт. на село Широке Влучено в сільгоспбудівлі в домогосподарстві", "date": "2022-8-23", "timestamp": 1661212800000.0, "accuracy": 0}, "geometry": {"type": "Point", "coordinates": [32.67081493, "47.09905127"]}}, {"type": "Feature", "properties": {"sheet_name": "schools", "description": "Через ракетний обстріл ракетами \"Калібр\" у Миколаєві повністю зруйновано заклад освіти.", "date": "2022-8-23", "timestamp": 1661212800000.0, "accuracy": 0}, "geometry": {"type": "Point", "coordinates": [32.06123667, "46.90344181"]}}, {"type": "Feature", "properties": {"sheet_name": "houses", "description": "Внаслідок обстрілу селища Березнегувате зруйновано та виникла пожежа двох двоповерхових житлових будинків", "date": "2022-8-24", "timestamp": 1661299200000.0, "accuracy": 0}, "geometry": {"type": "Point", "coordinates": [32.83257807, "47.29872055"]}}, {"type": "Feature", "properties": {"sheet_name": "houses", "description": "Були обстріли с. Червона Долина. Влучання були в сільгоспбудівлі домогосподарств", "date": "2022-8-24", "timestamp": 1661299200000.0, "accuracy": 0}, "geometry": {"type": "Point", "coordinates": [32.66556429, "47.15057027"]}}, {"type": "Feature", "properties": {"sheet_name": "houses", "description": "Були обстріли Явкинського старостинського округу. Є пошкоджені будинки", "date": "2022-8-24", "timestamp": 1661299200000.0, "accuracy": 0}, "geometry": {"type": "Point", "coordinates": [32.62011517, "47.26588796"]}}, {"type": "Feature", "properties": {"sheet_name": "houses", "description": "Були обстріли м. Новий Буг. Відомо, що внаслідок цього виникла пожежа покрівлі двоповерхового житлового будинку та ще декілька будинків зазнали пошкоджень", "date": "2022-8-24", "timestamp": 1661299200000.0, "accuracy": 0}, "geometry": {"type": "Point", "coordinates": [32.49455251, "47.67207407"]}}, {"type": "Feature", "properties": {"sheet_name": "injured", "description": "Були обстріли м. Новий Буг. Внаслідок цього 9 людей, з них 2 дітей отримали поранення", "date": "2022-8-24", "timestamp": 1661299200000.0, "accuracy": 0}, "geometry": {"type": "Point", "coordinates": [32.49295391, "47.67242085"]}}, {"type": "Feature", "properties": {"sheet_name": "houses", "description": "Ворожими обстрілами було с. Новомиколаївка. Внаслідок обстрілів частково зруйновано господарські споруди", "date": "2022-8-24", "timestamp": 1661299200000.0, "accuracy": 0}, "geometry": {"type": "Point", "coordinates": [32.35336664, "46.97050647"]}}, {"type": "Feature", "properties": {"sheet_name": "factories", "description": "Ворог обстріляв приватне сільськогосподарське підприємство у с. Котляреве. Через потрапляння боєприпасів та їх уламків зайнялась ремонтна майстерня. Внаслідок пожежі знищено сільгосптехніку та покрівлю майстерні", "date": "2022-8-24", "timestamp": 1661299200000.0, "accuracy": 0}, "geometry": {"type": "Point", "coordinates": [32.21381716, "46.88549401"]}}, {"type": "Feature", "properties": {"sheet_name": "factories", "description": "Миколаїв був атакований реактивними снарядами системи залпового вогню «Смерч». Удар спрямовано на портову інфраструктуру", "date": "2022-8-24", "timestamp": 1661299200000.0, "accuracy": 0}, "geometry": {"type": "Point", "coordinates": [31.99655842, "46.94772907"]}}, {"type": "Feature", "properties": {"sheet_name": "houses", "description": "Внаслідок ворожих обстрілів вранці в смт Березнегувате зруйновано житловий будинок", "date": "2022-8-25", "timestamp": 1661385600000.0, "accuracy": 0}, "geometry": {"type": "Point", "coordinates": [32.83146695, "47.30803339"]}}, {"type": "Feature", "properties": {"sheet_name": "agri", "description": "Були обстріли смт Березнегувате. Влучання по сільськогосподарських площах", "date": "2022-8-25", "timestamp": 1661385600000.0, "accuracy": 0}, "geometry": {"type": "Point", "coordinates": [32.82980398, "47.30859536"]}}, {"type": "Feature", "properties": {"sheet_name": "houses", "description": "Ворог завдав удару ракетами типу С-300. Внаслідок цього відбулось займання приватного будинку. Також пошкоджень зазнали декілька домівок.", "date": "2022-8-25", "timestamp": 1661385600000.0, "accuracy": 0}, "geometry": {"type": "Point", "coordinates": [32.05001151, "46.97651637"]}}, {"type": "Feature", "properties": {"sheet_name": "houses", "description": "Обстрілів зазнало с. Лупарево, внаслідок чого виникла пожежа господарчої споруди", "date": "2022-8-25", "timestamp": 1661385600000.0, "accuracy": 0}, "geometry": {"type": "Point", "coordinates": [31.9853028, "46.70108039"]}}, {"type": "Feature", "properties": {"sheet_name": "houses", "description": "Обстрілів зазнало смт Березнегувате. В результаті цього вибуховою хвилею знищено житловий будинок. Також пошкоджень та руйнувань зазнали інші будинки", "date": "2022-8-26", "timestamp": 1661472000000.0, "accuracy": 0}, "geometry": {"type": "Point", "coordinates": [32.84810542, "47.29920433"]}}, {"type": "Feature", "properties": {"sheet_name": "injured", "description": "Обстрілів зазнало смт Березнегувате. Поранення отримала жінка", "date": "2022-8-26", "timestamp": 1661472000000.0, "accuracy": 0}, "geometry": {"type": "Point", "coordinates": [32.84739195, "47.29891329"]}}, {"type": "Feature", "properties": {"sheet_name": "houses", "description": "Були обстріли села Широке пошкоджено дві сільгоспбудівлі домогосподарств", "date": "2022-8-26", "timestamp": 1661472000000.0, "accuracy": 0}, "geometry": {"type": "Point", "coordinates": [32.67898847, "47.10000093"]}}, {"type": "Feature", "properties": {"sheet_name": "houses", "description": "Були обстріли села Червона Долина пошкоджено дві сільгоспбудівлі домогосподарств", "date": "2022-8-26", "timestamp": 1661472000000.0, "accuracy": 0}, "geometry": {"type": "Point", "coordinates": [32.66325463, "47.14546672"]}}, {"type": "Feature", "properties": {"sheet_name": "factories", "description": "Зафіксовані ворожі обстріли смт Первомайське. Пошкоджено господарські споруди приватного підприємства", "date": "2022-8-26", "timestamp": 1661472000000.0, "accuracy": 0}, "geometry": {"type": "Point", "coordinates": [32.45161401, "47.03909481"]}}, {"type": "Feature", "properties": {"sheet_name": "houses", "description": "В селищі Первомайське внаслідок обстрілу виникла пожежа квартири в житловому будинку", "date": "2022-8-26", "timestamp": 1661472000000.0, "accuracy": 0}, "geometry": {"type": "Point", "coordinates": [32.43876086, "47.03995941"]}}, {"type": "Feature", "properties": {"sheet_name": "killed", "description": "Зафіксовані ворожі обстріли смт Первомайське одна людина загинула", "date": "2022-8-26", "timestamp": 1661472000000.0, "accuracy": 0}, "geometry": {"type": "Point", "coordinates": [32.43806349, "47.04101958"]}}, {"type": "Feature", "properties": {"sheet_name": "houses", "description": "Були обстріли с. Широке Широківської громади. Внаслідок чого зруйновано сільгоспбудівлі у домогосподарствах", "date": "2022-8-27", "timestamp": 1661558400000.0, "accuracy": 0}, "geometry": {"type": "Point", "coordinates": [32.67593215, "47.09272214"]}}, {"type": "Feature", "properties": {"sheet_name": "houses", "description": "Були обстріли с. Широке Широківської громади. Внаслідок чого зруйновано два житлових будинки", "date": "2022-8-27", "timestamp": 1661558400000.0, "accuracy": 0}, "geometry": {"type": "Point", "coordinates": [32.67551909, "47.0942049"]}}, {"type": "Feature", "properties": {"sheet_name": "houses", "description": "Обстрілів зазнало с. Широке. Влучання були в сільгоспбудівлі домогосподарства", "date": "2022-8-27", "timestamp": 1661558400000.0, "accuracy": 0}, "geometry": {"type": "Point", "coordinates": [32.67490218, "47.09404786"]}}, {"type": "Feature", "properties": {"sheet_name": "houses", "description": "Внаслідок обстрілів смт Первомайське Первомайської громади пошкоджено господарські будівлі", "date": "2022-8-27", "timestamp": 1661558400000.0, "accuracy": 0}, "geometry": {"type": "Point", "coordinates": [32.43802035, "47.05664496"]}}, {"type": "Feature", "properties": {"sheet_name": "injured", "description": "Під ворожими обстрілами були с. Оленівка та с-ще Любомирівка. Одна людина зазнала поранень", "date": "2022-8-27", "timestamp": 1661558400000.0, "accuracy": 0}, "geometry": {"type": "Point", "coordinates": [32.38350612, "46.88512234"]}}, {"type": "Feature", "properties": {"sheet_name": "houses", "description": "Внаслідок ворожого обстрілу смт Первомайське частково зруйновано житлові будинки.", "date": "2022-8-28", "timestamp": 1661644800000.0, "accuracy": 0}, "geometry": {"type": "Point", "coordinates": [32.44436132, "47.03537303"]}}, {"type": "Feature", "properties": {"sheet_name": "killed", "description": "Ворог здійснював обстріли Шевченківської громади. Внаслідок обстрілів у селищі Любомирівка одна людина загинула", "date": "2022-8-28", "timestamp": 1661644800000.0, "accuracy": 0}, "geometry": {"type": "Point", "coordinates": [32.37260562, "46.88457238"]}}, {"type": "Feature", "properties": {"sheet_name": "houses", "description": "Були артилерійські обстріли с. Котляреве. Влучання у два житлових будинки й господарські споруди", "date": "2022-8-28", "timestamp": 1661644800000.0, "accuracy": 0}, "geometry": {"type": "Point", "coordinates": [32.22444897, "46.88682145"]}}, {"type": "Feature", "properties": {"sheet_name": "injured", "description": "Ворог здійснював обстріли Шевченківської громади. У с. Котляреве одна людина зазнала важких поранень", "date": "2022-8-28", "timestamp": 1661644800000.0, "accuracy": 0}, "geometry": {"type": "Point", "coordinates": [32.22317065, "46.8855025"]}}, {"type": "Feature", "properties": {"sheet_name": "houses", "description": "Були артилерійські обстріли с. Котляреве. Влучання у два житлових будинки й господарські споруди.", "date": "2022-8-28", "timestamp": 1661644800000.0, "accuracy": 0}, "geometry": {"type": "Point", "coordinates": [32.22018564, "46.88309491"]}}, {"type": "Feature", "properties": {"sheet_name": "houses", "description": "Ворог здійснював обстріли Шевченківської громади. У с. Шевченкове через обстріли загорівся житловий будинок", "date": "2022-8-28", "timestamp": 1661644800000.0, "accuracy": 0}, "geometry": {"type": "Point", "coordinates": [32.21491256, "46.86341139"]}}, {"type": "Feature", "properties": {"sheet_name": "houses", "description": "Ворог здійснював обстріли Шевченківської громади. У с. Шевченкове через обстріли зазнало руйнувань приватне домоволодіння", "date": "2022-8-28", "timestamp": 1661644800000.0, "accuracy": 0}, "geometry": {"type": "Point", "coordinates": [32.21398988, "46.86346274"]}}, {"type": "Feature", "properties": {"sheet_name": "houses", "description": "Ворог завдав удару по Миколаєву з РСЗВ «Смерч». Пошкоджено житлові будинки", "date": "2022-8-28", "timestamp": 1661644800000.0, "accuracy": 0}, "geometry": {"type": "Point", "coordinates": [32.01711297, "46.94915181"]}}, {"type": "Feature", "properties": {"sheet_name": "schools", "description": "Внаслідок влучання трьох ракет вщент зруйновано будівлю середньої школи у Корабельному районі Миколаєва.", "date": "2022-8-28", "timestamp": 1661644800000.0, "accuracy": 0}, "geometry": {"type": "Point", "coordinates": [32.01166699, "46.85666644"]}}, {"type": "Feature", "properties": {"sheet_name": "factories", "description": "Ворог завдав удару по Миколаєву з РСЗВ «Смерч». Внаслідок чого виникла пожежа на території елеватора. Пошкоджено інші об’єкти інфраструктури. Також по промисловій інфраструктурі міста ворог ударив з РСЗВ «Ураган».", "date": "2022-8-28", "timestamp": 1661644800000.0, "accuracy": 0}, "geometry": {"type": "Point", "coordinates": [32.0048966, "46.94997822"]}}, {"type": "Feature", "properties": {"sheet_name": "houses", "description": "Обстрілювали село Висунськ. Внаслідок обстрілів є пошкоджені житлові будинки", "date": "2022-8-29", "timestamp": 1661731200000.0, "accuracy": 0}, "geometry": {"type": "Point", "coordinates": [32.82235427, "47.26237913"]}}, {"type": "Feature", "properties": {"sheet_name": "houses", "description": "Обстрілів зазнало с. Червона Долина. Пошкоджені сільгоспбудівлі в домогосподарствах", "date": "2022-8-29", "timestamp": 1661731200000.0, "accuracy": 0}, "geometry": {"type": "Point", "coordinates": [32.66215818, "47.15427073"]}}, {"type": "Feature", "properties": {"sheet_name": "houses", "description": "Обстрілів зазнало с. Червона Долина. Пошкоджені житлові будинки", "date": "2022-8-29", "timestamp": 1661731200000.0, "accuracy": 0}, "geometry": {"type": "Point", "coordinates": [32.6599614, "47.15466245"]}}, {"type": "Feature", "properties": {"sheet_name": "houses", "description": "Двома зенітними ракетами С-300 атаковано Баштанський район. Внаслідок розриву ракет є пошкодження приватних будинків", "date": "2022-8-29", "timestamp": 1661731200000.0, "accuracy": 0}, "geometry": {"type": "Point", "coordinates": [32.42462231, "47.22985632"]}}, {"type": "Feature", "properties": {"sheet_name": "houses", "description": "Внаслідок обстрілів с. Червоне Воскресенської громади частково зруйновано будинок", "date": "2022-8-29", "timestamp": 1661731200000.0, "accuracy": 0}, "geometry": {"type": "Point", "coordinates": [32.37324925, "47.06278338"]}}, {"type": "Feature", "properties": {"sheet_name": "critical_infrastracture", "description": "Внаслідок обстрілів с. Червоне пошкоджено газопровід", "date": "2022-8-29", "timestamp": 1661731200000.0, "accuracy": 0}, "geometry": {"type": "Point", "coordinates": [32.37242713, "47.06182852"]}}, {"type": "Feature", "properties": {"sheet_name": "houses", "description": "Миколаїв зазнав масований обстріл шістнадцятьма зенітними ракетами С-300, який призвів до численних руйнувань та пошкоджень приватних і багатоповерхових будинків", "date": "2022-8-29", "timestamp": 1661731200000.0, "accuracy": 1}, "geometry": {"type": "Point", "coordinates": [32.04997372, "46.95374377"]}}, {"type": "Feature", "properties": {"sheet_name": "killed", "description": "Миколаїв зазнав масований обстріл шістнадцятьма зенітними ракетами С-300. Внаслідок чого дві людини загинуло", "date": "2022-8-29", "timestamp": 1661731200000.0, "accuracy": 1}, "geometry": {"type": "Point", "coordinates": [32.04885829, "46.95397535"]}}, {"type": "Feature", "properties": {"sheet_name": "injured", "description": "Миколаїв зазнав масований обстріл шістнадцятьма зенітними ракетами С-300. Внаслідок чого 24 людини отримали поранення", "date": "2022-8-29", "timestamp": 1661731200000.0, "accuracy": 1}, "geometry": {"type": "Point", "coordinates": [32.04790343, "46.95437447"]}}, {"type": "Feature", "properties": {"sheet_name": "civil_infrastructure", "description": "Миколаїв зазнав масований обстріл шістнадцятьма зенітними ракетами С-300, який призвів до численних руйнувань та пошкоджень об’єктів транспортної інфраструктури", "date": "2022-8-29", "timestamp": 1661731200000.0, "accuracy": 1}, "geometry": {"type": "Point", "coordinates": [31.98942733, "46.97917523"]}}, {"type": "Feature", "properties": {"sheet_name": "factories", "description": "Були обстріли за межами с. Червона Долина. Внаслідок обстрілів відбулося загоряння на сільськогосподарському підприємстві.", "date": "2022-8-30", "timestamp": 1661817600000.0, "accuracy": 0}, "geometry": {"type": "Point", "coordinates": [32.65629793, "47.13925855"]}}, {"type": "Feature", "properties": {"sheet_name": "houses", "description": "Зафіксовані обстріли території с. Новомиколаївка. Внаслідок чого пошкоджені житлові будинки", "date": "2022-8-30", "timestamp": 1661817600000.0, "accuracy": 0}, "geometry": {"type": "Point", "coordinates": [32.36342648, "46.97308152"]}}, {"type": "Feature", "properties": {"sheet_name": "civil_infrastructure", "description": "Ворог обстріляв об’єкти інфраструктури Миколаєва.", "date": "2022-8-30", "timestamp": 1661817600000.0, "accuracy": 0}, "geometry": {"type": "Point", "coordinates": [31.98087841, "46.94715117"]}}, {"type": "Feature", "properties": {"sheet_name": "killed", "description": "Ворог обстріляв об’єкти інфраструктури Миколаєва. Є один загиблий", "date": "2022-8-30", "timestamp": 1661817600000.0, "accuracy": 0}, "geometry": {"type": "Point", "coordinates": [31.98045099, "46.94705972"]}}, {"type": "Feature", "properties": {"sheet_name": "injured", "description": "Ворог обстріляв об’єкти інфраструктури Миколаєва. Є двоє поранених", "date": "2022-8-30", "timestamp": 1661817600000.0, "accuracy": 0}, "geometry": {"type": "Point", "coordinates": [31.98029789, "46.94731231"]}}, {"type": "Feature", "properties": {"sheet_name": "schools", "description": "Під ворожими обстрілами перебувало селище  Любомирівка частково зруйновано школу", "date": "2022-8-31", "timestamp": 1661904000000.0, "accuracy": 1}, "geometry": {"type": "Point", "coordinates": [32.87623749, "47.19042827"]}}, {"type": "Feature", "properties": {"sheet_name": "admin_buildings", "description": "Під ворожими обстрілами перебувало селище  Любомирівка частково зруйновано адміністративну будівлю", "date": "2022-8-31", "timestamp": 1661904000000.0, "accuracy": 1}, "geometry": {"type": "Point", "coordinates": [32.87478944, "47.18923189"]}}, {"type": "Feature", "properties": {"sheet_name": "houses", "description": "Під ворожими обстрілами перебувало селище  Любомирівка пошкоджено біля 40 житлових будівель.", "date": "2022-8-31", "timestamp": 1661904000000.0, "accuracy": 0}, "geometry": {"type": "Point", "coordinates": [32.8731454, "47.18370546"]}}, {"type": "Feature", "properties": {"sheet_name": "factories", "description": "Під ворожими обстрілами перебувало селище  Любомирівка частково зруйновано складські приміщення", "date": "2022-8-31", "timestamp": 1661904000000.0, "accuracy": 0}, "geometry": {"type": "Point", "coordinates": [32.87195795, "47.18614645"]}}, {"type": "Feature", "properties": {"sheet_name": "houses", "description": "Були обстріли за межами с. Широке. Пошкоджений житловий будинок", "date": "2022-8-31", "timestamp": 1661904000000.0, "accuracy": 0}, "geometry": {"type": "Point", "coordinates": [32.66513814, "47.09138968"]}}, {"type": "Feature", "properties": {"sheet_name": "houses", "description": "Були обстріли за межами с. Широке. Пошкоджені сільгоспбудівлі", "date": "2022-8-31", "timestamp": 1661904000000.0, "accuracy": 0}, "geometry": {"type": "Point", "coordinates": [32.66451185, "47.09131168"]}}, {"type": "Feature", "properties": {"sheet_name": "houses", "description": "Протягом дня під ворожими обстрілами перебувало село Вавилове житлові будинки", "date": "2022-8-31", "timestamp": 1661904000000.0, "accuracy": 0}, "geometry": {"type": "Point", "coordinates": [32.47292869, "46.92198764"]}}, {"type": "Feature", "properties": {"sheet_name": "houses", "description": "Протягом дня під ворожими обстрілами перебувало село Вавилове пошкоджено господарські споруди", "date": "2022-8-31", "timestamp": 1661904000000.0, "accuracy": 0}, "geometry": {"type": "Point", "coordinates": [32.4693093, "46.92561311"]}}, {"type": "Feature", "properties": {"sheet_name": "houses", "description": "Під ворожими обстрілами перебувало смт Первомайське. Внаслідок чого частково зруйновані  господарські споруди", "date": "2022-8-31", "timestamp": 1661904000000.0, "accuracy": 0}, "geometry": {"type": "Point", "coordinates": [32.45231581, "47.04241141"]}}, {"type": "Feature", "properties": {"sheet_name": "houses", "description": "Під ворожими обстрілами перебувало смт Первомайське. Внаслідок чого частково зруйновані житлові будинки", "date": "2022-8-31", "timestamp": 1661904000000.0, "accuracy": 0}, "geometry": {"type": "Point", "coordinates": [32.4522134, "47.04219507"]}}, {"type": "Feature", "properties": {"sheet_name": "schools", "description": "Внаслідок масованих обстрілів Миколаєва пошкоджено два заклади освіти", "date": "2022-8-31", "timestamp": 1661904000000.0, "accuracy": 0}, "geometry": {"type": "Point", "coordinates": [31.96173408, "46.94158109"]}}, {"type": "Feature", "properties": {"sheet_name": "houses", "description": "Були обстріли с. Широке. Влучання були у вже зруйнований житловий будинок.", "date": "2022-9-1", "timestamp": 1661990400000.0, "accuracy": 0}, "geometry": {"type": "Point", "coordinates": [32.67805921, "47.09338428"]}}, {"type": "Feature", "properties": {"sheet_name": "houses", "description": "Ворог обстріляв с. Новомиколаївка. Частково зруйновано господарські будівлі", "date": "2022-9-1", "timestamp": 1661990400000.0, "accuracy": 0}, "geometry": {"type": "Point", "coordinates": [32.35370965, "46.97287514"]}}, {"type": "Feature", "properties": {"sheet_name": "houses", "description": "Артилерійського обстрілу зазнало с. Зелений Гай. Внаслідок чого відбулось загоряння трьох житлових будинків.", "date": "2022-9-1", "timestamp": 1661990400000.0, "accuracy": 0}, "geometry": {"type": "Point", "coordinates": [32.24895996, "46.93750841"]}}, {"type": "Feature", "properties": {"sheet_name": "injured", "description": "Ворог здійснив бомбардування фугасними п’ятсоткілограмовими авіабомбами Миколаївського району, де поранено одну людину", "date": "2022-9-1", "timestamp": 1661990400000.0, "accuracy": 0}, "geometry": {"type": "Point", "coordinates": [32.05459317, "46.90281587"]}}, {"type": "Feature", "properties": {"sheet_name": "houses", "description": "Обстрілів зазнало с. Новомиколаївка. Внаслідок чого пошкоджено господарські споруди", "date": "2022-9-2", "timestamp": 1662076800000.0, "accuracy": 0}, "geometry": {"type": "Point", "coordinates": [32.36281094, "46.96283661"]}}, {"type": "Feature", "properties": {"sheet_name": "houses", "description": "Обстрілів зазнало с. Новомиколаївка. Внаслідок чого відбулося займання житлового будинку", "date": "2022-9-2", "timestamp": 1662076800000.0, "accuracy": 0}, "geometry": {"type": "Point", "coordinates": [32.36195264, "46.96375919"]}}, {"type": "Feature", "properties": {"sheet_name": "houses", "description": "Ракета типу Х-31, випущена з Су-35, влучила в приватний будинок у селі Висунськ", "date": "2022-9-3", "timestamp": 1662163200000.0, "accuracy": 0}, "geometry": {"type": "Point", "coordinates": [32.82319323, "47.25986445"]}}, {"type": "Feature", "properties": {"sheet_name": "injured", "description": "Ракета типу Х-31, випущена з Су-35, влучила в приватний будинок у селі Висунськ Березнегуватської громади. Внаслідок руйнування четверо людей отримали осколочні поранення, троє з них - діти", "date": "2022-9-3", "timestamp": 1662163200000.0, "accuracy": 0}, "geometry": {"type": "Point", "coordinates": [32.82319323, "47.25986445"]}}, {"type": "Feature", "properties": {"sheet_name": "killed", "description": "Ракета типу Х-31, випущена з Су-35, влучила в приватний будинок у селі Висунськ Березнегуватської громади. Внаслідок руйнування будинку загинула одна дитина.", "date": "2022-9-3", "timestamp": 1662163200000.0, "accuracy": 0}, "geometry": {"type": "Point", "coordinates": [32.82315031, "47.26019575"]}}, {"type": "Feature", "properties": {"sheet_name": "houses", "description": "Під обстрілами було смт Первомайське. Ворожі снаряди влучили по житлових будинках", "date": "2022-9-3", "timestamp": 1662163200000.0, "accuracy": 0}, "geometry": {"type": "Point", "coordinates": [32.44298803, "47.0429918"]}}, {"type": "Feature", "properties": {"sheet_name": "houses", "description": "Ворог атакував Центральний район Миколаєва ракетою повітряного базування Х-59, випущеною з Су-35. Ракета влучила у приватний двір та господарчі споруди", "date": "2022-9-3", "timestamp": 1662163200000.0, "accuracy": 0}, "geometry": {"type": "Point", "coordinates": [32.02757527, "46.96651012"]}}, {"type": "Feature", "properties": {"sheet_name": "houses", "description": "Ворог атакував Центральний район Миколаєва ракетою повітряного базування Х-59, випущеною з Су-35. Ракета влучила у приватний двір та зруйнувала будинок.", "date": "2022-9-3", "timestamp": 1662163200000.0, "accuracy": 0}, "geometry": {"type": "Point", "coordinates": [32.026953, "46.96660531"]}}, {"type": "Feature", "properties": {"sheet_name": "injured", "description": "Ворог атакував Центральний район Миколаєва ракетою повітряного базування Х-59, випущеною з Су-35. Поранення отримала одна людина", "date": "2022-9-3", "timestamp": 1662163200000.0, "accuracy": 0}, "geometry": {"type": "Point", "coordinates": [32.02651312, "46.96760836"]}}, {"type": "Feature", "properties": {"sheet_name": "houses", "description": "Зафіксовано ворожий обстріл Первомайської громади. Внаслідок чого в смт Первомайське пошкоджено два житлових будинки", "date": "2022-9-4", "timestamp": 1662249600000.0, "accuracy": 0}, "geometry": {"type": "Point", "coordinates": [32.44325625, "47.03708954"]}}, {"type": "Feature", "properties": {"sheet_name": "injured", "description": "Зафіксовано ворожий обстріл Первомайської громади. Внаслідок чого в смт Первомайське одна людина отримала поранення", "date": "2022-9-4", "timestamp": 1662249600000.0, "accuracy": 0}, "geometry": {"type": "Point", "coordinates": [32.4432026, "47.03672394"]}}, {"type": "Feature", "properties": {"sheet_name": "houses", "description": "У с. Засілля через потрапляння боєприпасів та їх уламків виникла пожежа житлового будинку", "date": "2022-9-4", "timestamp": 1662249600000.0, "accuracy": 0}, "geometry": {"type": "Point", "coordinates": [32.426378, "47.02356134"]}}, {"type": "Feature", "properties": {"sheet_name": "culture", "description": "Миколаїв зазнав масованого ракетного обстрілу, перередньо С-300. Суттєво пошкоджено музей", "date": "2022-9-4", "timestamp": 1662249600000.0, "accuracy": 1}, "geometry": {"type": "Point", "coordinates": [32.00683574, "46.9719676"]}}, {"type": "Feature", "properties": {"sheet_name": "civil_infrastructure", "description": "Миколаїв зазнав масованого ракетного обстрілу, перередньо С-300. Суттєво пошкоджено три лікувальних заклади, готель", "date": "2022-9-4", "timestamp": 1662249600000.0, "accuracy": 1}, "geometry": {"type": "Point", "coordinates": [31.98763468, "46.9774024"]}}, {"type": "Feature", "properties": {"sheet_name": "schools", "description": "Миколаїв зазнав масованого ракетного обстрілу, перередньо С-300. Суттєво пошкоджено два навчальних заклади", "date": "2022-9-4", "timestamp": 1662249600000.0, "accuracy": 1}, "geometry": {"type": "Point", "coordinates": [31.98578261, "46.97700117"]}}, {"type": "Feature", "properties": {"sheet_name": "civil_infrastructure", "description": "Ворог наніс удари по м. Очаків. Влучання в об'єкт цивільної інфраструктури.", "date": "2022-9-4", "timestamp": 1662249600000.0, "accuracy": 1}, "geometry": {"type": "Point", "coordinates": [31.53910679, "46.61311803"]}}, {"type": "Feature", "properties": {"sheet_name": "houses", "description": "Ворог наніс удари по м. Очаків. Також внаслідок обстрілу пошкоджено житлові будинки", "date": "2022-9-4", "timestamp": 1662249600000.0, "accuracy": 1}, "geometry": {"type": "Point", "coordinates": [31.53813583, "46.61286746"]}}, {"type": "Feature", "properties": {"sheet_name": "houses", "description": "Обстрілів зазнало м. Вознесенськ. Є пошкодження житлових будинків", "date": "2022-9-4", "timestamp": 1662249600000.0, "accuracy": 1}, "geometry": {"type": "Point", "coordinates": [31.3333772, "47.57505409"]}}, {"type": "Feature", "properties": {"sheet_name": "factories", "description": "Обстрілів зазнало м. Вознесенськ. Внаслідок чого на підприємстві відбулося займання приміщень", "date": "2022-9-4", "timestamp": 1662249600000.0, "accuracy": 1}, "geometry": {"type": "Point", "coordinates": [31.33316665, "47.57520337"]}}, {"type": "Feature", "properties": {"sheet_name": "houses", "description": "Були обстріли с. Широке. Влучання було у вже зруйновану сільгоспбудівлю домогосподарства", "date": "2022-9-5", "timestamp": 1662336000000.0, "accuracy": 0}, "geometry": {"type": "Point", "coordinates": [32.67815577, "47.0957015"]}}, {"type": "Feature", "properties": {"sheet_name": "factories", "description": "Миколаїв було атаковано ракетами С-300. Влучання були у промислове підприємство", "date": "2022-9-5", "timestamp": 1662336000000.0, "accuracy": 0}, "geometry": {"type": "Point", "coordinates": [32.06130872, "46.98306034"]}}, {"type": "Feature", "properties": {"sheet_name": "factories", "description": "Були обстріли околиці с. Явкіно. Влучили в склад з зерном фермерського господарства", "date": "2022-9-6", "timestamp": 1662422400000.0, "accuracy": 0}, "geometry": {"type": "Point", "coordinates": [32.45577161, "47.31222856"]}}, {"type": "Feature", "properties": {"sheet_name": "houses", "description": "Під ворожими ударами було с. Куцуруб пошкоджено шість житлових будинків.", "date": "2022-9-6", "timestamp": 1662422400000.0, "accuracy": 0}, "geometry": {"type": "Point", "coordinates": [31.62973039, "46.65262076"]}}, {"type": "Feature", "properties": {"sheet_name": "factories", "description": "Були обстріли за межами с. Широке. Влучання були по сільгоспскладам", "date": "2022-9-7", "timestamp": 1662508800000.0, "accuracy": 1}, "geometry": {"type": "Point", "coordinates": [32.66965854, "47.10021332"]}}, {"type": "Feature", "properties": {"sheet_name": "houses", "description": "Були обстріли смт Первомайське, внаслідок чого загорівся житловий будинок", "date": "2022-9-7", "timestamp": 1662508800000.0, "accuracy": 0}, "geometry": {"type": "Point", "coordinates": [32.4490069, "47.04170502"]}}, {"type": "Feature", "properties": {"sheet_name": "houses", "description": "В с. Засілля пошкоджені житлові будинки.", "date": "2022-9-7", "timestamp": 1662508800000.0, "accuracy": 0}, "geometry": {"type": "Point", "coordinates": [32.43305671, "47.025611"]}}, {"type": "Feature", "properties": {"sheet_name": "agri", "description": "Через обстріли території та прилеглих населених пунктів Березнегуватської громади виникла пожежа листяної та хвойної підстилки у лісі Березнегуватського лісового господарства", "date": "2022-9-8", "timestamp": 1662595200000.0, "accuracy": 0}, "geometry": {"type": "Point", "coordinates": [33.02662, "47.22062"]}}, {"type": "Feature", "properties": {"sheet_name": "schools", "description": "Обстрілів зазнало с. Широке. Влучання були у вже зруйнований школу", "date": "2022-9-8", "timestamp": 1662595200000.0, "accuracy": 1}, "geometry": {"type": "Point", "coordinates": [32.6757847, "47.09965096"]}}, {"type": "Feature", "properties": {"sheet_name": "admin_buildings", "description": "Обстрілів зазнало с. Широке. Влучання були у вже зруйнований ЦНАП", "date": "2022-9-8", "timestamp": 1662595200000.0, "accuracy": 1}, "geometry": {"type": "Point", "coordinates": [32.67531263, "47.0988841"]}}, {"type": "Feature", "properties": {"sheet_name": "critical_infrastracture", "description": "Були обстріли на території Явкінського старостинського округу. Внаслідок чого знеструмлена вся громада", "date": "2022-9-8", "timestamp": 1662595200000.0, "accuracy": 0}, "geometry": {"type": "Point", "coordinates": [32.61778783, "47.26146674"]}}, {"type": "Feature", "properties": {"sheet_name": "critical_infrastracture", "description": "Внаслідок обстрілів Інгульської громади знеструмлено п’ять населених пунктів", "date": "2022-9-8", "timestamp": 1662595200000.0, "accuracy": 0}, "geometry": {"type": "Point", "coordinates": [32.21959196, "47.19410462"]}}, {"type": "Feature", "properties": {"sheet_name": "critical_infrastracture", "description": "Обстрілів зазнало с. Миколаївське. Внаслідок обстрілів у населеному пункті відсутнє світло", "date": "2022-9-9", "timestamp": 1662681600000.0, "accuracy": 0}, "geometry": {"type": "Point", "coordinates": [32.11356277, "46.92773209"]}}, {"type": "Feature", "properties": {"sheet_name": "houses", "description": "Обстрілів зазнало с. Широке. Зруйновано два будинки", "date": "2022-9-10", "timestamp": 1662768000000.0, "accuracy": 0}, "geometry": {"type": "Point", "coordinates": [32.67509806, "47.09347376"]}}, {"type": "Feature", "properties": {"sheet_name": "critical_infrastracture", "description": "Обстрілів зазнало с. Широке. Зруйнована опора електропередач", "date": "2022-9-10", "timestamp": 1662768000000.0, "accuracy": 0}, "geometry": {"type": "Point", "coordinates": [32.67325806, "47.0930282"]}}, {"type": "Feature", "properties": {"sheet_name": "houses", "description": "Обстріли зафіксовано за межами с. Червона Долина. Влучання у сільськогосподарські будівлі", "date": "2022-9-10", "timestamp": 1662768000000.0, "accuracy": 0}, "geometry": {"type": "Point", "coordinates": [32.65641853, "47.13804089"]}}, {"type": "Feature", "properties": {"sheet_name": "killed", "description": "Внаслідок обстрілів с. Білозірка Первомайської громади загинула одна людина", "date": "2022-9-10", "timestamp": 1662768000000.0, "accuracy": 0}, "geometry": {"type": "Point", "coordinates": [32.45119037, "47.08749033"]}}, {"type": "Feature", "properties": {"sheet_name": "houses", "description": "Ворог обстрілював смт Первомайське. Влучання були в житлові будинки", "date": "2022-9-10", "timestamp": 1662768000000.0, "accuracy": 0}, "geometry": {"type": "Point", "coordinates": [32.44134651, "47.04677884"]}}, {"type": "Feature", "properties": {"sheet_name": "houses", "description": "Ворог обстрілював с. Засілля. Влучання були в житлові будинки", "date": "2022-9-10", "timestamp": 1662768000000.0, "accuracy": 0}, "geometry": {"type": "Point", "coordinates": [32.42878663, "47.02187365"]}}, {"type": "Feature", "properties": {"sheet_name": "houses", "description": "Обстрілів зазнало смт Березнегувате. Внаслідок чого пошкоджені та зруйновані житлові будинки", "date": "2022-9-11", "timestamp": 1662854400000.0, "accuracy": 0}, "geometry": {"type": "Point", "coordinates": [32.85298855, "47.30878102"]}}, {"type": "Feature", "properties": {"sheet_name": "injured", "description": "Обстрілів зазнало смт Березнегувате. Внаслідок чого 5 людей отримали поранення", "date": "2022-9-11", "timestamp": 1662854400000.0, "accuracy": 0}, "geometry": {"type": "Point", "coordinates": [32.85115929, "47.30844275"]}}, {"type": "Feature", "properties": {"sheet_name": "admin_buildings", "description": "Обстрілів зазнало смт Березнегувате. Пошкоджено адміністративну будівлю", "date": "2022-9-11", "timestamp": 1662854400000.0, "accuracy": 0}, "geometry": {"type": "Point", "coordinates": [32.85038145, "47.30804628"]}}, {"type": "Feature", "properties": {"sheet_name": "civil_infrastructure", "description": "Обстрілів зазнало смт Березнегувате. Пошкоджено технічні споруди комунального підприємства, магазини", "date": "2022-9-11", "timestamp": 1662854400000.0, "accuracy": 0}, "geometry": {"type": "Point", "coordinates": [32.84953387, "47.30622756"]}}, {"type": "Feature", "properties": {"sheet_name": "killed", "description": "Обстрілів зазнало смт Березнегувате. Проводяться роботи з пошуку зниклого чоловіка, який ймовірно був у своєму домоволодінні", "date": "2022-9-11", "timestamp": 1662854400000.0, "accuracy": 0}, "geometry": {"type": "Point", "coordinates": [32.84935148, "47.31066149"]}}, {"type": "Feature", "properties": {"sheet_name": "critical_infrastracture", "description": "Обстрілів зазнало смт Березнегувате Березнегуватської громади. Пошкоджено газопровід", "date": "2022-9-11", "timestamp": 1662854400000.0, "accuracy": 0}, "geometry": {"type": "Point", "coordinates": [32.84870238, "47.30632213"]}}, {"type": "Feature", "properties": {"sheet_name": "houses", "description": "Обстрілів зазнало смт Березнегувате Березнегуватської громади. Пошкоджено житлові будинки", "date": "2022-9-11", "timestamp": 1662854400000.0, "accuracy": 0}, "geometry": {"type": "Point", "coordinates": [32.84798355, "47.30693323"]}}, {"type": "Feature", "properties": {"sheet_name": "houses", "description": "Були обстріли в с. Широке. Зруйновано один будинок", "date": "2022-9-11", "timestamp": 1662854400000.0, "accuracy": 0}, "geometry": {"type": "Point", "coordinates": [32.67599928, "47.09775387"]}}, {"type": "Feature", "properties": {"sheet_name": "houses", "description": "Миколаїв зазнав потужних обстрілів. Внаслідок влучання у двір п’ятиповерхівки один під’їзд практично знищено пожежею та вибухом. Також суттєво пошкоджено приватний будинок", "date": "2022-9-11", "timestamp": 1662854400000.0, "accuracy": 1}, "geometry": {"type": "Point", "coordinates": [31.94709583, "46.95452558"]}}, {"type": "Feature", "properties": {"sheet_name": "injured", "description": "Миколаїв зазнав потужних обстрілів. 9 осіб дістали поранення різного ступеню", "date": "2022-9-11", "timestamp": 1662854400000.0, "accuracy": 1}, "geometry": {"type": "Point", "coordinates": [31.94598003, "46.95420884"]}}, {"type": "Feature", "properties": {"sheet_name": "houses", "description": "Стратегічною авіацією ворог доправив по Вознесенську три крилаті ракети Х-555 встановлено часткову руйнацію 40 житлових будинків", "date": "2022-9-11", "timestamp": 1662854400000.0, "accuracy": 0}, "geometry": {"type": "Point", "coordinates": [31.33403432, "47.57494999"]}}, {"type": "Feature", "properties": {"sheet_name": "factories", "description": "Стратегічною авіацією ворог доправив по Вознесенську три крилаті ракети Х-555, які влучили в елеватор із запасами пшениці", "date": "2022-9-11", "timestamp": 1662854400000.0, "accuracy": 0}, "geometry": {"type": "Point", "coordinates": [31.33323234, "47.57519336"]}}, {"type": "Feature", "properties": {"sheet_name": "injured", "description": "Стратегічною авіацією ворог доправив по Вознесенську три крилаті ракети Х-555. Отримали поранення п’ять людей, з них одна дитина", "date": "2022-9-11", "timestamp": 1662854400000.0, "accuracy": 0}, "geometry": {"type": "Point", "coordinates": [31.33296681, "47.57557607"]}}, {"type": "Feature", "properties": {"sheet_name": "schools", "description": "Через обстріли смт Березнегувате пошкоджено склад професійного ліцея.", "date": "2022-9-12", "timestamp": 1662940800000.0, "accuracy": 1}, "geometry": {"type": "Point", "coordinates": [32.86042766, "47.31782128"]}}, {"type": "Feature", "properties": {"sheet_name": "factories", "description": "В смт Первомайське чотири снаряди влучили в приватне підприємство.", "date": "2022-9-12", "timestamp": 1662940800000.0, "accuracy": 0}, "geometry": {"type": "Point", "coordinates": [32.43652018, "47.04220024"]}}, {"type": "Feature", "properties": {"sheet_name": "factories", "description": "У с. Поляна пошкоджено сільськогосподарські будівлі.", "date": "2022-9-13", "timestamp": 1663027200000.0, "accuracy": 0}, "geometry": {"type": "Point", "coordinates": [32.68429022, "47.16668451"]}}, {"type": "Feature", "properties": {"sheet_name": "houses", "description": "Обстрілів зазнало с. Широке, внаслідок чого зруйновано житловий будинок. ", "date": "2022-9-13", "timestamp": 1663027200000.0, "accuracy": 0}, "geometry": {"type": "Point", "coordinates": [32.6780872, "47.09829305"]}}, {"type": "Feature", "properties": {"sheet_name": "factories", "description": "У с. Червона Долина пошкоджено сільськогосподарські будівлі.", "date": "2022-9-13", "timestamp": 1663027200000.0, "accuracy": 0}, "geometry": {"type": "Point", "coordinates": [32.66213355, "47.14358057"]}}, {"type": "Feature", "properties": {"sheet_name": "factories", "description": "У смт Березнегувате влучання зафіксовано по комбікормовому заводу.", "date": "2022-9-14", "timestamp": 1663113600000.0, "accuracy": 0}, "geometry": {"type": "Point", "coordinates": [32.86377791, "47.3191963"]}}, {"type": "Feature", "properties": {"sheet_name": "houses", "description": "У с. Широке зруйновано два житлові будинки.", "date": "2022-9-14", "timestamp": 1663113600000.0, "accuracy": 0}, "geometry": {"type": "Point", "coordinates": [32.68021571, "47.09783969"]}}, {"type": "Feature", "properties": {"sheet_name": "factories", "description": "У с. Широке влучання по сільськогосподарських будівлях.", "date": "2022-9-14", "timestamp": 1663113600000.0, "accuracy": 0}, "geometry": {"type": "Point", "coordinates": [32.66889256, "47.09981214"]}}, {"type": "Feature", "properties": {"sheet_name": "factories", "description": "У с. Червона Долина влучання по сільськогосподарських будівлях.", "date": "2022-9-14", "timestamp": 1663113600000.0, "accuracy": 0}, "geometry": {"type": "Point", "coordinates": [32.66273436, "47.15888033"]}}, {"type": "Feature", "properties": {"sheet_name": "houses", "description": "Через обстріли Калинівки пошкоджені житлові будинки.", "date": "2022-9-14", "timestamp": 1663113600000.0, "accuracy": 0}, "geometry": {"type": "Point", "coordinates": [32.18165979, "47.04317113"]}}, {"type": "Feature", "properties": {"sheet_name": "schools", "description": "Ракета С-300 пошкодила у Миколаєві навчальний заклад.", "date": "2022-9-14", "timestamp": 1663113600000.0, "accuracy": 1}, "geometry": {"type": "Point", "coordinates": [32.00006268, "46.97380315"]}}, {"type": "Feature", "properties": {"sheet_name": "killed", "description": "Через обстріли Миколаєва ракетами С-300 загинули двоє цивільних.", "date": "2022-9-14", "timestamp": 1663113600000.0, "accuracy": 0}, "geometry": {"type": "Point", "coordinates": [31.99795911, "46.96714111"]}}, {"type": "Feature", "properties": {"sheet_name": "injured", "description": "Через обстріли Миколаєва ракетами С-300 троє цивільних отримали поранення та трьом надана допомога амбулаторно.", "date": "2022-9-14", "timestamp": 1663113600000.0, "accuracy": 0}, "geometry": {"type": "Point", "coordinates": [31.99646244, "46.96886531"]}}, {"type": "Feature", "properties": {"sheet_name": "houses", "description": "У Миколаєві ракети С-300 влучили біля дев’яти- та п’ятиповерхівок: пошкоджені житлові будинки.", "date": "2022-9-14", "timestamp": 1663113600000.0, "accuracy": 0}, "geometry": {"type": "Point", "coordinates": [31.9960011, "46.96875183"]}}, {"type": "Feature", "properties": {"sheet_name": "factories", "description": "Внаслідок влучання ракети С-300 на територію підприємства у Миколаєві виникла пожежа на виробничій будівлі.", "date": "2022-9-14", "timestamp": 1663113600000.0, "accuracy": 1}, "geometry": {"type": "Point", "coordinates": [31.99379286, "46.95905592"]}}, {"type": "Feature", "properties": {"sheet_name": "critical_infrastracture", "description": "Через обстріли Яселка лишилася без електропостачання.", "date": "2022-9-14", "timestamp": 1663113600000.0, "accuracy": 0}, "geometry": {"type": "Point", "coordinates": [31.69417105, "46.64380276"]}}, {"type": "Feature", "properties": {"sheet_name": "critical_infrastracture", "description": "Через обстріли Іванівка лишилася без електропостачання.", "date": "2022-9-14", "timestamp": 1663113600000.0, "accuracy": 0}, "geometry": {"type": "Point", "coordinates": [31.62915482, "46.90595122"]}}, {"type": "Feature", "properties": {"sheet_name": "factories", "description": "В смт Березнегувате частково зруйноване складське приміщення фермерського господарства.", "date": "2022-9-15", "timestamp": 1663200000000.0, "accuracy": 0}, "geometry": {"type": "Point", "coordinates": [32.8476295, "47.28705626"]}}, {"type": "Feature", "properties": {"sheet_name": "houses", "description": "Внаслідок обстрілів у с. Широке пошкоджено один будинок.", "date": "2022-9-15", "timestamp": 1663200000000.0, "accuracy": 0}, "geometry": {"type": "Point", "coordinates": [32.67862784, "47.09856274"]}}, {"type": "Feature", "properties": {"sheet_name": "critical_infrastracture", "description": "Ракетні удари по інфраструктурному об'єкту в с. Чорноморка.", "date": "2022-9-15", "timestamp": 1663200000000.0, "accuracy": 0}, "geometry": {"type": "Point", "coordinates": [31.49627864, "46.64362045"]}}, {"type": "Feature", "properties": {"sheet_name": "houses", "description": "В с. Широке зруйновані нежитлові господарські приміщення.", "date": "2022-9-16", "timestamp": 1663286400000.0, "accuracy": 0}, "geometry": {"type": "Point", "coordinates": [32.6604028, "47.10146308"]}}, {"type": "Feature", "properties": {"sheet_name": "hospitals", "description": "У Миколаєві через обстріли постраждала лікарня.", "date": "2022-9-17", "timestamp": 1663372800000.0, "accuracy": 1}, "geometry": {"type": "Point", "coordinates": [32.08300313, "46.97719106"]}}, {"type": "Feature", "properties": {"sheet_name": "factories", "description": "У Миколаєві через обстріли загорівся автогаражний кооператив.", "date": "2022-9-17", "timestamp": 1663372800000.0, "accuracy": 0}, "geometry": {"type": "Point", "coordinates": [32.07425913, "46.97870082"]}}, {"type": "Feature", "properties": {"sheet_name": "critical_infrastracture", "description": "У с. Дмитрівка пошкоджено очисні споруди та електропідстанція.", "date": "2022-9-17", "timestamp": 1663372800000.0, "accuracy": 0}, "geometry": {"type": "Point", "coordinates": [31.73364571, "46.62774397"]}}, {"type": "Feature", "properties": {"sheet_name": "killed", "description": "У с. Дмитрівка через ворожі обстріли загинула одна людина.", "date": "2022-9-17", "timestamp": 1663372800000.0, "accuracy": 0}, "geometry": {"type": "Point", "coordinates": [31.72410897, "46.63136841"]}}, {"type": "Feature", "properties": {"sheet_name": "critical_infrastracture", "description": "Через нічні удари по м. Очаків в деяких районах міста зникли світло та вода.", "date": "2022-9-17", "timestamp": 1663372800000.0, "accuracy": 0}, "geometry": {"type": "Point", "coordinates": [31.55966457, "46.62861005"]}}, {"type": "Feature", "properties": {"sheet_name": "critical_infrastracture", "description": "Через удар по Березнегуватській громаді трьома реактивними снарядами зі «Смерчу» пошкоджено сонячну електростанцію.", "date": "2022-9-18", "timestamp": 1663459200000.0, "accuracy": 1}, "geometry": {"type": "Point", "coordinates": [32.83859907, "47.32026014"]}}, {"type": "Feature", "properties": {"sheet_name": "hospitals", "description": "Через удар по Березнегуватській громаді трьома реактивними снарядами зі «Смерчу» пошкоджено лікарню.", "date": "2022-9-18", "timestamp": 1663459200000.0, "accuracy": 0}, "geometry": {"type": "Point", "coordinates": [32.83359982, "47.30301002"]}}, {"type": "Feature", "properties": {"sheet_name": "houses", "description": "У м. Очаків внаслідок обстрілів пошкоджено житлові будинки.", "date": "2022-9-18", "timestamp": 1663459200000.0, "accuracy": 0}, "geometry": {"type": "Point", "coordinates": [31.56033048, "46.6237101"]}}, {"type": "Feature", "properties": {"sheet_name": "injured", "description": "У м. Очаків внаслідок обстрілів важких поранень зазнали дві людини.", "date": "2022-9-18", "timestamp": 1663459200000.0, "accuracy": 0}, "geometry": {"type": "Point", "coordinates": [31.55541667, "46.6250364"]}}, {"type": "Feature", "properties": {"sheet_name": "houses", "description": "У Миколаєві через обстріл у декількох житлових будинках вибиті вікна, двері, пошкоджено покрівлю.", "date": "2022-9-19", "timestamp": 1663545600000.0, "accuracy": 0}, "geometry": {"type": "Point", "coordinates": [32.0165905, "46.9602728"]}}, {"type": "Feature", "properties": {"sheet_name": "civil_infrastructure", "description": "У Миколаєві через обстріл пошкоджено близько 300 метрів контактного дроту трамвайної мережі.", "date": "2022-9-19", "timestamp": 1663545600000.0, "accuracy": 0}, "geometry": {"type": "Point", "coordinates": [32.01447662, "46.96168362"]}}, {"type": "Feature", "properties": {"sheet_name": "houses", "description": "У Миколаєві було влучання у двір приватного будинку, внаслідок чого зруйновано господарську будівлю. ", "date": "2022-9-19", "timestamp": 1663545600000.0, "accuracy": 0}, "geometry": {"type": "Point", "coordinates": [32.01383319, "46.96121739"]}}, {"type": "Feature", "properties": {"sheet_name": "houses", "description": "Через ворожий удар у Новій Одесі виникла пожежа гаражу на території приватного домоволодіння.", "date": "2022-9-19", "timestamp": 1663545600000.0, "accuracy": 0}, "geometry": {"type": "Point", "coordinates": [31.77735432, "47.31233138"]}}, {"type": "Feature", "properties": {"sheet_name": "civil_infrastructure", "description": "Через ворожий удар у Новій Одесі пошкоджено торгові кіоски, аптеку, магазин.", "date": "2022-9-19", "timestamp": 1663545600000.0, "accuracy": 0}, "geometry": {"type": "Point", "coordinates": [31.77284358, "47.31396248"]}}, {"type": "Feature", "properties": {"sheet_name": "houses", "description": "Через ворожий удар у Новій Одесі пошкоджено житлові будинки.", "date": "2022-9-19", "timestamp": 1663545600000.0, "accuracy": 0}, "geometry": {"type": "Point", "coordinates": [31.77146955, "47.30930342"]}}, {"type": "Feature", "properties": {"sheet_name": "critical_infrastracture", "description": "Ракетний обстріл промислової зони Південноукраїнської АЕС: пошкоджено будівлі АЕС, розбито понад 100 вікон. Відключився один з гідроагрегатів Олександрівської ГЕС.", "date": "2022-9-19", "timestamp": 1663545600000.0, "accuracy": 1}, "geometry": {"type": "Point", "coordinates": [31.22783535, "47.81435375"]}}, {"type": "Feature", "properties": {"sheet_name": "schools", "description": "Внаслідок обстрілу смт Березнегувате пошкоджено навчальний заклад – у будівлі вилетіли вікна.", "date": "2022-9-20", "timestamp": 1663632000000.0, "accuracy": 0}, "geometry": {"type": "Point", "coordinates": [32.86048265, "47.3178281"]}}, {"type": "Feature", "properties": {"sheet_name": "critical_infrastracture", "description": "В с. Явкине пошкоджено лінію електропередач.", "date": "2022-9-20", "timestamp": 1663632000000.0, "accuracy": 0}, "geometry": {"type": "Point", "coordinates": [32.6135434, "47.28489967"]}}, {"type": "Feature", "properties": {"sheet_name": "houses", "description": "В с. Явкине у житловому будинку пошкоджено вікна.", "date": "2022-9-20", "timestamp": 1663632000000.0, "accuracy": 0}, "geometry": {"type": "Point", "coordinates": [32.61266364, "47.28273808"]}}, {"type": "Feature", "properties": {"sheet_name": "injured", "description": "Внаслідок обстрілу с. Білозірка зазнала поранень одна людина.", "date": "2022-9-20", "timestamp": 1663632000000.0, "accuracy": 0}, "geometry": {"type": "Point", "coordinates": [32.44591173, "47.09091632"]}}, {"type": "Feature", "properties": {"sheet_name": "critical_infrastracture", "description": "В смт Первомайське снаряди влучили по території об’єкта критичної інфраструктури.", "date": "2022-9-20", "timestamp": 1663632000000.0, "accuracy": 0}, "geometry": {"type": "Point", "coordinates": [32.43481349, "47.03910046"]}}, {"type": "Feature", "properties": {"sheet_name": "critical_infrastracture", "description": "Артилерійські удари по об’єкту критичної інфраструктури в с. Шевченкове.", "date": "2022-9-20", "timestamp": 1663632000000.0, "accuracy": 0}, "geometry": {"type": "Point", "coordinates": [32.18187848, "46.86556805"]}}, {"type": "Feature", "properties": {"sheet_name": "houses", "description": "У смт Первомайське частково зруйновано житловий будинок.", "date": "2022-9-21", "timestamp": 1663718400000.0, "accuracy": 0}, "geometry": {"type": "Point", "coordinates": [32.44124995, "47.03876578"]}}, {"type": "Feature", "properties": {"sheet_name": "culture", "description": "Реактивними снарядами тричі атаковано район Національного історико-археологічного заповідника «Ольвія» в напрямку Парутиного.", "date": "2022-9-21", "timestamp": 1663718400000.0, "accuracy": 1}, "geometry": {"type": "Point", "coordinates": [31.90281508, "46.69317809"]}}, {"type": "Feature", "properties": {"sheet_name": "factories", "description": "Через артобстріли по прибережній зоні м. Очаків виникла пожежа на буксирі.", "date": "2022-9-21", "timestamp": 1663718400000.0, "accuracy": 0}, "geometry": {"type": "Point", "coordinates": [31.55001, "46.60267667"]}}, {"type": "Feature", "properties": {"sheet_name": "civil_infrastructure", "description": "Через обстріли с. Висунськ. пошкоджено три об’єкти торгівлі .", "date": "2022-9-22", "timestamp": 1663804800000.0, "accuracy": 0}, "geometry": {"type": "Point", "coordinates": [32.83046017, "47.25896126"]}}, {"type": "Feature", "properties": {"sheet_name": "houses", "description": "Через обстріли с. Висунськ. пошкоджено приватні будинки.", "date": "2022-9-22", "timestamp": 1663804800000.0, "accuracy": 0}, "geometry": {"type": "Point", "coordinates": [32.83022413, "47.25813844"]}}, {"type": "Feature", "properties": {"sheet_name": "critical_infrastracture", "description": "Через обстріли с. Висунськ. пошкоджено газовий трубопровід з подальшим займанням. .", "date": "2022-9-22", "timestamp": 1663804800000.0, "accuracy": 0}, "geometry": {"type": "Point", "coordinates": [32.8290386, "47.25968576"]}}, {"type": "Feature", "properties": {"sheet_name": "civil_infrastructure", "description": "В с. Калинівка внаслідок ракетного обстрілу виникла пожежа поштового відділення.", "date": "2022-9-22", "timestamp": 1663804800000.0, "accuracy": 1}, "geometry": {"type": "Point", "coordinates": [32.17782815, "47.04599052"]}}, {"type": "Feature", "properties": {"sheet_name": "houses", "description": "Внаслідок обстрілу с. Українка виникла пожежа житлового будинку.", "date": "2022-9-22", "timestamp": 1663804800000.0, "accuracy": 0}, "geometry": {"type": "Point", "coordinates": [32.14138081, "46.82539711"]}}, {"type": "Feature", "properties": {"sheet_name": "factories", "description": "Через масований ракетний обстріл з С-300 у Миколаєві виникла пожежа складського приміщення.", "date": "2022-9-22", "timestamp": 1663804800000.0, "accuracy": 0}, "geometry": {"type": "Point", "coordinates": [32.01413143, "46.94584864"]}}, {"type": "Feature", "properties": {"sheet_name": "critical_infrastracture", "description": "Через масований ракетний обстріл з С-300 у Миколаєві пошкоджено газопровід і водогін.", "date": "2022-9-22", "timestamp": 1663804800000.0, "accuracy": 0}, "geometry": {"type": "Point", "coordinates": [31.99409338, "46.97119912"]}}, {"type": "Feature", "properties": {"sheet_name": "admin_buildings", "description": "Через масований ракетний обстріл з С-300 у Миколаєві пошкоджено адміністративні будівлі.", "date": "2022-9-22", "timestamp": 1663804800000.0, "accuracy": 1}, "geometry": {"type": "Point", "coordinates": [31.99266234, "46.97587883"]}}, {"type": "Feature", "properties": {"sheet_name": "civil_infrastructure", "description": "Через масований ракетний обстріл з С-300 у Миколаєві пошкоджено кінотеатр та театр.", "date": "2022-9-22", "timestamp": 1663804800000.0, "accuracy": 1}, "geometry": {"type": "Point", "coordinates": [31.99228268, "46.97539569"]}}, {"type": "Feature", "properties": {"sheet_name": "houses", "description": "Через масований ракетний обстріл з С-300 у Миколаєві пошкоджено багатоповерхові будинки, вибиті вікна.", "date": "2022-9-22", "timestamp": 1663804800000.0, "accuracy": 1}, "geometry": {"type": "Point", "coordinates": [31.99206563, "46.97596121"]}}, {"type": "Feature", "properties": {"sheet_name": "civil_infrastructure", "description": "У с. Шевченкове влучання по об’єкту цивільної інфраструктури.", "date": "2022-9-23", "timestamp": 1663891200000.0, "accuracy": 0}, "geometry": {"type": "Point", "coordinates": [32.19620147, "46.8600075"]}}, {"type": "Feature", "properties": {"sheet_name": "critical_infrastracture", "description": "Через ракетні удари по с. Калинівка виникла пожежа газової труби.", "date": "2022-9-23", "timestamp": 1663891200000.0, "accuracy": 0}, "geometry": {"type": "Point", "coordinates": [32.18998712, "47.0507517"]}}, {"type": "Feature", "properties": {"sheet_name": "houses", "description": "Через ракетні удари по с. Калинівка пошкоджено три житлових будинки.", "date": "2022-9-23", "timestamp": 1663891200000.0, "accuracy": 0}, "geometry": {"type": "Point", "coordinates": [32.18970817, "47.04973559"]}}, {"type": "Feature", "properties": {"sheet_name": "houses", "description": "У Миколаєві через ворожий удар пошкоджено приватні будинки.", "date": "2022-9-23", "timestamp": 1663891200000.0, "accuracy": 1}, "geometry": {"type": "Point", "coordinates": [31.98123327, "46.96008083"]}}, {"type": "Feature", "properties": {"sheet_name": "factories", "description": "У Миколаєві уражено офісну будівлю об’єкта промислової інфраструктури.", "date": "2022-9-23", "timestamp": 1663891200000.0, "accuracy": 1}, "geometry": {"type": "Point", "coordinates": [31.98058949, "46.96054577"]}}, {"type": "Feature", "properties": {"sheet_name": "critical_infrastracture", "description": "У Миколаєві через ворожий удар пошкоджено водогін та електромережі.", "date": "2022-9-23", "timestamp": 1663891200000.0, "accuracy": 1}, "geometry": {"type": "Point", "coordinates": [31.98002087, "46.9611755"]}}, {"type": "Feature", "properties": {"sheet_name": "houses", "description": "В с. Парутине частково зруйновано два приватних будинки.", "date": "2022-9-23", "timestamp": 1663891200000.0, "accuracy": 0}, "geometry": {"type": "Point", "coordinates": [31.8991947, "46.69972267"]}}, {"type": "Feature", "properties": {"sheet_name": "houses", "description": "Було обстріляно с. Широке. Пошкоджень зазнали два житлових будинки", "date": "2022-9-24", "timestamp": 1663977600000.0, "accuracy": 0}, "geometry": {"type": "Point", "coordinates": [32.67822551, "47.09809349"]}}, {"type": "Feature", "properties": {"sheet_name": "houses", "description": "Зафіксовано обстріли в с. Широке внаслідок чого пошкоджень зазнав один двоповерховий житловий будинок", "date": "2022-9-25", "timestamp": 1664064000000.0, "accuracy": 0}, "geometry": {"type": "Point", "coordinates": [32.67263042, "47.09853353"]}}, {"type": "Feature", "properties": {"sheet_name": "factories", "description": "Зафіксовано обстріли в с. Широке внаслідок чого пошкоджень зазнало сільгосппідприємство", "date": "2022-9-25", "timestamp": 1664064000000.0, "accuracy": 0}, "geometry": {"type": "Point", "coordinates": [32.66427266, "47.09792003"]}}, {"type": "Feature", "properties": {"sheet_name": "houses", "description": "Окупанти завдали ракетних ударів по Миколаєву. Внаслідок чого пошкоджені житлові будинки", "date": "2022-9-25", "timestamp": 1664064000000.0, "accuracy": 0}, "geometry": {"type": "Point", "coordinates": [32.08375163, "46.91163547"]}}, {"type": "Feature", "properties": {"sheet_name": "critical_infrastracture", "description": "Окупанти завдали ракетних ударів по Миколаєву. Внаслідок чого є влучання у мережі водопроводу", "date": "2022-9-25", "timestamp": 1664064000000.0, "accuracy": 1}, "geometry": {"type": "Point", "coordinates": [32.00585431, "46.95368274"]}}, {"type": "Feature", "properties": {"sheet_name": "houses", "description": "Обстріли с. Широке та його околиць. Пошкоджень зазнали два житлові будинки", "date": "2022-9-26", "timestamp": 1664150400000.0, "accuracy": 0}, "geometry": {"type": "Point", "coordinates": [32.67290937, "47.09756215"]}}, {"type": "Feature", "properties": {"sheet_name": "factories", "description": "Обстріли с. Широке та його околиць були влучання в сільгосппідприємство за межами села", "date": "2022-9-26", "timestamp": 1664150400000.0, "accuracy": 0}, "geometry": {"type": "Point", "coordinates": [32.66786682, "47.10072455"]}}, {"type": "Feature", "properties": {"sheet_name": "schools", "description": "Обстрілів зазнало с. Христофорівка Баштанської громади. Внаслідок чого пошкоджено школу", "date": "2022-9-26", "timestamp": 1664150400000.0, "accuracy": 1}, "geometry": {"type": "Point", "coordinates": [32.2572952, "47.2655971"]}}, {"type": "Feature", "properties": {"sheet_name": "houses", "description": "Обстрілів зазнало с. Христофорівка Баштанської громади. Внаслідок чого пошкоджено понад 15 будинків", "date": "2022-9-26", "timestamp": 1664150400000.0, "accuracy": 0}, "geometry": {"type": "Point", "coordinates": [32.25561077, "47.26545876"]}}, {"type": "Feature", "properties": {"sheet_name": "factories", "description": "Миколаїв було обстріляно. Нанесено удар по промисловій зоні на околицях міста.", "date": "2022-9-26", "timestamp": 1664150400000.0, "accuracy": 0}, "geometry": {"type": "Point", "coordinates": [32.06599884, "46.91931422"]}}, {"type": "Feature", "properties": {"sheet_name": "houses", "description": "Миколаїв зазнав масованих обстрілів. Пошкодили житлові будинки", "date": "2022-9-27", "timestamp": 1664236800000.0, "accuracy": 1}, "geometry": {"type": "Point", "coordinates": [31.99470727, "46.9736335"]}}, {"type": "Feature", "properties": {"sheet_name": "critical_infrastracture", "description": "Миколаїв зазнав масованих обстрілів. Пошкодили мережу водопроводу", "date": "2022-9-27", "timestamp": 1664236800000.0, "accuracy": 0}, "geometry": {"type": "Point", "coordinates": [31.994085, "46.97442962"]}}, {"type": "Feature", "properties": {"sheet_name": "civil_infrastructure", "description": "Миколаїв зазнав масованих обстрілів. Пошкодили магазини", "date": "2022-9-27", "timestamp": 1664236800000.0, "accuracy": 1}, "geometry": {"type": "Point", "coordinates": [31.99390261, "46.97373782"]}}, {"type": "Feature", "properties": {"sheet_name": "factories", "description": "Миколаїв зазнав масованих обстрілів. Внаслідок обстрілу сталося руйнування складського приміщення з подальшим горінням", "date": "2022-9-27", "timestamp": 1664236800000.0, "accuracy": 0}, "geometry": {"type": "Point", "coordinates": [31.99358735, "46.97334033"]}}, {"type": "Feature", "properties": {"sheet_name": "houses", "description": "Зафіксовано ракетний обстріл с. Весняне. Внаслідок чого частково зруйновано та пошкоджено житлові будинки", "date": "2022-9-27", "timestamp": 1664236800000.0, "accuracy": 0}, "geometry": {"type": "Point", "coordinates": [31.89104703, "46.97991812"]}}, {"type": "Feature", "properties": {"sheet_name": "civil_infrastructure", "description": "Через ракетний обстріл с. Весняне частково зруйновано та пошкоджено соціальну інфраструктуру.", "date": "2022-9-27", "timestamp": 1664236800000.0, "accuracy": 0}, "geometry": {"type": "Point", "coordinates": [31.88586768, "46.97974519"]}}, {"type": "Feature", "properties": {"sheet_name": "factories", "description": "Широке Широківської громади зазнало обстрілів. Влучання по сільгосппідприємству", "date": "2022-9-28", "timestamp": 1664323200000.0, "accuracy": 0}, "geometry": {"type": "Point", "coordinates": [32.66671883, "47.09813548"]}}, {"type": "Feature", "properties": {"sheet_name": "factories", "description": "Миколаїв зазнав ракетних обстрілів. Було нанесено удар по промисловій зоні", "date": "2022-9-28", "timestamp": 1664323200000.0, "accuracy": 0}, "geometry": {"type": "Point", "coordinates": [31.99560532, "46.94951697"]}}, {"type": "Feature", "properties": {"sheet_name": "injured", "description": "Ворог обстріляв околиці с. Висуньск. Під час обстрілу поранено одну людину", "date": "2022-9-29", "timestamp": 1664409600000.0, "accuracy": 0}, "geometry": {"type": "Point", "coordinates": [32.81249554, "47.25058396"]}}, {"type": "Feature", "properties": {"sheet_name": "houses", "description": "Обстрілів зазнало с. Широке, посічено осколками чотири будинки", "date": "2022-9-29", "timestamp": 1664409600000.0, "accuracy": 0}, "geometry": {"type": "Point", "coordinates": [32.67309407, "47.09697954"]}}, {"type": "Feature", "properties": {"sheet_name": "agri", "description": "Обстрілів зазнало с. Широке Широківської громади, влучання переважно по сільгоспугіддях.", "date": "2022-9-29", "timestamp": 1664409600000.0, "accuracy": 0}, "geometry": {"type": "Point", "coordinates": [32.66823914, "47.10139554"]}}, {"type": "Feature", "properties": {"sheet_name": "killed", "description": "Ворог завдав удару по житловому району Миколаєва касетними снарядами «Смерч». Внаслідок чого троє людей загинуло", "date": "2022-9-29", "timestamp": 1664409600000.0, "accuracy": 1}, "geometry": {"type": "Point", "coordinates": [32.07423767, "46.96244803"]}}, {"type": "Feature", "properties": {"sheet_name": "injured", "description": "Ворог завдав удару по житловому району Миколаєва касетними снарядами «Смерч». Внаслідок чого одинадцять людей поранено, з них одна дитина 17 років", "date": "2022-9-29", "timestamp": 1664409600000.0, "accuracy": 1}, "geometry": {"type": "Point", "coordinates": [32.07362612, "46.96266769"]}}, {"type": "Feature", "properties": {"sheet_name": "houses", "description": "Ворог завдав удару по житловому району Миколаєва касетними снарядами «Смерч». Внаслідок чого є пошкодження житлових будинків", "date": "2022-9-29", "timestamp": 1664409600000.0, "accuracy": 1}, "geometry": {"type": "Point", "coordinates": [32.00723952, "46.97249773"]}}, {"type": "Feature", "properties": {"sheet_name": "critical_infrastracture", "description": "Ворог завдав удару по житловому району Миколаєва касетними снарядами «Смерч». Внаслідок чого є пошкодження електромереж", "date": "2022-9-29", "timestamp": 1664409600000.0, "accuracy": 0}, "geometry": {"type": "Point", "coordinates": [32.00610226, "46.97235132"]}}, {"type": "Feature", "properties": {"sheet_name": "admin_buildings", "description": "Один \"Шахед-136\" атакував адмінбудівлю в обласному центрі.", "date": "2022-9-29", "timestamp": 1664409600000.0, "accuracy": 0}, "geometry": {"type": "Point", "coordinates": [32.00541837, "46.97201544"]}}, {"type": "Feature", "properties": {"sheet_name": "critical_infrastracture", "description": "Наносилися ворожі удари по Ольшанській громаді. Зафіксовано влучення в об'єкт критичної інфраструктури", "date": "2022-9-29", "timestamp": 1664409600000.0, "accuracy": 0}, "geometry": {"type": "Point", "coordinates": [31.76792253, "47.16545369"]}}, {"type": "Feature", "properties": {"sheet_name": "houses", "description": "Внаслідок ракетних та артилерійських обстрілів в смт Первомайське пошкоджені приватні будинки", "date": "2022-9-30", "timestamp": 1664496000000.0, "accuracy": 0}, "geometry": {"type": "Point", "coordinates": [32.43524181, "47.04642793"]}}, {"type": "Feature", "properties": {"sheet_name": "houses", "description": "Зафіксовано артилерійський обстріл с. Котляреве. Пошкоджено житлові будинки", "date": "2022-9-30", "timestamp": 1664496000000.0, "accuracy": 0}, "geometry": {"type": "Point", "coordinates": [32.22738254, "46.88515329"]}}, {"type": "Feature", "properties": {"sheet_name": "houses", "description": "Ворог завдав ракетного удару по селищу Полігон. Внаслідок потрапляння боєприпасів та їх уламків пошкоджено житлові будинки", "date": "2022-9-30", "timestamp": 1664496000000.0, "accuracy": 0}, "geometry": {"type": "Point", "coordinates": [32.13384727, "46.97712257"]}}, {"type": "Feature", "properties": {"sheet_name": "hospitals", "description": "Миколаїв зазнав масованого ракетного обстрілу. Після нічних обстрілів пошкоджено медичний заклад", "date": "2022-9-30", "timestamp": 1664496000000.0, "accuracy": 1}, "geometry": {"type": "Point", "coordinates": [32.00718652, "46.97254888"]}}, {"type": "Feature", "properties": {"sheet_name": "injured", "description": "Миколаїв зазнав масованого ракетного обстрілу. Дві з ракет влучили у десятиповерховий будинок. Внаслідок чого одну людину було деблоковано з під завалів, поранення отримало ще вісім осіб, три поранених особи у важкому стані перебувають у медичних закладах, п‘ятьом - надано амбулаторну допомогу.", "date": "2022-9-30", "timestamp": 1664496000000.0, "accuracy": 1}, "geometry": {"type": "Point", "coordinates": [31.96235731, "46.95572164"]}}, {"type": "Feature", "properties": {"sheet_name": "houses", "description": "Миколаїв зазнав масованого ракетного обстрілу. Дві з ракет влучили у десятиповерховий будинок. Зруйновано чотири квартири повністю, шість зруйновано частково.", "date": "2022-9-30", "timestamp": 1664496000000.0, "accuracy": 1}, "geometry": {"type": "Point", "coordinates": [31.96213737, "46.95554588"]}}, {"type": "Feature", "properties": {"sheet_name": "houses", "description": "Були обстріли Березнегуватської громади. Внаслідок обстрілів пошкоджено п'ять приватних будинків", "date": "2022-10-1", "timestamp": 1664582400000.0, "accuracy": 0}, "geometry": {"type": "Point", "coordinates": [32.85907717, "47.29539942"]}}, {"type": "Feature", "properties": {"sheet_name": "admin_buildings", "description": "Зафіксовано обстріли с. Широке, внаслідок чого влучання були в адмінбудівлю", "date": "2022-10-1", "timestamp": 1664582400000.0, "accuracy": 1}, "geometry": {"type": "Point", "coordinates": [32.67636406, "47.09515919"]}}, {"type": "Feature", "properties": {"sheet_name": "houses", "description": "Зафіксовано обстріли с. Широке, внаслідок чого зруйновано два житлові будинки та чотири будинки пошкоджено", "date": "2022-10-1", "timestamp": 1664582400000.0, "accuracy": 0}, "geometry": {"type": "Point", "coordinates": [32.6750015, "47.09572159"]}}, {"type": "Feature", "properties": {"sheet_name": "houses", "description": "Миколаїв було масовано обстріляно ракетами. Є числені руйнування житлових будинків. Так, одна з ракет влучила у житловий п’ятиповерховий будинок в центрі міста. Повністю зруйновані квартири на 5 та 4 поверхах, інші – суттєво пошкоджені. У навколишніх будинках повилітали вікна. В іншому районі міста численних пошкоджень зазнали приватні та двоповерховий житловий будинок", "date": "2022-10-1", "timestamp": 1664582400000.0, "accuracy": 1}, "geometry": {"type": "Point", "coordinates": [31.99038778, "46.97602078"]}}, {"type": "Feature", "properties": {"sheet_name": "injured", "description": "Внаслідок обстрілу Миколаєва поранення отримали п'ятеро людей, серед них тримісячна дитина", "date": "2022-10-1", "timestamp": 1664582400000.0, "accuracy": 1}, "geometry": {"type": "Point", "coordinates": [31.99023632, "46.97626593"]}}, {"type": "Feature", "properties": {"sheet_name": "factories", "description": "внаслідок обстрілу Миколаєва пошкоджено складське приміщення та будівлі на території автотранспортного підприємства", "date": "2022-10-1", "timestamp": 1664582400000.0, "accuracy": 0}, "geometry": {"type": "Point", "coordinates": [31.98961139, "46.97520482"]}}, {"type": "Feature", "properties": {"sheet_name": "factories", "description": "Ворог наносив удари зі 120 мм міномета та реактивної системи залпового вогню «Град» по портовій акваторії та інфраструктурі", "date": "2022-10-1", "timestamp": 1664582400000.0, "accuracy": 0}, "geometry": {"type": "Point", "coordinates": [31.56524549, "46.61778963"]}}, {"type": "Feature", "properties": {"sheet_name": "civil_infrastructure", "description": "Ворог завдавав ударів з РСЗВ по смт Первомайське. Влучання по об’єкту цивільної інфраструктури", "date": "2022-10-2", "timestamp": 1664668800000.0, "accuracy": 0}, "geometry": {"type": "Point", "coordinates": [32.43910955, "47.0410671"]}}, {"type": "Feature", "properties": {"sheet_name": "houses", "description": "Внаслідок ворожого обстрілу с. Шевченко частково зруйнувано житловий будинок", "date": "2022-10-2", "timestamp": 1664668800000.0, "accuracy": 0}, "geometry": {"type": "Point", "coordinates": [32.20491329, "46.86766594"]}}, {"type": "Feature", "properties": {"sheet_name": "hospitals", "description": "Миколаїв зазнав ракетного обстрілу зенітно-ракетними системи С-300. Зафіксовано влучання біля території лікарні", "date": "2022-10-2", "timestamp": 1664668800000.0, "accuracy": 0}, "geometry": {"type": "Point", "coordinates": [32.07060151, "46.95847599"]}}, {"type": "Feature", "properties": {"sheet_name": "killed", "description": "Внаслідок ворожого обстрілу с. Шевченко дві людини загинуло, частково зруйнувано житловий будинок", "date": "2022-10-2", "timestamp": 1664668800000.0, "accuracy": 1}, "geometry": {"type": "Point", "coordinates": [32.06700515, "46.95171555"]}}, {"type": "Feature", "properties": {"sheet_name": "injured", "description": "Миколаїв зазнав ракетного обстрілу зенітно-ракетними системи С-300. Всього внаслідок обстрілу поранення отримало сім осіб.", "date": "2022-10-2", "timestamp": 1664668800000.0, "accuracy": 1}, "geometry": {"type": "Point", "coordinates": [32.06554195, "46.95163389"]}}, {"type": "Feature", "properties": {"sheet_name": "houses", "description": "Миколаїв зазнав ракетного обстрілу зенітно-ракетними системи С-300. Влучання зафіксовані біля двох чотирьохповерхових будинків. Внаслідок чого будинки зазнали пошкоджень, в одному з них виникла пожежа", "date": "2022-10-2", "timestamp": 1664668800000.0, "accuracy": 1}, "geometry": {"type": "Point", "coordinates": [32.06522545, "46.9514984"]}}, {"type": "Feature", "properties": {"sheet_name": "factories", "description": "Під час обстрілів смт Березнегувате було пошкоджено об'єкти торгівлі", "date": "2022-10-4", "timestamp": 1664841600000.0, "accuracy": 0}, "geometry": {"type": "Point", "coordinates": [32.85185421, "47.30747228"]}}, {"type": "Feature", "properties": {"sheet_name": "admin_buildings", "description": "Під час обстрілів смт Березнегувате було пошкоджено адміністративні будівлі", "date": "2022-10-4", "timestamp": 1664841600000.0, "accuracy": 0}, "geometry": {"type": "Point", "coordinates": [32.85049165, "47.30784329"]}}, {"type": "Feature", "properties": {"sheet_name": "critical_infrastracture", "description": "Ворог завдав ракетного удару по Вознесенському районі. Пошкоджено об'єкт інфраструктури", "date": "2022-10-4", "timestamp": 1664841600000.0, "accuracy": 0}, "geometry": {"type": "Point", "coordinates": [31.49640295, "47.73455044"]}}, {"type": "Feature", "properties": {"sheet_name": "agri", "description": "Були обстріли Широківської громади, влучання по сільгоспугіддях", "date": "2022-10-5", "timestamp": 1664928000000.0, "accuracy": 0}, "geometry": {"type": "Point", "coordinates": [32.66198334, "47.12998019"]}}, {"type": "Feature", "properties": {"sheet_name": "factories", "description": "Обстріляно Широківську громаду. Влучання по сільгосппідприємству", "date": "2022-10-6", "timestamp": 1665014400000.0, "accuracy": 0}, "geometry": {"type": "Point", "coordinates": [32.65700516, "47.13822038"]}}, {"type": "Feature", "properties": {"sheet_name": "houses", "description": "Внаслідок ворожих обстрілів пошкоджено житлові будинки.", "date": "2022-10-6", "timestamp": 1665014400000.0, "accuracy": 0}, "geometry": {"type": "Point", "coordinates": [32.47142539, "47.00380932"]}}, {"type": "Feature", "properties": {"sheet_name": "civil_infrastructure", "description": "Внаслідок ворожих обстрілів пошкоджено об’єкт цивільної інфраструктури.", "date": "2022-10-6", "timestamp": 1665014400000.0, "accuracy": 0}, "geometry": {"type": "Point", "coordinates": [32.46938417, "47.00318174"]}}, {"type": "Feature", "properties": {"sheet_name": "civil_infrastructure", "description": "Внаслідок ворожих обстрілів Шевченківської громади пошкоджено об’єкт цивільної інфраструктури", "date": "2022-10-6", "timestamp": 1665014400000.0, "accuracy": 0}, "geometry": {"type": "Point", "coordinates": [32.28745044, "46.89390396"]}}, {"type": "Feature", "properties": {"sheet_name": "injured", "description": "Внаслідок ворожих обстрілів Шевченківської громади поранення отримали дві людини.", "date": "2022-10-6", "timestamp": 1665014400000.0, "accuracy": 0}, "geometry": {"type": "Point", "coordinates": [32.28691324, "46.89397094"]}}, {"type": "Feature", "properties": {"sheet_name": "civil_infrastructure", "description": "Було обстріляно Широківську громаду. Влучання були в стадіон", "date": "2022-10-7", "timestamp": 1665100800000.0, "accuracy": 0}, "geometry": {"type": "Point", "coordinates": [32.66242107, "47.15213297"]}}, {"type": "Feature", "properties": {"sheet_name": "houses", "description": "Ворог атакував місто, попередньо безпілотними дронами-камікадзе. В результаті чого виникла пожежа даху двоповерхової будівлі в одному з районів Миколаєва", "date": "2022-10-7", "timestamp": 1665100800000.0, "accuracy": 0}, "geometry": {"type": "Point", "coordinates": [31.9610403, "46.95276335"]}}, {"type": "Feature", "properties": {"sheet_name": "houses", "description": "В результаті обстрілу Галицинівської громади пошкоджено житловий будинок", "date": "2022-10-7", "timestamp": 1665100800000.0, "accuracy": 0}, "geometry": {"type": "Point", "coordinates": [31.94812253, "46.79264975"]}}, {"type": "Feature", "properties": {"sheet_name": "factories", "description": "Обстріли зафіксовано в Широківській громаді. Значних руйнувань зазнало сільгосппідприємство, склади", "date": "2022-10-8", "timestamp": 1665187200000.0, "accuracy": 0}, "geometry": {"type": "Point", "coordinates": [32.66141058, "47.14394796"]}}, {"type": "Feature", "properties": {"sheet_name": "houses", "description": "Були обстріли Баштанської громади. Внаслідок чого руйнувань зазнали три житлових будинки", "date": "2022-10-8", "timestamp": 1665187200000.0, "accuracy": 0}, "geometry": {"type": "Point", "coordinates": [32.55514665, "47.38899575"]}}, {"type": "Feature", "properties": {"sheet_name": "schools", "description": "Були обстріли Баштанської громади. Внаслідок чого пошкоджено дитячий садок та школу", "date": "2022-10-8", "timestamp": 1665187200000.0, "accuracy": 0}, "geometry": {"type": "Point", "coordinates": [32.55477873, "47.39115415"]}}, {"type": "Feature", "properties": {"sheet_name": "civil_infrastructure", "description": "Були обстріли Баштанської громади. Внаслідок чого пошкоджено приміщення амбулаторії.", "date": "2022-10-8", "timestamp": 1665187200000.0, "accuracy": 0}, "geometry": {"type": "Point", "coordinates": [32.55473157, "47.39117827"]}}, {"type": "Feature", "properties": {"sheet_name": "admin_buildings", "description": "Були обстріли Баштанської громади. Внаслідок чого пошкоджено адмінбудівлю.", "date": "2022-10-8", "timestamp": 1665187200000.0, "accuracy": 0}, "geometry": {"type": "Point", "coordinates": [32.55165618, "47.38801645"]}}, {"type": "Feature", "properties": {"sheet_name": "schools", "description": "Обстрілів зазнала Широківська громада. Влучання у вже зруйнований дитячий садочок", "date": "2022-10-9", "timestamp": 1665273600000.0, "accuracy": 0}, "geometry": {"type": "Point", "coordinates": [32.6645186, "47.15172744"]}}, {"type": "Feature", "properties": {"sheet_name": "factories", "description": "Обстрілів зазнала Широківська громада. Влучання у сільськогосподарське підприємство", "date": "2022-10-9", "timestamp": 1665273600000.0, "accuracy": 0}, "geometry": {"type": "Point", "coordinates": [32.66177146, "47.15936926"]}}, {"type": "Feature", "properties": {"sheet_name": "injured", "description": "Ворог обстрілював Куцурубську громаду. Внаслідок ворожих обстрілів отримала поранення дитина.", "date": "2022-10-9", "timestamp": 1665273600000.0, "accuracy": 0}, "geometry": {"type": "Point", "coordinates": [31.61531652, "46.6535006"]}}, {"type": "Feature", "properties": {"sheet_name": "houses", "description": "Ворог обстрілював Куцурубську громаду. Пошкоджено вісім житлових будинків", "date": "2022-10-9", "timestamp": 1665273600000.0, "accuracy": 0}, "geometry": {"type": "Point", "coordinates": [31.61150529, "46.65234868"]}}, {"type": "Feature", "properties": {"sheet_name": "houses", "description": "Були обстріли села Широківської громади. Внаслідок чого три житлові будинки зазнали пошкоджень", "date": "2022-10-10", "timestamp": 1665360000000.0, "accuracy": 0}, "geometry": {"type": "Point", "coordinates": [32.66181168, "47.14960784"]}}, {"type": "Feature", "properties": {"sheet_name": "killed", "description": "Були обстріли села Широківської громади. Внаслідок чого загинула одна жінка.", "date": "2022-10-10", "timestamp": 1665360000000.0, "accuracy": 0}, "geometry": {"type": "Point", "coordinates": [32.66128597, "47.1501186"]}}, {"type": "Feature", "properties": {"sheet_name": "houses", "description": "Миколаєву випущено 10 ракет С-300. Пошкоджено житловий будинок.", "date": "2022-10-10", "timestamp": 1665360000000.0, "accuracy": 0}, "geometry": {"type": "Point", "coordinates": [32.00743743, "46.98359214"]}}, {"type": "Feature", "properties": {"sheet_name": "critical_infrastracture", "description": "Миколаєву випущено 10 ракет С-300. Пошкоджено лінію електромережі.", "date": "2022-10-10", "timestamp": 1665360000000.0, "accuracy": 0}, "geometry": {"type": "Point", "coordinates": [32.00336277, "46.99101222"]}}, {"type": "Feature", "properties": {"sheet_name": "schools", "description": "Миколаєву випущено 10 ракет С-300. Зафіксовано влучання по території університету", "date": "2022-10-10", "timestamp": 1665360000000.0, "accuracy": 1}, "geometry": {"type": "Point", "coordinates": [32.00134575, "46.98759813"]}}, {"type": "Feature", "properties": {"sheet_name": "factories", "description": "Миколаєву випущено 10 ракет С-300. Зафіксовано влучання по складським приміщенням.", "date": "2022-10-10", "timestamp": 1665360000000.0, "accuracy": 0}, "geometry": {"type": "Point", "coordinates": [32.00020849, "46.98832268"]}}, {"type": "Feature", "properties": {"sheet_name": "agri", "description": "Були обстріли села Широківської громади. Влучання у сільськогосподарські угіддя", "date": "2022-10-11", "timestamp": 1665446400000.0, "accuracy": 0}, "geometry": {"type": "Point", "coordinates": [32.67743287, "47.14410962"]}}, {"type": "Feature", "properties": {"sheet_name": "civil_infrastructure", "description": "Ворог неодноразово завдавав ударів РСЗВ по Первомайській громаді. Влучання були по об’єкту цивільної інфраструктури", "date": "2022-10-11", "timestamp": 1665446400000.0, "accuracy": 0}, "geometry": {"type": "Point", "coordinates": [32.46128932, "47.00639879"]}}, {"type": "Feature", "properties": {"sheet_name": "houses", "description": "Обстрілів зазнала Березгуватська громада. Внаслідок чого в одному із сіл пошкоджено 11 житлових будинків", "date": "2022-10-12", "timestamp": 1665532800000.0, "accuracy": 0}, "geometry": {"type": "Point", "coordinates": [32.82566512, "47.224426"]}}, {"type": "Feature", "properties": {"sheet_name": "agri", "description": "Обстрілів зазнала Широківська громада. Влучання зафіксовані по сільськогосподарським угіддям", "date": "2022-10-12", "timestamp": 1665532800000.0, "accuracy": 0}, "geometry": {"type": "Point", "coordinates": [32.66112504, "47.12852033"]}}, {"type": "Feature", "properties": {"sheet_name": "houses", "description": "Ворог наносив артилерійські обстріли по Куцурубській громаді. Внаслідок чого в одному з населених пунктів зруйновано понад 15 житлових будинків.", "date": "2022-10-12", "timestamp": 1665532800000.0, "accuracy": 0}, "geometry": {"type": "Point", "coordinates": [31.63125803, "46.65719492"]}}, {"type": "Feature", "properties": {"sheet_name": "critical_infrastracture", "description": "Ворог наносив артилерійські обстріли по Куцурубській громаді. Внаслідок чого зникло світло, вода та газопостачання", "date": "2022-10-12", "timestamp": 1665532800000.0, "accuracy": 0}, "geometry": {"type": "Point", "coordinates": [31.62813594, "46.65859404"]}}, {"type": "Feature", "properties": {"sheet_name": "killed", "description": "Ворог масовано обстріляв Миколаїв вісьмома ракетами типу С-300. Вісім людей загинули", "date": "2022-10-13", "timestamp": 1665619200000.0, "accuracy": 1}, "geometry": {"type": "Point", "coordinates": [31.99992934, "46.95858802"]}}, {"type": "Feature", "properties": {"sheet_name": "injured", "description": "Ворог масовано обстріляв Миколаїв вісьмома ракетами типу С-300. Одна людина отримала поранення.", "date": "2022-10-13", "timestamp": 1665619200000.0, "accuracy": 1}, "geometry": {"type": "Point", "coordinates": [31.99979185, "46.95868115"]}}, {"type": "Feature", "properties": {"sheet_name": "houses", "description": "Ворог масовано обстріляв Миколаїв вісьмома ракетами типу С-300. Влучання у п’ятиповерховий житловий будинок.", "date": "2022-10-13", "timestamp": 1665619200000.0, "accuracy": 1}, "geometry": {"type": "Point", "coordinates": [31.99974719, "46.95834589"]}}, {"type": "Feature", "properties": {"sheet_name": "factories", "description": "Ворог масовано обстріляв Миколаїв вісьмома ракетами типу С-300. Зруйновано будівлю човникової станці", "date": "2022-10-13", "timestamp": 1665619200000.0, "accuracy": 0}, "geometry": {"type": "Point", "coordinates": [31.98399379, "46.9809121"]}}, {"type": "Feature", "properties": {"sheet_name": "factories", "description": "Під час обстрілів одного з населених пунктів Березнегуватської громади було пошкоджено об'єкти торгівлі", "date": "2022-10-14", "timestamp": 1665705600000.0, "accuracy": 0}, "geometry": {"type": "Point", "coordinates": [32.82835995, "47.22098469"]}}, {"type": "Feature", "properties": {"sheet_name": "admin_buildings", "description": "Під час обстрілів одного з населених пунктів Березнегуватської громади було пошкоджено адміністративні будівлі", "date": "2022-10-14", "timestamp": 1665705600000.0, "accuracy": 0}, "geometry": {"type": "Point", "coordinates": [32.82759711, "47.22268645"]}}, {"type": "Feature", "properties": {"sheet_name": "houses", "description": "Обстрілів зазнала Широківська громада. Внаслідок чого зафіксовано значні пошкодження трьох будинків", "date": "2022-10-15", "timestamp": 1665792000000.0, "accuracy": 0}, "geometry": {"type": "Point", "coordinates": [32.66278801, "47.14699562"]}}, {"type": "Feature", "properties": {"sheet_name": "factories", "description": "Обстрілів зазнала Широківська громада. Внаслідок чого зафіксовано значні пошкодження господарських споруд", "date": "2022-10-15", "timestamp": 1665792000000.0, "accuracy": 0}, "geometry": {"type": "Point", "coordinates": [32.6562756, "47.15209955"]}}, {"type": "Feature", "properties": {"sheet_name": "admin_buildings", "description": "Під час ворожих обстрілів Воскресенської громади. Пошкоджено адміністративну будівлю залізничної станції", "date": "2022-10-15", "timestamp": 1665792000000.0, "accuracy": 0}, "geometry": {"type": "Point", "coordinates": [32.21809205, "47.03405713"]}}, {"type": "Feature", "properties": {"sheet_name": "houses", "description": "Під час ворожих обстрілів Воскресенської громади. Пошкоджено житловий будинок", "date": "2022-10-15", "timestamp": 1665792000000.0, "accuracy": 0}, "geometry": {"type": "Point", "coordinates": [32.18408769, "47.04435839"]}}, {"type": "Feature", "properties": {"sheet_name": "injured", "description": "Під час ворожих обстрілів Воскресенської громади зазнала поранень одна людина.", "date": "2022-10-15", "timestamp": 1665792000000.0, "accuracy": 0}, "geometry": {"type": "Point", "coordinates": [32.17824048, "47.04516991"]}}, {"type": "Feature", "properties": {"sheet_name": "civil_infrastructure", "description": "Внаслідок артобстрілу населеного пункту Первомайської громади пошкоджено об’єкт соціальної інфраструктури", "date": "2022-10-16", "timestamp": 1665878400000.0, "accuracy": 0}, "geometry": {"type": "Point", "coordinates": [32.46654875, "47.00658232"]}}, {"type": "Feature", "properties": {"sheet_name": "factories", "description": "Ворог атакував місто дронами-камікадзе «Shahed-136». Три дрони влучили в об’єкти промислової інфраструктури та фармацевтичний склад", "date": "2022-10-16", "timestamp": 1665878400000.0, "accuracy": 0}, "geometry": {"type": "Point", "coordinates": [32.07560234, "46.96091694"]}}, {"type": "Feature", "properties": {"sheet_name": "factories", "description": "Були обстріли між двома населеними пунктами Березнегуватської громади. Влучання по сільськогосподарському підприємству", "date": "2022-10-17", "timestamp": 1665964800000.0, "accuracy": 0}, "geometry": {"type": "Point", "coordinates": [32.82372798, "47.21656717"]}}, {"type": "Feature", "properties": {"sheet_name": "factories", "description": "Під обстріл потрапив населений пункт Широківської громади. Зафіксовано влучання по сільгосппідприємству", "date": "2022-10-17", "timestamp": 1665964800000.0, "accuracy": 0}, "geometry": {"type": "Point", "coordinates": [32.66171078, "47.15904228"]}}, {"type": "Feature", "properties": {"sheet_name": "agri", "description": "Були обстріли за межами сіл Широківської громади. Влучання зафіксовані по сільськогосподарським угіддям", "date": "2022-10-18", "timestamp": 1666051200000.0, "accuracy": 0}, "geometry": {"type": "Point", "coordinates": [32.67355976, "47.1427742"]}}, {"type": "Feature", "properties": {"sheet_name": "houses", "description": "Обстрілів зазнав населений пункт Широківської громади. Внаслідок чого пошкоджень зазнали чотири житлові будинки", "date": "2022-10-18", "timestamp": 1666051200000.0, "accuracy": 0}, "geometry": {"type": "Point", "coordinates": [32.66759452, "47.1391673"]}}, {"type": "Feature", "properties": {"sheet_name": "civil_infrastructure", "description": "Обстрілів зазнав населений пункт Широківської громади. Внаслідок чого пошкоджень зазнали будинок культури та дитячий майданчик", "date": "2022-10-18", "timestamp": 1666051200000.0, "accuracy": 0}, "geometry": {"type": "Point", "coordinates": [32.66454753, "47.15081176"]}}, {"type": "Feature", "properties": {"sheet_name": "houses", "description": "Миколаїв зазнав масованого ракетного обстрілу зенітно-ракетними системи С-300. Внаслідок обстрілу сталося руйнування двоповерхового житлового будинку. Також у Центральному районі міста пошкоджень зазнали багатоповерхові житлові будинки.", "date": "2022-10-18", "timestamp": 1666051200000.0, "accuracy": 0}, "geometry": {"type": "Point", "coordinates": [31.99235027, "46.97339294"]}}, {"type": "Feature", "properties": {"sheet_name": "killed", "description": "Миколаїв зазнав масованого ракетного обстрілу зенітно-ракетними системи С-300. З-під завалів рятувальники дістали тіло чоловіка.", "date": "2022-10-18", "timestamp": 1666051200000.0, "accuracy": 0}, "geometry": {"type": "Point", "coordinates": [31.99216787, "46.97304704"]}}, {"type": "Feature", "properties": {"sheet_name": "civil_infrastructure", "description": "Миколаїв зазнав масованого ракетного обстрілу зенітно-ракетними системи С-300. Пошкоджень зазнав сквер.", "date": "2022-10-18", "timestamp": 1666051200000.0, "accuracy": 1}, "geometry": {"type": "Point", "coordinates": [31.9921327, "46.97259913"]}}, {"type": "Feature", "properties": {"sheet_name": "factories", "description": "Миколаїв зазнав масованого ракетного обстрілу зенітно-ракетними системи С-300. Пошкоджень зазнали торгові павільйони", "date": "2022-10-18", "timestamp": 1666051200000.0, "accuracy": 1}, "geometry": {"type": "Point", "coordinates": [31.99204419, "46.97300909"]}}, {"type": "Feature", "properties": {"sheet_name": "critical_infrastracture", "description": "Миколаїв зазнав масованого ракетного обстрілу зенітно-ракетними системи С-300. Після обстрілів місто залишилося без світла.", "date": "2022-10-18", "timestamp": 1666051200000.0, "accuracy": 0}, "geometry": {"type": "Point", "coordinates": [31.99097667, "46.97274005"]}}, {"type": "Feature", "properties": {"sheet_name": "critical_infrastracture", "description": "Внаслідок ворожого удару по території Ольшанської громади пошкоджено критичну інфраструктуру", "date": "2022-10-18", "timestamp": 1666051200000.0, "accuracy": 0}, "geometry": {"type": "Point", "coordinates": [31.79619301, "47.18542554"]}}, {"type": "Feature", "properties": {"sheet_name": "houses", "description": "Були обстріли Широківської громади, внаслідок чого один будинок зруйновано та ще один пошкоджено", "date": "2022-10-19", "timestamp": 1666137600000.0, "accuracy": 0}, "geometry": {"type": "Point", "coordinates": [32.66560969, "47.13390156"]}}, {"type": "Feature", "properties": {"sheet_name": "critical_infrastracture", "description": "Внаслідок ворожого ракетного обстрілу Мішково-Погорілівської громади пошкоджено інфраструктуру", "date": "2022-10-20", "timestamp": 1666224000000.0, "accuracy": 0}, "geometry": {"type": "Point", "coordinates": [32.06844851, "47.00978289"]}}, {"type": "Feature", "properties": {"sheet_name": "schools", "description": "Ворог атакував Миколаїв ударними безпілотниками-камікадзе «Shahed-136». Чотири дрони поцілили в один з навчальних закладів міста", "date": "2022-10-20", "timestamp": 1666224000000.0, "accuracy": 0}, "geometry": {"type": "Point", "coordinates": [31.99442827, "46.98817507"]}}, {"type": "Feature", "properties": {"sheet_name": "factories", "description": "Ворог завдавав ударів з міномету в напрямку Очаківського порту", "date": "2022-10-20", "timestamp": 1666224000000.0, "accuracy": 0}, "geometry": {"type": "Point", "coordinates": [31.60302688, "46.61631841"]}}, {"type": "Feature", "properties": {"sheet_name": "critical_infrastracture", "description": "Внаслідок ворожих обстрілів одного з населених пунктів Галицинівської громади пошкоджено електромережу, газопровід", "date": "2022-10-22", "timestamp": 1666396800000.0, "accuracy": 0}, "geometry": {"type": "Point", "coordinates": [31.97985159, "46.80102288"]}}, {"type": "Feature", "properties": {"sheet_name": "killed", "description": "Внаслідок ворожих обстрілів одного з населених пунктів Галицинівської громади загинула одна людина", "date": "2022-10-22", "timestamp": 1666396800000.0, "accuracy": 0}, "geometry": {"type": "Point", "coordinates": [31.9797443, "46.80320776"]}}, {"type": "Feature", "properties": {"sheet_name": "houses", "description": "Внаслідок ворожих обстрілів одного з населених пунктів Галицинівської громади виникла пожежа житлового будинку", "date": "2022-10-22", "timestamp": 1666396800000.0, "accuracy": 0}, "geometry": {"type": "Point", "coordinates": [31.97836028, "46.8031233"]}}, {"type": "Feature", "properties": {"sheet_name": "injured", "description": "Внаслідок ворожих обстрілів одного з населених пунктів Галицинівської громади одна зазнала осколкових поранень", "date": "2022-10-22", "timestamp": 1666396800000.0, "accuracy": 0}, "geometry": {"type": "Point", "coordinates": [31.97803842, "46.80333627"]}}, {"type": "Feature", "properties": {"sheet_name": "critical_infrastracture", "description": "Внаслідок ракетного обстрілу Синюхинобрідської громади пошкоджено об’єкт критичної інфраструктури", "date": "2022-10-22", "timestamp": 1666396800000.0, "accuracy": 0}, "geometry": {"type": "Point", "coordinates": [30.80616813, "48.13981669"]}}, {"type": "Feature", "properties": {"sheet_name": "houses", "description": "Обстрілів зазнала Широківська громада, внаслідок чого один будинок зруйновано та три пошкоджено", "date": "2022-10-23", "timestamp": 1666483200000.0, "accuracy": 0}, "geometry": {"type": "Point", "coordinates": [32.66861376, "47.14540487"]}}, {"type": "Feature", "properties": {"sheet_name": "critical_infrastracture", "description": "По Шевченківській громаді завдано удар трьома дронами-камікадзе «Shahed-136». Внаслідок чого пошкоджено об’єкт інфраструктури", "date": "2022-10-23", "timestamp": 1666483200000.0, "accuracy": 0}, "geometry": {"type": "Point", "coordinates": [32.29077601, "46.89240898"]}}, {"type": "Feature", "properties": {"sheet_name": "injured", "description": "Миколаїв зазнав ворожого обстрілу ракетами типу С-300. Три людини отримали поранення. Також ще одну людину госпіталізовано", "date": "2022-10-23", "timestamp": 1666483200000.0, "accuracy": 1}, "geometry": {"type": "Point", "coordinates": [32.00943013, "46.86007391"]}}, {"type": "Feature", "properties": {"sheet_name": "houses", "description": "Миколаїв зазнав ворожого обстрілу ракетами типу С-300. Одна з ракет влучила у п’ятиповерховий житловий будинок, повністю зруйнувавши квартиру на п’ятому поверсі. Також пошкоджень зазнав сусідній 10-поверховий житловий будинок", "date": "2022-10-23", "timestamp": 1666483200000.0, "accuracy": 1}, "geometry": {"type": "Point", "coordinates": [32.0088776, "46.86028666"]}}, {"type": "Feature", "properties": {"sheet_name": "civil_infrastructure", "description": "Миколаїв зазнав ворожого обстрілу ракетами типу С-300. Пошкоджено теплотрасу, дитячий майданчик", "date": "2022-10-23", "timestamp": 1666483200000.0, "accuracy": 0}, "geometry": {"type": "Point", "coordinates": [32.00835506, "46.86025149"]}}, {"type": "Feature", "properties": {"sheet_name": "injured", "description": "Ворог завдав ракетного обстрілу по Галицинівській громаді. Внаслідок чого поранення отримали дві людини", "date": "2022-10-23", "timestamp": 1666483200000.0, "accuracy": 0}, "geometry": {"type": "Point", "coordinates": [31.97742411, "46.80640468"]}}, {"type": "Feature", "properties": {"sheet_name": "critical_infrastracture", "description": "Внаслідок обстрілів Ольшанської громади пошкоджено об’єкт критичної інфраструктури", "date": "2022-10-23", "timestamp": 1666483200000.0, "accuracy": 0}, "geometry": {"type": "Point", "coordinates": [31.75212616, "47.1626507"]}}, {"type": "Feature", "properties": {"sheet_name": "houses", "description": "Ворожих ударів зазнав населений пункт Широківської громади. Внаслідок обстрілу пошкоджено житловий будинок (вибито вікна, уламками посічено дах)", "date": "2022-10-24", "timestamp": 1666569600000.0, "accuracy": 0}, "geometry": {"type": "Point", "coordinates": [32.66426858, "47.14789131"]}}, {"type": "Feature", "properties": {"sheet_name": "schools", "description": "Ворожих ударів зазнав населений пункт Широківської громади. Влучання було у дитячий садок", "date": "2022-10-24", "timestamp": 1666569600000.0, "accuracy": 0}, "geometry": {"type": "Point", "coordinates": [32.66287384, "47.14795333"]}}, {"type": "Feature", "properties": {"sheet_name": "schools", "description": "Зафіксовано обстріли Баштанської громади, внаслідок чого пошкоджено навчальний заклад", "date": "2022-10-24", "timestamp": 1666569600000.0, "accuracy": 0}, "geometry": {"type": "Point", "coordinates": [32.55148248, "47.38796393"]}}, {"type": "Feature", "properties": {"sheet_name": "houses", "description": "Зафіксовано обстріли Баштанської громади, внаслідок чого пошкоджено три приватних будинки", "date": "2022-10-24", "timestamp": 1666569600000.0, "accuracy": 0}, "geometry": {"type": "Point", "coordinates": [32.55118208, "47.39099283"]}}, {"type": "Feature", "properties": {"sheet_name": "critical_infrastracture", "description": "Зафіксовано обстріли Баштанської громади, внаслідок чого пошкоджено лінію електропередач", "date": "2022-10-24", "timestamp": 1666569600000.0, "accuracy": 0}, "geometry": {"type": "Point", "coordinates": [32.55112383, "47.39257488"]}}, {"type": "Feature", "properties": {"sheet_name": "critical_infrastracture", "description": "Ворог завдавав удари по Первомайській громаді. Влучання були по двох інфраструктурних об'єктах", "date": "2022-10-25", "timestamp": 1666656000000.0, "accuracy": 0}, "geometry": {"type": "Point", "coordinates": [32.47045174, "47.0049648"]}}, {"type": "Feature", "properties": {"sheet_name": "critical_infrastracture", "description": "Добу під ворожими обстрілами перебувала Шевченківська громада, обстрілів зазнали п’ять населених пунктів громади. Внаслідок артилерійських ударів пошкоджено інфраструктуру", "date": "2022-10-26", "timestamp": 1666742400000.0, "accuracy": 0}, "geometry": {"type": "Point", "coordinates": [32.29117298, "46.8911919"]}}, {"type": "Feature", "properties": {"sheet_name": "houses", "description": "Обстрілів зазнав населений пункт Широківської громади. Внаслідок чого зруйновано два житлові будинки, ще три – пошкоджено", "date": "2022-10-28", "timestamp": 1666915200000.0, "accuracy": 0}, "geometry": {"type": "Point", "coordinates": [32.66618905, "47.15487568"]}}, {"type": "Feature", "properties": {"sheet_name": "admin_buildings", "description": "Миколаїв зазнав обстрілів із зенітно-ракетного комплексу С-300. Внаслідок ракетного удару зруйновано трьохповерхову адміністративну будівлю", "date": "2022-10-28", "timestamp": 1666915200000.0, "accuracy": 1}, "geometry": {"type": "Point", "coordinates": [32.02821096, "46.95457426"]}}, {"type": "Feature", "properties": {"sheet_name": "civil_infrastructure", "description": "Миколаїв зазнав обстрілів із зенітно-ракетного комплексу С-300. Пошкоджень зазнала хлібопекарня", "date": "2022-10-28", "timestamp": 1666915200000.0, "accuracy": 0}, "geometry": {"type": "Point", "coordinates": [32.02780639, "46.95343731"]}}, {"type": "Feature", "properties": {"sheet_name": "injured", "description": "Миколаїв зазнав обстрілів із зенітно-ракетного комплексу С-300. Одна людина отримала легкі поранення", "date": "2022-10-28", "timestamp": 1666915200000.0, "accuracy": 0}, "geometry": {"type": "Point", "coordinates": [32.02780249, "46.95321897"]}}, {"type": "Feature", "properties": {"sheet_name": "critical_infrastracture", "description": "Ворог обстріляв населений пункт Галицинівської громади. Також пошкоджено лінію електропередач", "date": "2022-10-28", "timestamp": 1666915200000.0, "accuracy": 0}, "geometry": {"type": "Point", "coordinates": [31.95648142, "46.79574818"]}}, {"type": "Feature", "properties": {"sheet_name": "injured", "description": "Ворог обстріляв населений пункт Галицинівської громади. Внаслідок чого чотири людини отримали поранення.", "date": "2022-10-28", "timestamp": 1666915200000.0, "accuracy": 0}, "geometry": {"type": "Point", "coordinates": [31.94809147, "46.79640188"]}}, {"type": "Feature", "properties": {"sheet_name": "factories", "description": "Внаслідок ворожих обстрілів Мішково-Погорілівської громади пошкоджено споруду сільгосппідприємства", "date": "2022-10-29", "timestamp": 1667001600000.0, "accuracy": 0}, "geometry": {"type": "Point", "coordinates": [32.04852507, "47.01615083"]}}, {"type": "Feature", "properties": {"sheet_name": "houses", "description": "Внаслідок обстрілів Галицинівської громади пошкоджено три житлових будинки", "date": "2022-10-29", "timestamp": 1667001600000.0, "accuracy": 0}, "geometry": {"type": "Point", "coordinates": [31.95397087, "46.81078858"]}}, {"type": "Feature", "properties": {"sheet_name": "houses", "description": "Обстрілів зазнала Широківська громада. Внаслідок чого зруйновано один житловий будинок, два будинки зазнали пошкоджень", "date": "2022-10-30", "timestamp": 1667088000000.0, "accuracy": 0}, "geometry": {"type": "Point", "coordinates": [32.66589937, "47.15673608"]}}, {"type": "Feature", "properties": {"sheet_name": "houses", "description": "Внаслідок обстрілів Очаківської громади пошкоджено житлові будинки", "date": "2022-10-30", "timestamp": 1667088000000.0, "accuracy": 0}, "geometry": {"type": "Point", "coordinates": [31.56389173, "46.6265802"]}}, {"type": "Feature", "properties": {"sheet_name": "houses", "description": "Обстрілів зазнав населений пункт Широківської громади. Внаслідок чого пошкоджено один житловий будинок", "date": "2022-10-31", "timestamp": 1667174400000.0, "accuracy": 0}, "geometry": {"type": "Point", "coordinates": [32.66592236, "47.13353713"]}}, {"type": "Feature", "properties": {"sheet_name": "houses", "description": "Обстрілів зазнала Широківська громада. Внаслідок чого зруйновано один будинок, пошкоджено один будинок", "date": "2022-10-31", "timestamp": 1667174400000.0, "accuracy": 0}, "geometry": {"type": "Point", "coordinates": [32.66568632, "47.1342451"]}}, {"type": "Feature", "properties": {"sheet_name": "critical_infrastracture", "description": "Обстрілів зазнала Широківська громада. Внаслідок чого пошкоджено лінію електропередач", "date": "2022-10-31", "timestamp": 1667174400000.0, "accuracy": 0}, "geometry": {"type": "Point", "coordinates": [32.66523219, "47.13237673"]}}, {"type": "Feature", "properties": {"sheet_name": "factories", "description": "Ворог завдавав удари по Первомайській громаді. Влучання зафіксовано в об’єкт промислової інфраструктури", "date": "2022-10-31", "timestamp": 1667174400000.0, "accuracy": 0}, "geometry": {"type": "Point", "coordinates": [32.48005685, "46.9970314"]}}, {"type": "Feature", "properties": {"sheet_name": "houses", "description": "Внаслідок влучання боєприпасів та їх уламків загорівся будинок в Широківській громаді.", "date": "2022-11-1", "timestamp": 1667260800000.0, "accuracy": 0}, "geometry": {"type": "Point", "coordinates": [32.66608353, "47.13481192"]}}, {"type": "Feature", "properties": {"sheet_name": "houses", "description": "Пошкоджено житловий будинок у населеному пункті Первомайської громади.", "date": "2022-11-1", "timestamp": 1667260800000.0, "accuracy": 0}, "geometry": {"type": "Point", "coordinates": [32.46513522, "46.998607"]}}, {"type": "Feature", "properties": {"sheet_name": "factories", "description": "Удар по сільськогосподарському підприємству Шевченківської громади.", "date": "2022-11-1", "timestamp": 1667260800000.0, "accuracy": 0}, "geometry": {"type": "Point", "coordinates": [32.28463284, "46.89278265"]}}, {"type": "Feature", "properties": {"sheet_name": "hospitals", "description": "Через удар по Миколаєву ракетами С-300 у медичному закладі вибуховою хвилею та уламками вибило OSB-плити.", "date": "2022-11-1", "timestamp": 1667260800000.0, "accuracy": 0}, "geometry": {"type": "Point", "coordinates": [31.98733115, "46.9773371"]}}, {"type": "Feature", "properties": {"sheet_name": "schools", "description": "Через удар по Миколаєву чотирма ракетами С-300 сталося часткове руйнування будівель навчальних закладів.", "date": "2022-11-1", "timestamp": 1667260800000.0, "accuracy": 1}, "geometry": {"type": "Point", "coordinates": [31.9858655, "46.97710772"]}}, {"type": "Feature", "properties": {"sheet_name": "houses", "description": "Через удар по Миколаєву чотирма ракетами С-300 повністю зруйновано двоповерховий будинок, пошкоджено приватні будинки, виникла пожежа п‘ятиповерхового житлового будинку. ", "date": "2022-11-1", "timestamp": 1667260800000.0, "accuracy": 0}, "geometry": {"type": "Point", "coordinates": [31.985474, "46.97722712"]}}, {"type": "Feature", "properties": {"sheet_name": "killed", "description": "Через удар по Миколаєву ракетами С-300 загинула одна людина.", "date": "2022-11-1", "timestamp": 1667260800000.0, "accuracy": 0}, "geometry": {"type": "Point", "coordinates": [31.98022081, "46.97818054"]}}, {"type": "Feature", "properties": {"sheet_name": "injured", "description": "Внаслідок обстрілу Галицинівської громади касетними снарядами одна людина отримала поранення.", "date": "2022-11-1", "timestamp": 1667260800000.0, "accuracy": 0}, "geometry": {"type": "Point", "coordinates": [31.95554329, "46.79756153"]}}, {"type": "Feature", "properties": {"sheet_name": "houses", "description": "Через обстріли Широківської громади зруйновано один житловий будинок.", "date": "2022-11-2", "timestamp": 1667347200000.0, "accuracy": 0}, "geometry": {"type": "Point", "coordinates": [32.66559524, "47.13320762"]}}, {"type": "Feature", "properties": {"sheet_name": "factories", "description": "Внаслідок артилерійського обстрілу Шевченківської громади пошкоджено будівлю сільськогосподарського підприємства.", "date": "2022-11-2", "timestamp": 1667347200000.0, "accuracy": 0}, "geometry": {"type": "Point", "coordinates": [32.29108659, "46.89816537"]}}, {"type": "Feature", "properties": {"sheet_name": "critical_infrastracture", "description": "Внаслідок артилерійського обстрілу Шевченківської громади пошкоджено трансформаторну підстанцію, водонапірну башту, електроопори.", "date": "2022-11-2", "timestamp": 1667347200000.0, "accuracy": 0}, "geometry": {"type": "Point", "coordinates": [32.29052421, "46.89421484"]}}, {"type": "Feature", "properties": {"sheet_name": "houses", "description": "Ворог обстріляв Первомайську громаду, внаслідок чого пошкоджено два житлових будинки. ", "date": "2022-11-3", "timestamp": 1667433600000.0, "accuracy": 0}, "geometry": {"type": "Point", "coordinates": [32.45606457, "46.99549552"]}}, {"type": "Feature", "properties": {"sheet_name": "admin_buildings", "description": "Через обстріл Миколаєва ракетами С-300 пошкоджено адміністративну будівлю.", "date": "2022-11-3", "timestamp": 1667433600000.0, "accuracy": 1}, "geometry": {"type": "Point", "coordinates": [32.02204389, "46.85828413"]}}, {"type": "Feature", "properties": {"sheet_name": "factories", "description": "Через обстріл Миколаєва ракетами С-300 зруйновано складське приміщення, виникла пожежа ще одного складського приміщення.", "date": "2022-11-3", "timestamp": 1667433600000.0, "accuracy": 0}, "geometry": {"type": "Point", "coordinates": [32.0218721, "46.85882966"]}}, {"type": "Feature", "properties": {"sheet_name": "houses", "description": "Через обстріли Широківської громади пошкоджено три будинки.", "date": "2022-11-5", "timestamp": 1667606400000.0, "accuracy": 0}, "geometry": {"type": "Point", "coordinates": [32.66230521, "47.14463138"]}}, {"type": "Feature", "properties": {"sheet_name": "factories", "description": "Через обстріли Широківської громади пошкоджено адмінбудівлю сільськогосподарського підприємства.", "date": "2022-11-5", "timestamp": 1667606400000.0, "accuracy": 0}, "geometry": {"type": "Point", "coordinates": [32.66032037, "47.144303"]}}, {"type": "Feature", "properties": {"sheet_name": "factories", "description": "В Галицинівській громаді влучання в об’єкт промислової інфраструктури.", "date": "2022-11-6", "timestamp": 1667692800000.0, "accuracy": 0}, "geometry": {"type": "Point", "coordinates": [31.94800363, "46.77456697"]}}, {"type": "Feature", "properties": {"sheet_name": "culture", "description": "В Широківські громаді через обстріл пошкоджено будинок культури.", "date": "2022-11-7", "timestamp": 1667779200000.0, "accuracy": 0}, "geometry": {"type": "Point", "coordinates": [32.66370164, "47.14989964"]}}, {"type": "Feature", "properties": {"sheet_name": "schools", "description": "В Широківські громаді через обстріл пошкоджено заклад освіти.", "date": "2022-11-7", "timestamp": 1667779200000.0, "accuracy": 0}, "geometry": {"type": "Point", "coordinates": [32.66318453, "47.14905426"]}}, {"type": "Feature", "properties": {"sheet_name": "factories", "description": "У Первомайській громаді були влучання по об’єкту промислової інфраструктури.", "date": "2022-11-7", "timestamp": 1667779200000.0, "accuracy": 0}, "geometry": {"type": "Point", "coordinates": [32.48185228, "46.99696006"]}}, {"type": "Feature", "properties": {"sheet_name": "injured", "description": "Внаслідок обстрілу Шевченківської громади поранення отримала одна людина.", "date": "2022-11-7", "timestamp": 1667779200000.0, "accuracy": 0}, "geometry": {"type": "Point", "coordinates": [32.28781711, "46.89084378"]}}, {"type": "Feature", "properties": {"sheet_name": "critical_infrastracture", "description": "Внаслідок обстрілу Шевченківської громади пошкоджено газопровід.", "date": "2022-11-7", "timestamp": 1667779200000.0, "accuracy": 0}, "geometry": {"type": "Point", "coordinates": [32.28455117, "46.89395437"]}}, {"type": "Feature", "properties": {"sheet_name": "critical_infrastracture", "description": "Через обстріли Галицинівської громади пошкоджено об’єкт інфраструктури.", "date": "2022-11-7", "timestamp": 1667779200000.0, "accuracy": 0}, "geometry": {"type": "Point", "coordinates": [31.9589619, "46.80573676"]}}, {"type": "Feature", "properties": {"sheet_name": "houses", "description": "Обстрілів зазнала Широківська громада, через що зруйновано один будинок.", "date": "2022-11-8", "timestamp": 1667865600000.0, "accuracy": 0}, "geometry": {"type": "Point", "coordinates": [32.66470247, "47.15574184"]}}, {"type": "Feature", "properties": {"sheet_name": "factories", "description": "У Шевченківській громаді були влучання по об’єкту промислової інфраструктури.", "date": "2022-11-8", "timestamp": 1667865600000.0, "accuracy": 0}, "geometry": {"type": "Point", "coordinates": [32.29089403, "46.8979002"]}}, {"type": "Feature", "properties": {"sheet_name": "factories", "description": "Миколаїв обстріляли з РСЗВ «Смерч», пошкоджено хлібозаводі і приватне підприємство.", "date": "2022-11-9", "timestamp": 1667952000000.0, "accuracy": 1}, "geometry": {"type": "Point", "coordinates": [32.06775567, "46.95097385"]}}, {"type": "Feature", "properties": {"sheet_name": "houses", "description": "Миколаїв обстріляли з РСЗВ «Смерч», пошкоджено приватний сектор.", "date": "2022-11-9", "timestamp": 1667952000000.0, "accuracy": 1}, "geometry": {"type": "Point", "coordinates": [32.06726482, "46.95128511"]}}, {"type": "Feature", "properties": {"sheet_name": "injured", "description": "Миколаїв обстріляли з РСЗВ «Смерч», осколкові поранення отримала одна людина.", "date": "2022-11-9", "timestamp": 1667952000000.0, "accuracy": 1}, "geometry": {"type": "Point", "coordinates": [32.06707798, "46.95099327"]}}, {"type": "Feature", "properties": {"sheet_name": "factories", "description": "На території Мішково-Погорілівської громади було влучання по об’єкту промислової інфраструктури.", "date": "2022-11-10", "timestamp": 1668038400000.0, "accuracy": 0}, "geometry": {"type": "Point", "coordinates": [32.13928112, "46.99013924"]}}, {"type": "Feature", "properties": {"sheet_name": "injured", "description": "Ракета С-300 влучила в п’ятиповерховий житловий будинок в Миколаєві, поранений 1 мирний житель.", "date": "2022-11-11", "timestamp": 1668124800000.0, "accuracy": 1}, "geometry": {"type": "Point", "coordinates": [32.06125353, "46.94068038"]}}, {"type": "Feature", "properties": {"sheet_name": "houses", "description": "Ракета С-300 влучила в п’ятиповерховий житловий будинок в Миколаєві, внаслідок чого зруйновано всі п'ять поверхів одного з під'їздів. ", "date": "2022-11-11", "timestamp": 1668124800000.0, "accuracy": 1}, "geometry": {"type": "Point", "coordinates": [32.06121526, "46.94114642"]}}, {"type": "Feature", "properties": {"sheet_name": "killed", "description": "Ракета С-300 влучила в п’ятиповерховий житловий будинок в Миколаєві, внаслідок цього загинуло 7 мирних жителів. ", "date": "2022-11-11", "timestamp": 1668124800000.0, "accuracy": 1}, "geometry": {"type": "Point", "coordinates": [32.06087077, "46.94094171"]}}, {"type": "Feature", "properties": {"sheet_name": "houses", "description": "Через обстріли Очаківської громади з РСЗВ пошкоджено житлові будинки, серед них – один багатоповерховий. ", "date": "2022-11-25", "timestamp": 1669334400000.0, "accuracy": 0}, "geometry": {"type": "Point", "coordinates": [31.54746231, "46.62429803"]}}, {"type": "Feature", "properties": {"sheet_name": "injured", "description": "Через обстріли Очаківської громади з РСЗВ одна людина отримала контузію.", "date": "2022-11-25", "timestamp": 1669334400000.0, "accuracy": 0}, "geometry": {"type": "Point", "coordinates": [31.54614266, "46.62208748"]}}, {"type": "Feature", "properties": {"sheet_name": "houses", "description": "Через ракетний обстріл Ольшанської громади пошкоджено житлові та господарські будівлі.", "date": "2022-12-5", "timestamp": 1670198400000.0, "accuracy": 0}, "geometry": {"type": "Point", "coordinates": [31.80926073, "47.18391615"]}}, {"type": "Feature", "properties": {"sheet_name": "admin_buildings", "description": "Через ракетний обстріл Ольшанської громади пошкоджено адміністративну будівлю.", "date": "2022-12-5", "timestamp": 1670198400000.0, "accuracy": 0}, "geometry": {"type": "Point", "coordinates": [31.78954113, "47.18535262"]}}, {"type": "Feature", "properties": {"sheet_name": "factories", "description": "Удари ракетами С-300 по територіях транспортних підприємств у Миколаєві, пошкоджень зазнала техніка. ", "date": "2022-12-7", "timestamp": 1670371200000.0, "accuracy": 0}, "geometry": {"type": "Point", "coordinates": [32.03506557, "46.94720248"]}}, {"type": "Feature", "properties": {"sheet_name": "critical_infrastracture", "description": "Через артилерійський удар в Куцурубській громаді пошкоджено об’єкт інфраструктури.", "date": "2022-12-8", "timestamp": 1670457600000.0, "accuracy": 0}, "geometry": {"type": "Point", "coordinates": [31.65583113, "46.65243935"]}}, {"type": "Feature", "properties": {"sheet_name": "critical_infrastracture", "description": "Через артилерійські удари по Очаківській громаді пошкоджено об’єкт інфраструктури.", "date": "2022-12-8", "timestamp": 1670457600000.0, "accuracy": 0}, "geometry": {"type": "Point", "coordinates": [31.53224166, "46.63037092"]}}, {"type": "Feature", "properties": {"sheet_name": "houses", "description": "Через артилерійські удари по Очакову пошкоджено житлові будинки, серед них – один багатоповерховий. ", "date": "2022-12-8", "timestamp": 1670457600000.0, "accuracy": 0}, "geometry": {"type": "Point", "coordinates": [31.52964528, "46.62652125"]}}, {"type": "Feature", "properties": {"sheet_name": "civil_infrastructure", "description": "Внаслідок обстрілу одного з сіл Куцурубської громади пошкоджено об’єкт соціальної інфраструктури.", "date": "2022-12-11", "timestamp": 1670716800000.0, "accuracy": 0}, "geometry": {"type": "Point", "coordinates": [31.61804416, "46.65201593"]}}, {"type": "Feature", "properties": {"sheet_name": "houses", "description": "Внаслідок обстрілу одного з сіл Куцурубської громади пошкоджено житлові будинки.", "date": "2022-12-11", "timestamp": 1670716800000.0, "accuracy": 0}, "geometry": {"type": "Point", "coordinates": [31.61744335, "46.65125001"]}}, {"type": "Feature", "properties": {"sheet_name": "houses", "description": "Внаслідок обстрілу одного з сіл Куцурубської громади зруйновано господарське приміщення.", "date": "2022-12-11", "timestamp": 1670716800000.0, "accuracy": 0}, "geometry": {"type": "Point", "coordinates": [31.59775468, "46.65104168"]}}, {"type": "Feature", "properties": {"sheet_name": "injured", "description": "Через удари по населеному пункту Очаківської громади отримала поранення одна людина.", "date": "2022-12-12", "timestamp": 1670803200000.0, "accuracy": 0}, "geometry": {"type": "Point", "coordinates": [31.53495527, "46.61153114"]}}, {"type": "Feature", "properties": {"sheet_name": "houses", "description": "Через удари по населеному пункту Очаківської громади пошкоджено та зруйновано житлові будинки.", "date": "2022-12-12", "timestamp": 1670803200000.0, "accuracy": 0}, "geometry": {"type": "Point", "coordinates": [31.53480507, "46.61215759"]}}, {"type": "Feature", "properties": {"sheet_name": "critical_infrastracture", "description": "Через масовані артилерійські удари в Очаківській громаді зруйновано та пошкоджено об’єкти інфраструктури.", "date": "2022-12-14", "timestamp": 1670976000000.0, "accuracy": 0}, "geometry": {"type": "Point", "coordinates": [31.55082322, "46.60955592"]}}, {"type": "Feature", "properties": {"sheet_name": "critical_infrastracture", "description": "Через артобстріл в Чорноморській громаді пошкоджено об’єкт інфраструктури.", "date": "2022-12-15", "timestamp": 1671062400000.0, "accuracy": 0}, "geometry": {"type": "Point", "coordinates": [31.48487888, "46.62717558"]}}, {"type": "Feature", "properties": {"sheet_name": "injured", "description": "В Очакові через обстріл зазнали поранень три людини, серед яких 10-річний хлопчик. ", "date": "2022-12-21", "timestamp": 1671580800000.0, "accuracy": 0}, "geometry": {"type": "Point", "coordinates": [31.56372623, "46.62684095"]}}, {"type": "Feature", "properties": {"sheet_name": "houses", "description": "В Очакові через обстріл пошкоджено 16 житлових будинків.", "date": "2022-12-21", "timestamp": 1671580800000.0, "accuracy": 0}, "geometry": {"type": "Point", "coordinates": [31.56265715, "46.62580658"]}}, {"type": "Feature", "properties": {"sheet_name": "houses", "description": "В Очакові через обстріл пошкоджено житлові будинки.", "date": "2022-12-22", "timestamp": 1671667200000.0, "accuracy": 0}, "geometry": {"type": "Point", "coordinates": [31.55975113, "46.62492634"]}}, {"type": "Feature", "properties": {"sheet_name": "critical_infrastracture", "description": "Через ракетний обстріл Воскресенської громади пошкоджено об'єкт інфраструктури.", "date": "2022-12-29", "timestamp": 1672272000000.0, "accuracy": 0}, "geometry": {"type": "Point", "coordinates": [32.14852515, "47.01715046"]}}, {"type": "Feature", "properties": {"sheet_name": "houses", "description": "Через ракетний обстріл Воскресенської громади пошкоджено житлові будинки.", "date": "2022-12-29", "timestamp": 1672272000000.0, "accuracy": 0}, "geometry": {"type": "Point", "coordinates": [32.1454567, "47.01744305"]}}, {"type": "Feature", "properties": {"sheet_name": "factories", "description": "Внаслідок ракетного обстрілу зруйновано складське приміщення приватного підприємства в Коблівській громаді.", "date": "2022-12-29", "timestamp": 1672272000000.0, "accuracy": 0}, "geometry": {"type": "Point", "coordinates": [31.20457232, "46.66927708"]}}, {"type": "Feature", "properties": {"sheet_name": "houses", "description": "Через обстріл Куцурубської громади пошкоджено господарські споруди.", "date": "2022-12-30", "timestamp": 1672358400000.0, "accuracy": 0}, "geometry": {"type": "Point", "coordinates": [31.62403681, "46.65954099"]}}, {"type": "Feature", "properties": {"sheet_name": "houses", "description": "Через обстріл Куцурубської громади пошкоджено житлові будинки.", "date": "2022-12-30", "timestamp": 1672358400000.0, "accuracy": 0}, "geometry": {"type": "Point", "coordinates": [31.61872604, "46.65835544"]}}, {"type": "Feature", "properties": {"sheet_name": "injured", "description": "Через ракетний обстріл Миколаєва постраждало семеро людей.", "date": "2022-12-31", "timestamp": 1672444800000.0, "accuracy": 0}, "geometry": {"type": "Point", "coordinates": [32.02349571, "46.87686399"]}}, {"type": "Feature", "properties": {"sheet_name": "houses", "description": "Через ракетний обстріл Миколаєва зруйновано два житлові будинки, пошкоджено ще 12 будинків.", "date": "2022-12-31", "timestamp": 1672444800000.0, "accuracy": 1}, "geometry": {"type": "Point", "coordinates": [32.02318665, "46.87668849"]}}, {"type": "Feature", "properties": {"sheet_name": "schools", "description": "Через ракетний обстріл Миколаєва пошкоджено три навчальні заклади.", "date": "2022-12-31", "timestamp": 1672444800000.0, "accuracy": 1}, "geometry": {"type": "Point", "coordinates": [32.0041274, "46.85492634"]}}, {"type": "Feature", "properties": {"sheet_name": "civil_infrastructure", "description": "Через ракетний обстріл Миколаєва сталась пожежа на території гаражного кооперативу, пошкоджено близько 20 гаражів.", "date": "2022-12-31", "timestamp": 1672444800000.0, "accuracy": 1}, "geometry": {"type": "Point", "coordinates": [32.0018137, "46.85588893"]}}, {"type": "Feature", "properties": {"sheet_name": "houses", "description": "Через обстріли Очакова частково зруйновано та пошкоджено житлові будинки, зокрема багатоповерховий.", "date": "2022-12-31", "timestamp": 1672444800000.0, "accuracy": 0}, "geometry": {"type": "Point", "coordinates": [31.54594239, "46.61123502"]}}, {"type": "Feature", "properties": {"sheet_name": "factories", "description": "Через обстріли Очакова пошкоджено підприємство.", "date": "2022-12-31", "timestamp": 1672444800000.0, "accuracy": 0}, "geometry": {"type": "Point", "coordinates": [31.54563125, "46.61195544"]}}, {"type": "Feature", "properties": {"sheet_name": "houses", "description": "Через ворожий обстріл населеного пункту Куцурубської громади пошкоджено житловий будинок.", "date": "2023-01-01", "timestamp": 1672531200000.0, "accuracy": 0}, "geometry": {"type": "Point", "coordinates": [31.6084611612899, "46.64937721309895"]}}, {"type": "Feature", "properties": {"sheet_name": "factories", "description": "Під ворожим обстрілом перебував населений пункт Очаківської громади, внаслідок чого було пошкоджено підприємство, зафіксовано чотири пожежі.", "date": "2023-01-01", "timestamp": 1672531200000.0, "accuracy": 0}, "geometry": {"type": "Point", "coordinates": [31.541176358232654, "46.62173392572223"]}}, {"type": "Feature", "properties": {"sheet_name": "houses", "description": "Під ворожим обстрілом перебував населений пункт Очаківської громади, внаслідок чого частково зруйновано та пошкоджено житлові та багатоповерховий будинки, зафіксовано чотири пожежі.", "date": "2023-01-01", "timestamp": 1672531200000.0, "accuracy": 0}, "geometry": {"type": "Point", "coordinates": [31.540617372285343, "46.621575333627234"]}}, {"type": "Feature", "properties": {"sheet_name": "critical_infrastracture", "description": "Ворог завдавав ударів по портовій зоні Очаківської громади", "date": "2023-01-01", "timestamp": 1672531200000.0, "accuracy": 0}, "geometry": {"type": "Point", "coordinates": [31.533615757072283, "46.60947746201236"]}}, {"type": "Feature", "properties": {"sheet_name": "critical_infrastracture", "description": "Ворожих обстрілів зазнали акваторія та берегова зона Очаківської громади.", "date": "2023-01-02", "timestamp": 1672617600000.0, "accuracy": 0}, "geometry": {"type": "Point", "coordinates": [31.565415804696222, "46.62409508704881"]}}, {"type": "Feature", "properties": {"sheet_name": "houses", "description": "Внаслідок ворожих обстрілів населеного пункту Куцурубської громади пошкоджено житлові будинки та господарські споруди.", "date": "2023-01-03", "timestamp": 1672704000000.0, "accuracy": 0}, "geometry": {"type": "Point", "coordinates": [31.62278377122465, "46.65029358211701"]}}, {"type": "Feature", "properties": {"sheet_name": "critical_infrastracture", "description": "Ворожі удари по береговій смузі Очаківської громади", "date": "2023-01-04", "timestamp": 1672790400000.0, "accuracy": 0}, "geometry": {"type": "Point", "coordinates": [31.54432375763609, "46.605124515886764"]}}, {"type": "Feature", "properties": {"sheet_name": "critical_infrastracture", "description": "Ворог завдавав ударів по береговій смузі Очаківської громади", "date": "2023-01-04", "timestamp": 1672790400000.0, "accuracy": 0}, "geometry": {"type": "Point", "coordinates": [31.51272887308801, "46.62061478154472"]}}, {"type": "Feature", "properties": {"sheet_name": "critical_infrastracture", "description": "Ворог завдавав артилерійських ударів по акваторії Очаківської громади.", "date": "2023-01-05", "timestamp": 1672876800000.0, "accuracy": 0}, "geometry": {"type": "Point", "coordinates": [31.55295821410693, "46.60294265711797"]}}, {"type": "Feature", "properties": {"sheet_name": "critical_infrastracture", "description": "Ворог завдавав артилерійських ударів по акваторії Очаківської громади", "date": "2023-01-05", "timestamp": 1672876800000.0, "accuracy": 0}, "geometry": {"type": "Point", "coordinates": [31.53965279905872, "46.60685980144424"]}}, {"type": "Feature", "properties": {"sheet_name": "critical_infrastracture", "description": "Ворог завдавав артилерійських ударів по акваторії Очаківської громади", "date": "2023-01-06", "timestamp": 1672963200000.0, "accuracy": 0}, "geometry": {"type": "Point", "coordinates": [31.54825930828684, "46.60081671353406"]}}, {"type": "Feature", "properties": {"sheet_name": "houses", "description": "Через артилерійські удари по одному з населених пунктів Куцурубської громади пошкоджено житлові будівлі.", "date": "2023-01-07", "timestamp": 1673049600000.0, "accuracy": 0}, "geometry": {"type": "Point", "coordinates": [31.6225030021781, "46.651522349502564"]}}, {"type": "Feature", "properties": {"sheet_name": "critical_infrastracture", "description": "Ворог завдавав артилерійських ударів по акваторії Очаківської громади.", "date": "2023-01-08", "timestamp": 1673136000000.0, "accuracy": 0}, "geometry": {"type": "Point", "coordinates": [31.584053601814688, "46.63764928580405"]}}, {"type": "Feature", "properties": {"sheet_name": "houses", "description": "Також вибуховою хвилею пошкоджено дахи та вікна у Куцурубській громаді.", "date": "2023-01-09", "timestamp": 1673222400000.0, "accuracy": 0}, "geometry": {"type": "Point", "coordinates": [31.628874444417963, "46.65170006755188"]}}, {"type": "Feature", "properties": {"sheet_name": "critical_infrastracture", "description": "Ворог завдавав ударів по береговій смузі Очаківської громади", "date": "2023-01-09", "timestamp": 1673222400000.0, "accuracy": 0}, "geometry": {"type": "Point", "coordinates": [31.565082807204654, "46.6209728860731"]}}, {"type": "Feature", "properties": {"sheet_name": "critical_infrastracture", "description": "Ворог завдавав ударів по береговій смузі Очаківської громади", "date": "2023-01-09", "timestamp": 1673222400000.0, "accuracy": 0}, "geometry": {"type": "Point", "coordinates": [31.556419224785216, "46.604899847496945"]}}, {"type": "Feature", "properties": {"sheet_name": "admin_buildings", "description": "В Очакові через обстріли вибуховою хвилею значно пошкоджені вікна та дахи понад 200 житлових будинків.", "date": "2023-01-09", "timestamp": 1673222400000.0, "accuracy": 0}, "geometry": {"type": "Point", "coordinates": [31.551129009159027, "46.61189874808628"]}}, {"type": "Feature", "properties": {"sheet_name": "houses", "description": "В Очакові через обстріли вибуховою хвилею пошкоджені адміністративні будівлі.", "date": "2023-01-09", "timestamp": 1673222400000.0, "accuracy": 1}, "geometry": {"type": "Point", "coordinates": [31.550429814461182, "46.61679318764974"]}}, {"type": "Feature", "properties": {"sheet_name": "civil_infrastructure", "description": "В Очакові через обстріли вибуховою хвилею пошкоджені об'єкти соціальної інфраструктури.", "date": "2023-01-09", "timestamp": 1673222400000.0, "accuracy": 1}, "geometry": {"type": "Point", "coordinates": [31.55016159356037, "46.61688346228593"]}}, {"type": "Feature", "properties": {"sheet_name": "injured", "description": "Через удари по Очакову постраждало 15 людей, серед них дворічна дитина.", "date": "2023-01-09", "timestamp": 1673222400000.0, "accuracy": 1}, "geometry": {"type": "Point", "coordinates": [31.54908620688196, "46.618770085185155"]}}, {"type": "Feature", "properties": {"sheet_name": "houses", "description": "Також вибуховою хвилею пошкоджено дахи та вікна у Березанській громаді.", "date": "2023-01-09", "timestamp": 1673222400000.0, "accuracy": 0}, "geometry": {"type": "Point", "coordinates": [31.545696152331423, "46.740405858858225"]}}, {"type": "Feature", "properties": {"sheet_name": "critical_infrastracture", "description": "Ворог завдавав ударів по береговій смузі Очаківської громади", "date": "2023-01-09", "timestamp": 1673222400000.0, "accuracy": 0}, "geometry": {"type": "Point", "coordinates": [31.535769658224453, "46.609674032988956"]}}, {"type": "Feature", "properties": {"sheet_name": "hospitals", "description": "В Очакові пошкоджено лікарню, є вибиті двері та шибки.", "date": "2023-01-09", "timestamp": 1673222400000.0, "accuracy": 1}, "geometry": {"type": "Point", "coordinates": [31.529999588058583, "46.622776938730674"]}}, {"type": "Feature", "properties": {"sheet_name": "critical_infrastracture", "description": "Ворог завдавав ударів по береговій смузі Очаківської громади", "date": "2023-01-09", "timestamp": 1673222400000.0, "accuracy": 0}, "geometry": {"type": "Point", "coordinates": [31.529376265039737, "46.6130173366455"]}}, {"type": "Feature", "properties": {"sheet_name": "critical_infrastracture", "description": "Обстрілів зазнала берегова смуга Очаківської громади", "date": "2023-01-09", "timestamp": 1673222400000.0, "accuracy": 0}, "geometry": {"type": "Point", "coordinates": [31.515815029011925, "46.6203348611476"]}}, {"type": "Feature", "properties": {"sheet_name": "houses", "description": "Також вибуховою хвилею пошкоджено дахи та вікна у Чорноморській громаді.", "date": "2023-01-09", "timestamp": 1673222400000.0, "accuracy": 0}, "geometry": {"type": "Point", "coordinates": [31.50364948039554, "46.64468764314264"]}}, {"type": "Feature", "properties": {"sheet_name": "critical_infrastracture", "description": "Ворог обстрілював з РСЗВ територію Куцурубської громади, випустивши понад 40 реактивних снарядів.", "date": "2023-01-10", "timestamp": 1673308800000.0, "accuracy": 0}, "geometry": {"type": "Point", "coordinates": [31.6081735439844, "46.65554276982744"]}}, {"type": "Feature", "properties": {"sheet_name": "critical_infrastracture", "description": "Обстрілів з РСЗВ зазнав Очаків.", "date": "2023-01-10", "timestamp": 1673308800000.0, "accuracy": 0}, "geometry": {"type": "Point", "coordinates": [31.54142942943922, "46.60847272576633"]}}, {"type": "Feature", "properties": {"sheet_name": "critical_infrastracture", "description": "Під ворожим обстрілом перебував Очаків та берегова смуга Очаківської громади.", "date": "2023-01-10", "timestamp": 1673308800000.0, "accuracy": 0}, "geometry": {"type": "Point", "coordinates": [31.49055480247137, "46.626101856121146"]}}, {"type": "Feature", "properties": {"sheet_name": "critical_infrastracture", "description": "Під ворожий обстріл потрапила Куцурубська громада.", "date": "2023-01-11", "timestamp": 1673395200000.0, "accuracy": 0}, "geometry": {"type": "Point", "coordinates": [31.64453038593105, "46.65594341750878"]}}, {"type": "Feature", "properties": {"sheet_name": "critical_infrastracture", "description": "Ворог обстрілював з РСЗВ територію Куцурубської громади, випустивши понад 40 реактивних снарядів.", "date": "2023-01-11", "timestamp": 1673395200000.0, "accuracy": 0}, "geometry": {"type": "Point", "coordinates": [31.595326823718175, "46.651161505799706"]}}, {"type": "Feature", "properties": {"sheet_name": "critical_infrastracture", "description": "Ворожі обстріли Очаківської громади.", "date": "2023-01-11", "timestamp": 1673395200000.0, "accuracy": 0}, "geometry": {"type": "Point", "coordinates": [31.492176939871005, "46.629147888593806"]}}, {"type": "Feature", "properties": {"sheet_name": "critical_infrastracture", "description": "Обстріли по відкритих територіях Куцурубської громади.", "date": "2023-01-12", "timestamp": 1673481600000.0, "accuracy": 0}, "geometry": {"type": "Point", "coordinates": [31.59717847802876, "46.64509055508025"]}}, {"type": "Feature", "properties": {"sheet_name": "injured", "description": "Внаслідок ударів по Очаківській громаді одна людина отримала легкі поранення.", "date": "2023-01-12", "timestamp": 1673481600000.0, "accuracy": 0}, "geometry": {"type": "Point", "coordinates": [31.51686080751585, "46.622101938740066"]}}, {"type": "Feature", "properties": {"sheet_name": "houses", "description": "Внаслідок ударів по Очаківській громаді пошкоджено житловий будинок.", "date": "2023-01-12", "timestamp": 1673481600000.0, "accuracy": 0}, "geometry": {"type": "Point", "coordinates": [31.51583121823589, "46.6214430187881"]}}, {"type": "Feature", "properties": {"sheet_name": "critical_infrastracture", "description": "Удари за межами населених пунктів Куцурубській громаді.", "date": "2023-01-14", "timestamp": 1673654400000.0, "accuracy": 0}, "geometry": {"type": "Point", "coordinates": [31.629369125863445, "46.6591656278863"]}}, {"type": "Feature", "properties": {"sheet_name": "houses", "description": "Внаслідок ворожого обстрілу пошкоджено житловий будинок у населеному пункті Куцурубської громади.", "date": "2023-01-14", "timestamp": 1673654400000.0, "accuracy": 0}, "geometry": {"type": "Point", "coordinates": [31.614239871473018, "46.65128237760026"]}}, {"type": "Feature", "properties": {"sheet_name": "civil_infrastructure", "description": "Внаслідок влучань реактивних снарядів, на одному з об’єктів цивільної інфраструктури Очаківської громади сталася пожежа.", "date": "2023-01-14", "timestamp": 1673654400000.0, "accuracy": 0}, "geometry": {"type": "Point", "coordinates": [31.55332464449189, "46.61542183585556"]}}, {"type": "Feature", "properties": {"sheet_name": "houses", "description": "Через обстріли з РСЗВ Очакова та Очаківській громаді пошкоджені вікна у багатоповерхівці, відбулося займання гаража та двох автомобілів", "date": "2023-01-14", "timestamp": 1673654400000.0, "accuracy": 0}, "geometry": {"type": "Point", "coordinates": [31.551357883511557, "46.61722514111438"]}}, {"type": "Feature", "properties": {"sheet_name": "critical_infrastracture", "description": "Ворог завдавав артилерійських ударів за межами населеного пункту Куцурубської громади", "date": "2023-01-15", "timestamp": 1673740800000.0, "accuracy": 0}, "geometry": {"type": "Point", "coordinates": [31.64341986713105, "46.65602405492777"]}}, {"type": "Feature", "properties": {"sheet_name": "killed", "description": "Одна людина загинула через артилерійські удари по населенному пункту Очаківської громади.", "date": "2023-01-16", "timestamp": 1673827200000.0, "accuracy": 0}, "geometry": {"type": "Point", "coordinates": [31.55609059333082, "46.61756476895498"]}}, {"type": "Feature", "properties": {"sheet_name": "houses", "description": "Через артилерійські удари по населенному пункту Очаківської громади пошкоджено житлові будинки.", "date": "2023-01-16", "timestamp": 1673827200000.0, "accuracy": 0}, "geometry": {"type": "Point", "coordinates": [31.553727345465017, "46.61690485299087"]}}, {"type": "Feature", "properties": {"sheet_name": "civil_infrastructure", "description": "Через артилерійські удари по населенному пункту Очаківської громади пошкоджено об’єкт соціальної інфраструктури.", "date": "2023-01-16", "timestamp": 1673827200000.0, "accuracy": 0}, "geometry": {"type": "Point", "coordinates": [31.55172852365781, "46.61814124065904"]}}, {"type": "Feature", "properties": {"sheet_name": "critical_infrastracture", "description": "Влучання зафіксовано за межами населеного пункту Куцурубської громади.", "date": "2023-01-17", "timestamp": 1673913600000.0, "accuracy": 0}, "geometry": {"type": "Point", "coordinates": [31.600918941350844, "46.65941058646391"]}}, {"type": "Feature", "properties": {"sheet_name": "houses", "description": "Внаслідок ударів з РСЗВ по акваторії та населеному пункту Очаківської громади пошкоджено кілька приватних житлових будинків, в багатоквартирному будинку вибито вікна.", "date": "2023-01-17", "timestamp": 1673913600000.0, "accuracy": 0}, "geometry": {"type": "Point", "coordinates": [31.557294303705284, "46.62009816466152"]}}, {"type": "Feature", "properties": {"sheet_name": "critical_infrastracture", "description": "Артилерійські удари по акваторії та береговій смузі Очаківської громади.", "date": "2023-01-18", "timestamp": 1674000000000.0, "accuracy": 0}, "geometry": {"type": "Point", "coordinates": [31.567171690965225, "46.626745982878475"]}}, {"type": "Feature", "properties": {"sheet_name": "critical_infrastracture", "description": "Обстріли акваторії та берегової смуги Очаківської громади.", "date": "2023-01-18", "timestamp": 1674000000000.0, "accuracy": 0}, "geometry": {"type": "Point", "coordinates": [31.56124244879036, "46.618234687417036"]}}, {"type": "Feature", "properties": {"sheet_name": "critical_infrastracture", "description": "Обстрілів зазнали акваторія та берегова смуга Очаківської громади.", "date": "2023-01-19", "timestamp": 1674086400000.0, "accuracy": 0}, "geometry": {"type": "Point", "coordinates": [31.55477070876266, "46.60628080066255"]}}, {"type": "Feature", "properties": {"sheet_name": "critical_infrastracture", "description": "Під ворожими ударами були акваторія та берегова смуга Очаківської громади.", "date": "2023-01-19", "timestamp": 1674086400000.0, "accuracy": 0}, "geometry": {"type": "Point", "coordinates": [31.527269384238892, "46.614142731736266"]}}, {"type": "Feature", "properties": {"sheet_name": "critical_infrastracture", "description": "Удари по акваторії Очаківської громади.", "date": "2023-01-20", "timestamp": 1674172800000.0, "accuracy": 0}, "geometry": {"type": "Point", "coordinates": [31.484487991476986, "46.62614369651653"]}}, {"type": "Feature", "properties": {"sheet_name": "critical_infrastracture", "description": "Ворог завдавав артилерійських ударів по акваторії Очаківської громади.", "date": "2023-01-23", "timestamp": 1674432000000.0, "accuracy": 0}, "geometry": {"type": "Point", "coordinates": [31.46817905032473, "46.62649922173878"]}}, {"type": "Feature", "properties": {"sheet_name": "critical_infrastracture", "description": "Удари по відкритій території населеного пункту Куцурубської громади.", "date": "2023-01-24", "timestamp": 1674518400000.0, "accuracy": 0}, "geometry": {"type": "Point", "coordinates": [31.642159418647367, "46.658649252421824"]}}, {"type": "Feature", "properties": {"sheet_name": "critical_infrastracture", "description": "Влучання по відкритій території Куцурубської громади.", "date": "2023-01-24", "timestamp": 1674518400000.0, "accuracy": 0}, "geometry": {"type": "Point", "coordinates": [31.604200975357163, "46.65163637150556"]}}, {"type": "Feature", "properties": {"sheet_name": "critical_infrastracture", "description": "Обстріли акваторії Очаківської громади.", "date": "2023-01-24", "timestamp": 1674518400000.0, "accuracy": 0}, "geometry": {"type": "Point", "coordinates": [31.53705891274491, "46.609465419628286"]}}, {"type": "Feature", "properties": {"sheet_name": "critical_infrastracture", "description": "Ворог завдавав артилерійських ударів по акваторії Очаківської громади.", "date": "2023-01-25", "timestamp": 1674604800000.0, "accuracy": 0}, "geometry": {"type": "Point", "coordinates": [31.543536644115537, "46.60558290235798"]}}, {"type": "Feature", "properties": {"sheet_name": "critical_infrastracture", "description": "Ворог вів обстріл з мінометів та РСЗВ по населеному пункту й акваторії Очаківської громади.", "date": "2023-01-25", "timestamp": 1674604800000.0, "accuracy": 0}, "geometry": {"type": "Point", "coordinates": [31.488209508241525, "46.626336928072845"]}}, {"type": "Feature", "properties": {"sheet_name": "critical_infrastracture", "description": "Ворог вів обстріл з мінометів та РСЗВ по населеному пункту й акваторії Очаківської громади.", "date": "2023-01-25", "timestamp": 1674604800000.0, "accuracy": 0}, "geometry": {"type": "Point", "coordinates": [31.468758206352863, "46.64123921368517"]}}, {"type": "Feature", "properties": {"sheet_name": "critical_infrastracture", "description": "Обстріл населеного пункту й акваторії Очаківської громади.", "date": "2023-01-25", "timestamp": 1674604800000.0, "accuracy": 0}, "geometry": {"type": "Point", "coordinates": [31.4581434012088, "46.627958474749455"]}}, {"type": "Feature", "properties": {"sheet_name": "critical_infrastracture", "description": "Ворог вів обстріл з мінометів та РСЗВ по населеному пункту й акваторії Очаківської громади.", "date": "2023-01-25", "timestamp": 1674604800000.0, "accuracy": 0}, "geometry": {"type": "Point", "coordinates": [31.44639137142692, "46.62671407929941"]}}, {"type": "Feature", "properties": {"sheet_name": "houses", "description": "Внаслідок ворожих обстрілів в Куцурубській громаді зруйновано житловий будинок.", "date": "2023-01-26", "timestamp": 1674691200000.0, "accuracy": 0}, "geometry": {"type": "Point", "coordinates": [31.617515597699736, "46.650028143073214"]}}, {"type": "Feature", "properties": {"sheet_name": "critical_infrastracture", "description": "Ворог завдавав ударів по береговій смузі Очаківської громади.", "date": "2023-01-26", "timestamp": 1674691200000.0, "accuracy": 0}, "geometry": {"type": "Point", "coordinates": [31.56801611540552, "46.62626499602636"]}}, {"type": "Feature", "properties": {"sheet_name": "critical_infrastracture", "description": "Ворог завдавав ударів по береговій смузі Очаківської громади.", "date": "2023-01-26", "timestamp": 1674691200000.0, "accuracy": 0}, "geometry": {"type": "Point", "coordinates": [31.564617853381577, "46.62045589487646"]}}, {"type": "Feature", "properties": {"sheet_name": "houses", "description": "Ворог завдавав артилерійських ударів по населеному пункту Очаківської громади. Внаслідок чого зруйновано та пошкоджено житлові будинки, господарські споруди й гаражі.", "date": "2023-01-27", "timestamp": 1674777600000.0, "accuracy": 0}, "geometry": {"type": "Point", "coordinates": [31.55451723628049, "46.621746862106654"]}}, {"type": "Feature", "properties": {"sheet_name": "admin_buildings", "description": "Внаслідок обстрілів населеного пункту Очаківської громади пошкоджено адміністративну будівлю.", "date": "2023-01-28", "timestamp": 1674864000000.0, "accuracy": 0}, "geometry": {"type": "Point", "coordinates": [31.531030712279605, "46.63001445278641"]}}, {"type": "Feature", "properties": {"sheet_name": "houses", "description": "Через артилерійські удари по населеному пункту Очаківської громади пошкоджено житлові та багатоквартирні будинки, господарські споруди.", "date": "2023-01-28", "timestamp": 1674864000000.0, "accuracy": 0}, "geometry": {"type": "Point", "coordinates": [31.528592910549687, "46.62526033070526"]}}, {"type": "Feature", "properties": {"sheet_name": "critical_infrastracture", "description": "Під ворожим обстрілом з РСЗВ перебувала Куцурубська громада.", "date": "2023-01-30", "timestamp": 1675036800000.0, "accuracy": 0}, "geometry": {"type": "Point", "coordinates": [31.597428454133365, "46.653236701852414"]}}, {"type": "Feature", "properties": {"sheet_name": "critical_infrastracture", "description": "Удари з РСЗВ по акваторії Очаківської громади.", "date": "2023-01-30", "timestamp": 1675036800000.0, "accuracy": 0}, "geometry": {"type": "Point", "coordinates": [31.552822361825072, "46.60420095998185"]}}, {"type": "Feature", "properties": {"sheet_name": "houses", "description": "Ворог завдавав артилерійських ударів з РСЗВ по населеному пункту Очаківської громади, внаслідок чого зруйновано та пошкоджено житлові будинки.", "date": "2023-01-30", "timestamp": 1675036800000.0, "accuracy": 0}, "geometry": {"type": "Point", "coordinates": [31.55098456431367, "46.60706119851641"]}}, {"type": "Feature", "properties": {"sheet_name": "admin_buildings", "description": "Ворог завдавав артилерійських ударів з РСЗВ по населеному пункту Очаківської громади, внаслідок чого зруйновано та пошкоджено адміністративні будівлі.", "date": "2023-01-30", "timestamp": 1675036800000.0, "accuracy": 0}, "geometry": {"type": "Point", "coordinates": [31.55047437175413, "46.61387838335268"]}}, {"type": "Feature", "properties": {"sheet_name": "houses", "description": "Зруйновано та пошкоджено житлові будинки й господарські споруди через артилерійські удари по населеному пункту Очаківської громади.", "date": "2023-01-30", "timestamp": 1675036800000.0, "accuracy": 0}, "geometry": {"type": "Point", "coordinates": [31.549813476756384, "46.6146573056212"]}}, {"type": "Feature", "properties": {"sheet_name": "critical_infrastracture", "description": "Під ворожим артилерійським обстрілом була акваторія Очаківської громади.", "date": "2023-01-30", "timestamp": 1675036800000.0, "accuracy": 0}, "geometry": {"type": "Point", "coordinates": [31.548449946024192, "46.61432280049805"]}}, {"type": "Feature", "properties": {"sheet_name": "houses", "description": "Ворог завдавав артилерійських ударів з РСЗВ по населеному пункту Очаківської громади, внаслідок чого зруйновано та пошкоджено господарські споруди.", "date": "2023-01-30", "timestamp": 1675036800000.0, "accuracy": 0}, "geometry": {"type": "Point", "coordinates": [31.52462411656562, "46.63694713297793"]}}, {"type": "Feature", "properties": {"sheet_name": "critical_infrastracture", "description": "Пошкоджено об’єкти інфраструктури внаслідок артилерійських ударів по населеному пункту Очаківської громади.", "date": "2023-01-31", "timestamp": 1675123200000.0, "accuracy": 0}, "geometry": {"type": "Point", "coordinates": [31.55047277084611, "46.621495827433066"]}}, {"type": "Feature", "properties": {"sheet_name": "critical_infrastracture", "description": "Ворог завдавав ударів з РСЗВ по населеному пункту Куцурубської громади. Руйнувань та постраждалих немає.", "date": "2023-02-01", "timestamp": 1675209600000.0, "accuracy": 0}, "geometry": {"type": "Point", "coordinates": [31.59646827991615, "46.645785609545186"]}}, {"type": "Feature", "properties": {"sheet_name": "critical_infrastracture", "description": "Ворог завдавав ударів зі ствольної артилерії по Куцурубській громаді. Руйнувань та постраждалих немає.", "date": "2023-02-02", "timestamp": 1675296000000.0, "accuracy": 0}, "geometry": {"type": "Point", "coordinates": [31.620779903986364, "46.66038173864538"]}}, {"type": "Feature", "properties": {"sheet_name": "critical_infrastracture", "description": "Артилерійський обстріл по Очаківській громаді.", "date": "2023-02-02", "timestamp": 1675296000000.0, "accuracy": 0}, "geometry": {"type": "Point", "coordinates": [31.558398587975823, "46.63041024649308"]}}, {"type": "Feature", "properties": {"sheet_name": "houses", "description": "Через обстріл з РСЗВ по населеному пункту Очаківської громади пошкоджено житловий будинок.", "date": "2023-02-02", "timestamp": 1675296000000.0, "accuracy": 0}, "geometry": {"type": "Point", "coordinates": [31.529265686638517, "46.62819830295633"]}}, {"type": "Feature", "properties": {"sheet_name": "critical_infrastracture", "description": "Ворог завдавав ударів зі ствольної артилерії по Куцурубській громаді. Руйнувань та постраждалих немає.", "date": "2023-02-03", "timestamp": 1675382400000.0, "accuracy": 0}, "geometry": {"type": "Point", "coordinates": [31.61526839789073, "46.66283758629693"]}}, {"type": "Feature", "properties": {"sheet_name": "critical_infrastracture", "description": "Ворог здійснював обстріл з РСЗВ по акваторії Очаківської громади.", "date": "2023-02-03", "timestamp": 1675382400000.0, "accuracy": 0}, "geometry": {"type": "Point", "coordinates": [31.54441271956329, "46.60444478031313"]}}, {"type": "Feature", "properties": {"sheet_name": "houses", "description": "Пошкоджено житлові будинки, господарські споруди внаслідок обстрілу з РСЗВ по населеному пункту Очаківської громади.", "date": "2023-02-03", "timestamp": 1675382400000.0, "accuracy": 0}, "geometry": {"type": "Point", "coordinates": [31.53565170142272, "46.63231183455791"]}}, {"type": "Feature", "properties": {"sheet_name": "critical_infrastracture", "description": "Артилерійський обстріл по акваторії Очаківської громади.", "date": "2023-02-03", "timestamp": 1675382400000.0, "accuracy": 0}, "geometry": {"type": "Point", "coordinates": [31.47265110386905, "46.626633047479544"]}}, {"type": "Feature", "properties": {"sheet_name": "critical_infrastracture", "description": "Ворог здійснював обстріл з артилерійської системи по Куцурубській громаді. Руйнувань та постраждалих немає.", "date": "2023-02-04", "timestamp": 1675468800000.0, "accuracy": 0}, "geometry": {"type": "Point", "coordinates": [31.630040310659453, "46.64960739263561"]}}, {"type": "Feature", "properties": {"sheet_name": "critical_infrastracture", "description": "Ворог завдавав артилерійських ударів по акваторії Очаківської громади.", "date": "2023-02-04", "timestamp": 1675468800000.0, "accuracy": 0}, "geometry": {"type": "Point", "coordinates": [31.543055665544752, "46.605818901135365"]}}, {"type": "Feature", "properties": {"sheet_name": "critical_infrastracture", "description": "Ворог завдавав артилерійських ударів по акваторії Очаківської громади.", "date": "2023-02-04", "timestamp": 1675468800000.0, "accuracy": 0}, "geometry": {"type": "Point", "coordinates": [31.49598548200901, "46.62922657962835"]}}, {"type": "Feature", "properties": {"sheet_name": "critical_infrastracture", "description": "Ворог завдавав артилерійських ударів по акваторії Очаківської громади.", "date": "2023-02-04", "timestamp": 1675468800000.0, "accuracy": 0}, "geometry": {"type": "Point", "coordinates": [31.489537879880807, "46.625678272638375"]}}, {"type": "Feature", "properties": {"sheet_name": "critical_infrastracture", "description": "Ворог завдавав артилерійських ударів по акваторії Очаківської громади.", "date": "2023-02-04", "timestamp": 1675468800000.0, "accuracy": 0}, "geometry": {"type": "Point", "coordinates": [31.46642837898916, "46.628902351548724"]}}, {"type": "Feature", "properties": {"sheet_name": "critical_infrastracture", "description": "Ворог завдавав артилерійські удари по населенному пункту та акваторії Очаківської громади. Постраждалих немає.", "date": "2023-02-05", "timestamp": 1675555200000.0, "accuracy": 0}, "geometry": {"type": "Point", "coordinates": [31.558646610072323, "46.61848615663893"]}}, {"type": "Feature", "properties": {"sheet_name": "critical_infrastracture", "description": "Ворог завдавав артилерійські удари по населенному пункту та акваторії Очаківської громади. Постраждалих немає.", "date": "2023-02-05", "timestamp": 1675555200000.0, "accuracy": 0}, "geometry": {"type": "Point", "coordinates": [31.53105204383442, "46.62915561087595"]}}, {"type": "Feature", "properties": {"sheet_name": "critical_infrastracture", "description": "Ворог завдавав ударів з РСЗВ по населеному пункту Очаківської громади. Внаслідок чого у частині пункту відсутня електроенергія.", "date": "2023-02-06", "timestamp": 1675641600000.0, "accuracy": 0}, "geometry": {"type": "Point", "coordinates": [31.567962301410013, "46.633054309168074"]}}, {"type": "Feature", "properties": {"sheet_name": "critical_infrastracture", "description": "Ворог завдавав артилерійські удари по населенному пункту та акваторії Очаківської громади. Постраждалих немає.", "date": "2023-02-06", "timestamp": 1675641600000.0, "accuracy": 0}, "geometry": {"type": "Point", "coordinates": [31.529318163959807, "46.61892860046505"]}}, {"type": "Feature", "properties": {"sheet_name": "critical_infrastracture", "description": "Внаслідок ворожих обстрілів Чорноморської громади пошкоджено об’єкт інфраструктури.", "date": "2023-02-07", "timestamp": 1675728000000.0, "accuracy": 0}, "geometry": {"type": "Point", "coordinates": [31.51180726364713, "46.64836114247502"]}}, {"type": "Feature", "properties": {"sheet_name": "critical_infrastracture", "description": "Під ворожим обстрілом була Куцурубська громада. Влучаня за межами населеного пункту.", "date": "2023-02-08", "timestamp": 1675814400000.0, "accuracy": 0}, "geometry": {"type": "Point", "coordinates": [31.603861557830697, "46.6468634271483"]}}, {"type": "Feature", "properties": {"sheet_name": "critical_infrastracture", "description": "Ворог завдавав артилерійські удари по береговій смузі та акваторії Очаківської громади.", "date": "2023-02-08", "timestamp": 1675814400000.0, "accuracy": 0}, "geometry": {"type": "Point", "coordinates": [31.53271957006328, "46.61188212410411"]}}, {"type": "Feature", "properties": {"sheet_name": "houses", "description": "Через ворожі артилерійські обстріли населеного пункту Очаківської громади пошкоджено житлові будинки.", "date": "2023-02-08", "timestamp": 1675814400000.0, "accuracy": 0}, "geometry": {"type": "Point", "coordinates": [31.521965688774205, "46.62419354714933"]}}, {"type": "Feature", "properties": {"sheet_name": "critical_infrastracture", "description": "Ворог завдавав артилерійські удари по береговій смузі та акваторії Очаківської громади.", "date": "2023-02-08", "timestamp": 1675814400000.0, "accuracy": 0}, "geometry": {"type": "Point", "coordinates": [31.51684205664187, "46.61939159832667"]}}, {"type": "Feature", "properties": {"sheet_name": "critical_infrastracture", "description": "Ворог завдавав артилерійських ударів по акваторії та береговій смузі Очаківської громади", "date": "2023-02-09", "timestamp": 1675900800000.0, "accuracy": 0}, "geometry": {"type": "Point", "coordinates": [31.57045399796754, "46.62710343377822"]}}, {"type": "Feature", "properties": {"sheet_name": "critical_infrastracture", "description": "Під артилерійським вогнем була акваторія Куцурубської громади.", "date": "2023-02-10", "timestamp": 1675987200000.0, "accuracy": 0}, "geometry": {"type": "Point", "coordinates": [31.658092824340077, "46.64824574275255"]}}, {"type": "Feature", "properties": {"sheet_name": "critical_infrastracture", "description": "Під артилерійським вогнем була акваторія Куцурубської громади.", "date": "2023-02-10", "timestamp": 1675987200000.0, "accuracy": 0}, "geometry": {"type": "Point", "coordinates": [31.628746303031477, "46.649272908191335"]}}, {"type": "Feature", "properties": {"sheet_name": "critical_infrastracture", "description": "Ворог завдавав ударів по акваторії Очаківської громади.", "date": "2023-02-10", "timestamp": 1675987200000.0, "accuracy": 0}, "geometry": {"type": "Point", "coordinates": [31.57313560363507, "46.62768311796461"]}}, {"type": "Feature", "properties": {"sheet_name": "critical_infrastracture", "description": "Ворог завдавав артилерійських ударів по акваторії та береговій смузі Очаківської громади", "date": "2023-02-10", "timestamp": 1675987200000.0, "accuracy": 0}, "geometry": {"type": "Point", "coordinates": [31.558188760977306, "46.61144218660274"]}}, {"type": "Feature", "properties": {"sheet_name": "critical_infrastracture", "description": "Зафіксовано ворожі влучання за межами населених пунктів Куцурубської громади.", "date": "2023-02-11", "timestamp": 1676073600000.0, "accuracy": 0}, "geometry": {"type": "Point", "coordinates": [31.59784679046478, "46.651643304914614"]}}, {"type": "Feature", "properties": {"sheet_name": "critical_infrastracture", "description": "Зафіксовано ворожі влучання за межами населених пунктів Куцурубської громади.", "date": "2023-02-11", "timestamp": 1676073600000.0, "accuracy": 0}, "geometry": {"type": "Point", "coordinates": [31.596424941334195, "46.64626848679641"]}}, {"type": "Feature", "properties": {"sheet_name": "critical_infrastracture", "description": "Ворог завдавав артилерійських ударів по акваторії та населеному пункту Очаківської громади. Пошкоджено житловий будинок.", "date": "2023-02-11", "timestamp": 1676073600000.0, "accuracy": 0}, "geometry": {"type": "Point", "coordinates": [31.564862107700534, "46.620297875859656"]}}, {"type": "Feature", "properties": {"sheet_name": "houses", "description": "Пошкоджено житловий будинок у населеному пункті Очаківської громади через ворожі артилерійські удари.", "date": "2023-02-11", "timestamp": 1676073600000.0, "accuracy": 0}, "geometry": {"type": "Point", "coordinates": [31.559549478725355, "46.62614453847943"]}}, {"type": "Feature", "properties": {"sheet_name": "critical_infrastracture", "description": "Ворог вів обстріл по акваторії Очаковської громади.", "date": "2023-02-13", "timestamp": 1676246400000.0, "accuracy": 0}, "geometry": {"type": "Point", "coordinates": [31.590027157449057, "46.63657176816762"]}}, {"type": "Feature", "properties": {"sheet_name": "critical_infrastracture", "description": "Ворог вів обстріл по акваторії Очаковської громади.", "date": "2023-02-13", "timestamp": 1676246400000.0, "accuracy": 0}, "geometry": {"type": "Point", "coordinates": [31.587268431746885, "46.63118315912704"]}}, {"type": "Feature", "properties": {"sheet_name": "critical_infrastracture", "description": "Ворог вів обстріл по акваторії Очаковської громади.", "date": "2023-02-13", "timestamp": 1676246400000.0, "accuracy": 0}, "geometry": {"type": "Point", "coordinates": [31.57743008912262, "46.63074111301328"]}}, {"type": "Feature", "properties": {"sheet_name": "critical_infrastracture", "description": "Ворог завдавав артилерійських ударів по акваторії Очаківської громади.", "date": "2023-02-14", "timestamp": 1676332800000.0, "accuracy": 0}, "geometry": {"type": "Point", "coordinates": [31.57241629937959, "46.628391978132825"]}}, {"type": "Feature", "properties": {"sheet_name": "admin_buildings", "description": "Під артилерійським та мінометним обстрілом був населений пункт Очаківської громади, внаслідок чого уражено кілька адміністративних будівель.", "date": "2023-02-14", "timestamp": 1676332800000.0, "accuracy": 0}, "geometry": {"type": "Point", "coordinates": [31.56821682225119, "46.633173501369285"]}}, {"type": "Feature", "properties": {"sheet_name": "houses", "description": "Російські війська обстріляли населений пункт Очаківської громади з артилерії та мінометів, внаслідок чого відбулося пошкодження та займання житлових будинків.", "date": "2023-02-14", "timestamp": 1676332800000.0, "accuracy": 0}, "geometry": {"type": "Point", "coordinates": [31.563465418042835, "46.62937740569957"]}}, {"type": "Feature", "properties": {"sheet_name": "critical_infrastracture", "description": "Ворог завдавав артилерійських ударів по акваторії Очаківської громади", "date": "2023-02-15", "timestamp": 1676419200000.0, "accuracy": 0}, "geometry": {"type": "Point", "coordinates": [31.56884498234457, "46.62613728961939"]}}, {"type": "Feature", "properties": {"sheet_name": "critical_infrastracture", "description": "Ворог здійснював мінометний обстріл по акваторії Очаківської громади", "date": "2023-02-16", "timestamp": 1676505600000.0, "accuracy": 0}, "geometry": {"type": "Point", "coordinates": [31.57098002070854, "46.62635833193642"]}}, {"type": "Feature", "properties": {"sheet_name": "critical_infrastracture", "description": "Ворог здійснював мінометний обстріл по акваторії Очаківської громади.", "date": "2023-02-16", "timestamp": 1676505600000.0, "accuracy": 0}, "geometry": {"type": "Point", "coordinates": [31.564827700977887, "46.62175656657936"]}}, {"type": "Feature", "properties": {"sheet_name": "critical_infrastracture", "description": "Ворог здійснив мінометні обстріли по акваторії та береговій смузі Очаківської громади.", "date": "2023-02-17", "timestamp": 1676592000000.0, "accuracy": 0}, "geometry": {"type": "Point", "coordinates": [31.56174763230235, "46.61743615840212"]}}, {"type": "Feature", "properties": {"sheet_name": "critical_infrastracture", "description": "Ворог здійснив мінометні обстріли по акваторії та береговій смузі Очаківської громади.", "date": "2023-02-17", "timestamp": 1676592000000.0, "accuracy": 0}, "geometry": {"type": "Point", "coordinates": [31.55761325814352, "46.61297998004559"]}}, {"type": "Feature", "properties": {"sheet_name": "houses", "description": "Пошкоджено житлові будинки у населеному пункті Очаківської громади через ворожі обстріли з установок РСЗВ.", "date": "2023-02-18", "timestamp": 1676678400000.0, "accuracy": 0}, "geometry": {"type": "Point", "coordinates": [31.55134024467061, "46.612410347192444"]}}, {"type": "Feature", "properties": {"sheet_name": "houses", "description": "Ворог обстрілював населений пункт Очаківської громади з установок РСЗВ, внаслідок чого виникла пожежа господарських будівель.", "date": "2023-02-18", "timestamp": 1676678400000.0, "accuracy": 0}, "geometry": {"type": "Point", "coordinates": [31.5252348804284, "46.637893630134"]}}, {"type": "Feature", "properties": {"sheet_name": "houses", "description": "Через артилерійський обстріл населеного пункту Куцурубської громади пошкоджено господарські будівлі.", "date": "2023-02-19", "timestamp": 1676764800000.0, "accuracy": 0}, "geometry": {"type": "Point", "coordinates": [31.595484692883783, "46.65038112706072"]}}, {"type": "Feature", "properties": {"sheet_name": "houses", "description": "Внаслідок артилерійського обстрілу населеного пункту Куцурубської громади пошкоджено приватний будинок.", "date": "2023-02-19", "timestamp": 1676764800000.0, "accuracy": 0}, "geometry": {"type": "Point", "coordinates": [31.59456079094256, "46.64375647454984"]}}, {"type": "Feature", "properties": {"sheet_name": "critical_infrastracture", "description": "Під артилерійськими ударами була акваторія та портова інфраструктура Очаківської громади.", "date": "2023-02-19", "timestamp": 1676764800000.0, "accuracy": 0}, "geometry": {"type": "Point", "coordinates": [31.536243826970686, "46.60975885432264"]}}, {"type": "Feature", "properties": {"sheet_name": "critical_infrastracture", "description": "Під артилерійськими ударами була акваторія та портова інфраструктура Очаківської громади.", "date": "2023-02-19", "timestamp": 1676764800000.0, "accuracy": 0}, "geometry": {"type": "Point", "coordinates": [31.532907158974744, "46.60944929994415"]}}, {"type": "Feature", "properties": {"sheet_name": "critical_infrastracture", "description": "Під артилерійськими ударами була акваторія та портова інфраструктура Очаківської громади.", "date": "2023-02-19", "timestamp": 1676764800000.0, "accuracy": 0}, "geometry": {"type": "Point", "coordinates": [31.532907158974744, "46.60944929994415"]}}, {"type": "Feature", "properties": {"sheet_name": "critical_infrastracture", "description": "Зі ствольної артилерії ворог завдавав ударів по населеному пункту Очаківської громади.", "date": "2023-02-19", "timestamp": 1676764800000.0, "accuracy": 0}, "geometry": {"type": "Point", "coordinates": [31.52238103725551, "46.63359576791961"]}}, {"type": "Feature", "properties": {"sheet_name": "injured", "description": "Одна людина зазнала важких поранень через  обстріл населеного пункту Очаківської громади.", "date": "2023-02-21", "timestamp": 1676937600000.0, "accuracy": 0}, "geometry": {"type": "Point", "coordinates": [31.545161794687512, "46.60875010276688"]}}, {"type": "Feature", "properties": {"sheet_name": "critical_infrastracture", "description": "Ворог здійснював артилерійський та мінометний обстріл по акваторії Очаківської громади.", "date": "2023-02-22", "timestamp": 1677024000000.0, "accuracy": 0}, "geometry": {"type": "Point", "coordinates": [31.56983872835016, "46.62496508348067"]}}, {"type": "Feature", "properties": {"sheet_name": "critical_infrastracture", "description": "Ворог здійснював артилерійський та мінометний обстріл по акваторії Очаківської громади.", "date": "2023-02-22", "timestamp": 1677024000000.0, "accuracy": 0}, "geometry": {"type": "Point", "coordinates": [31.55700517103487, "46.6071238531785"]}}, {"type": "Feature", "properties": {"sheet_name": "critical_infrastracture", "description": "Ворог завдавав мінометних ударів по акваторії Очаківської громади.", "date": "2023-02-24", "timestamp": 1677196800000.0, "accuracy": 0}, "geometry": {"type": "Point", "coordinates": [31.552550582396066, "46.60301597115389"]}}, {"type": "Feature", "properties": {"sheet_name": "critical_infrastracture", "description": "Ворог завдавав мінометних ударів по акваторії Очаківської громади.", "date": "2023-02-24", "timestamp": 1677196800000.0, "accuracy": 0}, "geometry": {"type": "Point", "coordinates": [31.549736092640327, "46.60035812074601"]}}, {"type": "Feature", "properties": {"sheet_name": "critical_infrastracture", "description": "Ворог завдавав мінометних ударів по акваторії Очаківської громади.", "date": "2023-02-24", "timestamp": 1677196800000.0, "accuracy": 0}, "geometry": {"type": "Point", "coordinates": [31.53958975876289, "46.607008397193425"]}}, {"type": "Feature", "properties": {"sheet_name": "critical_infrastracture", "description": "Ворог завдавав ударів з РСЗВ та інших видів артилерії по акваторії Очаківської громади та узбережжю Куцурубської громади.", "date": "2023-02-25", "timestamp": 1677283200000.0, "accuracy": 0}, "geometry": {"type": "Point", "coordinates": [31.66220711699168, "46.648588326466374"]}}, {"type": "Feature", "properties": {"sheet_name": "critical_infrastracture", "description": "Ворог завдавав ударів з РСЗВ та інших видів артилерії по акваторії Очаківської громади та узбережжю Куцурубської громади.", "date": "2023-02-25", "timestamp": 1677283200000.0, "accuracy": 0}, "geometry": {"type": "Point", "coordinates": [31.648267870945965, "46.649424752149486"]}}, {"type": "Feature", "properties": {"sheet_name": "critical_infrastracture", "description": "Ворог завдавав ударів з РСЗВ та інших видів артилерії по акваторії Очаківської громади та узбережжю Куцурубської громади.", "date": "2023-02-25", "timestamp": 1677283200000.0, "accuracy": 0}, "geometry": {"type": "Point", "coordinates": [31.636226288526863, "46.650018482968825"]}}, {"type": "Feature", "properties": {"sheet_name": "critical_infrastracture", "description": "Ворог завдавав ударів з РСЗВ та інших видів артилерії по акваторії Очаківської громади та узбережжю Куцурубської громади.", "date": "2023-02-25", "timestamp": 1677283200000.0, "accuracy": 0}, "geometry": {"type": "Point", "coordinates": [31.56883029689052, "46.62406545517506"]}}, {"type": "Feature", "properties": {"sheet_name": "critical_infrastracture", "description": "Ворог завдавав ударів з РСЗВ та інших видів артилерії по акваторії Очаківської громади та узбережжю Куцурубської громади.", "date": "2023-02-25", "timestamp": 1677283200000.0, "accuracy": 0}, "geometry": {"type": "Point", "coordinates": [31.564958834626715, "46.619930023682"]}}, {"type": "Feature", "properties": {"sheet_name": "critical_infrastracture", "description": "Ворожі мінометні обстріли фіксувалися по акваторії Очаківської громади.", "date": "2023-02-26", "timestamp": 1677369600000.0, "accuracy": 0}, "geometry": {"type": "Point", "coordinates": [31.56605512409876, "46.618145312989654"]}}, {"type": "Feature", "properties": {"sheet_name": "critical_infrastracture", "description": "Ворог завдавав ударів з РСЗВ та інших видів артилерії по акваторії Очаківської громади та узбережжю Куцурубської громади.", "date": "2023-02-27", "timestamp": 1677456000000.0, "accuracy": 0}, "geometry": {"type": "Point", "coordinates": [31.640392456175647, "46.65006864146223"]}}, {"type": "Feature", "properties": {"sheet_name": "critical_infrastracture", "description": "Ворог завдавав ударів з РСЗВ та інших видів артилерії по акваторії Очаківської громади та узбережжю Куцурубської громади.", "date": "2023-02-27", "timestamp": 1677456000000.0, "accuracy": 0}, "geometry": {"type": "Point", "coordinates": [31.605411749089832, "46.64630541352238"]}}, {"type": "Feature", "properties": {"sheet_name": "critical_infrastracture", "description": "Ворог завдавав ударів з РСЗВ та інших видів артилерії по акваторії Очаківської громади та узбережжю Куцурубської громади.", "date": "2023-02-27", "timestamp": 1677456000000.0, "accuracy": 0}, "geometry": {"type": "Point", "coordinates": [31.566225999808083, "46.621558662291434"]}}, {"type": "Feature", "properties": {"sheet_name": "critical_infrastracture", "description": "Ворог завдавав ударів з РСЗВ та інших видів артилерії по акваторії Очаківської громади та узбережжю Куцурубської громади.", "date": "2023-02-27", "timestamp": 1677456000000.0, "accuracy": 0}, "geometry": {"type": "Point", "coordinates": [31.52310432256257, "46.61622014184423"]}}, {"type": "Feature", "properties": {"sheet_name": "critical_infrastracture", "description": "Ворог завдавав мінометних та артилерійських ударів по акваторії Очаківської громади та узбережжю Куцурубської громади.", "date": "2023-02-28", "timestamp": 1677542400000.0, "accuracy": 0}, "geometry": {"type": "Point", "coordinates": [31.60165433645982, "46.644723654675275"]}}, {"type": "Feature", "properties": {"sheet_name": "critical_infrastracture", "description": "Ворог завдавав ударів з РСЗВ та інших видів артилерії по акваторії Очаківської громади та узбережжю Куцурубської громади.", "date": "2023-02-28", "timestamp": 1677542400000.0, "accuracy": 0}, "geometry": {"type": "Point", "coordinates": [31.526866043587862, "46.61391644623532"]}}, {"type": "Feature", "properties": {"sheet_name": "critical_infrastracture", "description": "Ворог завдавав мінометних та артилерійських ударів по акваторії Очаківської громади та узбережжю Куцурубської громади.", "date": "2023-02-28", "timestamp": 1677542400000.0, "accuracy": 0}, "geometry": {"type": "Point", "coordinates": [31.503539166492427, "46.62268704405626"]}}, {"type": "Feature", "properties": {"sheet_name": "critical_infrastracture", "description": "Удари з РСЗВ за межами населеного пункту Куцурубської громади та по узбережжю громади.", "date": "2023-03-01", "timestamp": 1677628800000.0, "accuracy": 0}, "geometry": {"type": "Point", "coordinates": [31.68131795189272, "46.66003839581474"]}}, {"type": "Feature", "properties": {"sheet_name": "critical_infrastracture", "description": "Ворог завдавав ударів з РСЗВ за межами населеного пункту Куцурубської громади та по узбережжю громади.", "date": "2023-03-01", "timestamp": 1677628800000.0, "accuracy": 0}, "geometry": {"type": "Point", "coordinates": [31.68106221382836, "46.6447713068742"]}}, {"type": "Feature", "properties": {"sheet_name": "critical_infrastracture", "description": "Під мінометними обстрілами перебувала акваторія Очаківської громади.", "date": "2023-03-02", "timestamp": 1677715200000.0, "accuracy": 0}, "geometry": {"type": "Point", "coordinates": [31.590983610900413, "46.63910417776127"]}}, {"type": "Feature", "properties": {"sheet_name": "critical_infrastracture", "description": "Зафіксовано артилерійський обстріл за межами населеного пункту Куцурубської громади.", "date": "2023-03-03", "timestamp": 1677801600000.0, "accuracy": 0}, "geometry": {"type": "Point", "coordinates": [31.62956077496881, "46.669260895201106"]}}, {"type": "Feature", "properties": {"sheet_name": "critical_infrastracture", "description": "Ворог завдавав артилерійські та мінометні удари по акваторії й узбережжю Очаківської громади", "date": "2023-03-03", "timestamp": 1677801600000.0, "accuracy": 0}, "geometry": {"type": "Point", "coordinates": [31.572080024325874, "46.62749628374021"]}}, {"type": "Feature", "properties": {"sheet_name": "critical_infrastracture", "description": "Під мінометними та артилерійськими обстрілами перебувала акваторія та узбережжя Очаківської громади.", "date": "2023-03-03", "timestamp": 1677801600000.0, "accuracy": 0}, "geometry": {"type": "Point", "coordinates": [31.56843222008593, "46.6236353626305"]}}, {"type": "Feature", "properties": {"sheet_name": "schools", "description": "Внаслідок ворожих ударів по м. Очаків Очаківської громади пошкоджено дошкільний навчальний заклад.", "date": "2023-03-03", "timestamp": 1677801600000.0, "accuracy": 0}, "geometry": {"type": "Point", "coordinates": [31.549177742702145, "46.61868483868569"]}}, {"type": "Feature", "properties": {"sheet_name": "hospitals", "description": "Пошкоджено лікувально-профілактичний заклад через ворожі удари по м. Очаків Очаківської громади.", "date": "2023-03-03", "timestamp": 1677801600000.0, "accuracy": 0}, "geometry": {"type": "Point", "coordinates": [31.53005177688436, "46.62265814786455"]}}, {"type": "Feature", "properties": {"sheet_name": "critical_infrastracture", "description": "Ворог завдавав артилерійські та мінометні удари по акваторії й узбережжю Очаківської громади", "date": "2023-03-03", "timestamp": 1677801600000.0, "accuracy": 0}, "geometry": {"type": "Point", "coordinates": [31.52818892698121, "46.613563059923045"]}}, {"type": "Feature", "properties": {"sheet_name": "critical_infrastracture", "description": "Артилерійські та мінометні удари по акваторії й узбережжю Очаківської громади", "date": "2023-03-03", "timestamp": 1677801600000.0, "accuracy": 0}, "geometry": {"type": "Point", "coordinates": [31.51080798433559, "46.621254495440674"]}}, {"type": "Feature", "properties": {"sheet_name": "critical_infrastracture", "description": "Під мінометними та артилерійськими обстрілами перебувала акваторія та узбережжя Очаківської громади.", "date": "2023-03-03", "timestamp": 1677801600000.0, "accuracy": 0}, "geometry": {"type": "Point", "coordinates": [31.497481848551864, "46.62435614900474"]}}, {"type": "Feature", "properties": {"sheet_name": "critical_infrastracture", "description": "Російські війська обстріляли з артилерії та мінометів акваторію й узбережжя Очаківської громади.", "date": "2023-03-03", "timestamp": 1677801600000.0, "accuracy": 0}, "geometry": {"type": "Point", "coordinates": [31.4801891950052, "46.626516449181516"]}}, {"type": "Feature", "properties": {"sheet_name": "critical_infrastracture", "description": "Російські війська обстріляли з артилерії та мінометів акваторію й узбережжя Очаківської громади.", "date": "2023-03-03", "timestamp": 1677801600000.0, "accuracy": 0}, "geometry": {"type": "Point", "coordinates": [31.47722803626925, "46.62654592133619"]}}, {"type": "Feature", "properties": {"sheet_name": "critical_infrastracture", "description": "Артилерійських ударів зазнала акваторія Очаківської громади.", "date": "2023-03-04", "timestamp": 1677888000000.0, "accuracy": 0}, "geometry": {"type": "Point", "coordinates": [31.545188702980276, "46.6037482092123"]}}, {"type": "Feature", "properties": {"sheet_name": "critical_infrastracture", "description": "Під артилерійським обстрілом перебувала акваторія Очаківської громади.", "date": "2023-03-04", "timestamp": 1677888000000.0, "accuracy": 0}, "geometry": {"type": "Point", "coordinates": [31.538867331224857, "46.607384977024"]}}, {"type": "Feature", "properties": {"sheet_name": "critical_infrastracture", "description": "Ворог завдавав артилерійських ударів по акваторії Очаківської громади.", "date": "2023-03-04", "timestamp": 1677888000000.0, "accuracy": 0}, "geometry": {"type": "Point", "coordinates": [31.504124274750083, "46.6225845598399"]}}, {"type": "Feature", "properties": {"sheet_name": "critical_infrastracture", "description": "Зафіксовано артилерійські та мінометні обстріли по акваторії Очаківської громади.", "date": "2023-03-05", "timestamp": 1677974400000.0, "accuracy": 0}, "geometry": {"type": "Point", "coordinates": [31.55664709982808, "46.60710934438992"]}}, {"type": "Feature", "properties": {"sheet_name": "critical_infrastracture", "description": "Артилерійські та мінометні обстріли по акваторії Очаківської громади.", "date": "2023-03-05", "timestamp": 1677974400000.0, "accuracy": 0}, "geometry": {"type": "Point", "coordinates": [31.54501704160428, "46.60404305397578"]}}, {"type": "Feature", "properties": {"sheet_name": "critical_infrastracture", "description": "Російські війська обстріляли з артилерії та мінометів акваторію Очаківської громади.", "date": "2023-03-06", "timestamp": 1678060800000.0, "accuracy": 0}, "geometry": {"type": "Point", "coordinates": [31.502578063233912, "46.62304110150325"]}}, {"type": "Feature", "properties": {"sheet_name": "critical_infrastracture", "description": "Артилерійський та мінометний обстріл акваторії Очаківської громади.", "date": "2023-03-06", "timestamp": 1678060800000.0, "accuracy": 0}, "geometry": {"type": "Point", "coordinates": [31.497181458726008, "46.62436004938805"]}}, {"type": "Feature", "properties": {"sheet_name": "critical_infrastracture", "description": "Ворог завдавав артилерійський та мінометний обстріл по акваторії Очаківської громади.", "date": "2023-03-06", "timestamp": 1678060800000.0, "accuracy": 0}, "geometry": {"type": "Point", "coordinates": [31.49231056714845, "46.62536213360004"]}}, {"type": "Feature", "properties": {"sheet_name": "critical_infrastracture", "description": "Під артилерійськими та мінометними обстрілами перебувала акваторія Очаківської громади.", "date": "2023-03-06", "timestamp": 1678060800000.0, "accuracy": 0}, "geometry": {"type": "Point", "coordinates": [31.490304274816488, "46.62626841434132"]}}, {"type": "Feature", "properties": {"sheet_name": "critical_infrastracture", "description": "Ворог завдавав артилерійських ударів по акваторії Очаківської громади.", "date": "2023-03-07", "timestamp": 1678147200000.0, "accuracy": 0}, "geometry": {"type": "Point", "coordinates": [31.496623559221696, "46.624927408178614"]}}, {"type": "Feature", "properties": {"sheet_name": "critical_infrastracture", "description": "Російські війська обстріляли з мінометів акваторію Очаківської громади.", "date": "2023-03-08", "timestamp": 1678233600000.0, "accuracy": 0}, "geometry": {"type": "Point", "coordinates": [31.484873443266885, "46.625762559032616"]}}, {"type": "Feature", "properties": {"sheet_name": "critical_infrastracture", "description": "Акваторія Очаківської громади зазнала мінометних обстрілів.", "date": "2023-03-08", "timestamp": 1678233600000.0, "accuracy": 0}, "geometry": {"type": "Point", "coordinates": [31.48115053717495, "46.626705673157225"]}}, {"type": "Feature", "properties": {"sheet_name": "critical_infrastracture", "description": "Зафіксовано артилерійський обстріл по акваторії Куцурубської громади.", "date": "2023-03-09", "timestamp": 1678320000000.0, "accuracy": 0}, "geometry": {"type": "Point", "coordinates": [31.64841450469897, "46.64982525054071"]}}, {"type": "Feature", "properties": {"sheet_name": "critical_infrastracture", "description": "Ворог завдавав мінометних ударів по акваторії Очаківської громади.", "date": "2023-03-09", "timestamp": 1678320000000.0, "accuracy": 0}, "geometry": {"type": "Point", "coordinates": [31.488886027930818, "46.625880449196785"]}}, {"type": "Feature", "properties": {"sheet_name": "critical_infrastracture", "description": "Акваторія Очаківської громади зазнала мінометних ударів.", "date": "2023-03-09", "timestamp": 1678320000000.0, "accuracy": 0}, "geometry": {"type": "Point", "coordinates": [31.472409875951296, "46.62730491448201"]}}, {"type": "Feature", "properties": {"sheet_name": "critical_infrastracture", "description": "Мінометні удари по акваторії Очаківської громади.", "date": "2023-03-09", "timestamp": 1678320000000.0, "accuracy": 0}, "geometry": {"type": "Point", "coordinates": [31.47189155165733, "46.626720409153535"]}}, {"type": "Feature", "properties": {"sheet_name": "critical_infrastracture", "description": "Російські війська обстріляли з мінометів акваторію Очаківської громади.", "date": "2023-03-09", "timestamp": 1678320000000.0, "accuracy": 0}, "geometry": {"type": "Point", "coordinates": [31.46992078599933, "46.62764383835497"]}}, {"type": "Feature", "properties": {"sheet_name": "critical_infrastracture", "description": "Ворог завдавав мінометних ударів по акваторії Очаківської громади.", "date": "2023-03-09", "timestamp": 1678320000000.0, "accuracy": 0}, "geometry": {"type": "Point", "coordinates": [31.464298875935437, "46.62785750666251"]}}, {"type": "Feature", "properties": {"sheet_name": "critical_infrastracture", "description": "Мінометні удари по акваторії Очаківської громади.", "date": "2023-03-09", "timestamp": 1678320000000.0, "accuracy": 0}, "geometry": {"type": "Point", "coordinates": [31.456102045191894, "46.627172291521404"]}}, {"type": "Feature", "properties": {"sheet_name": "houses", "description": "Через ворожі обстріли населеного пункту Куцурубської громади пошкоджено житлові будинки.", "date": "2023-03-10", "timestamp": 1678406400000.0, "accuracy": 0}, "geometry": {"type": "Point", "coordinates": [31.62595232439233, "46.655692405432085"]}}, {"type": "Feature", "properties": {"sheet_name": "admin_buildings", "description": "Внаслідок ворожих обстрілів населеного пункту Куцурубської громади пошкоджено адмінбудівлю.", "date": "2023-03-10", "timestamp": 1678406400000.0, "accuracy": 0}, "geometry": {"type": "Point", "coordinates": [31.625536496327108, "46.65574226498817"]}}, {"type": "Feature", "properties": {"sheet_name": "houses", "description": "Пошкоджено господарські споруди у населеному пункті Куцурубської громади.", "date": "2023-03-10", "timestamp": 1678406400000.0, "accuracy": 0}, "geometry": {"type": "Point", "coordinates": [31.62473719804218, "46.65556736823847"]}}, {"type": "Feature", "properties": {"sheet_name": "critical_infrastracture", "description": "Російські війська завдали ударів по акваторії Очаківської громади.", "date": "2023-03-10", "timestamp": 1678406400000.0, "accuracy": 0}, "geometry": {"type": "Point", "coordinates": [31.544493705734727, "46.59653717982365"]}}, {"type": "Feature", "properties": {"sheet_name": "critical_infrastracture", "description": "Ворожих ударів зазнала акваторія Очаківської громади.", "date": "2023-03-10", "timestamp": 1678406400000.0, "accuracy": 0}, "geometry": {"type": "Point", "coordinates": [31.54260543059875, "46.592644560536705"]}}, {"type": "Feature", "properties": {"sheet_name": "critical_infrastracture", "description": "Ворог завдавав ударів по акваторії Очаківської громади.", "date": "2023-03-10", "timestamp": 1678406400000.0, "accuracy": 0}, "geometry": {"type": "Point", "coordinates": [31.539000541702816, "46.59406009081041"]}}, {"type": "Feature", "properties": {"sheet_name": "critical_infrastracture", "description": "Під ворожим обстрілом перебувала акваторія Очаківської громади.", "date": "2023-03-10", "timestamp": 1678406400000.0, "accuracy": 0}, "geometry": {"type": "Point", "coordinates": [31.527155906759013, "46.601373074896195"]}}, {"type": "Feature", "properties": {"sheet_name": "houses", "description": "Через артилерійські обстріли м. Очаків Очаківської громади пошкоджено приватні будинки, багатоповерхівка.", "date": "2023-03-12", "timestamp": 1678579200000.0, "accuracy": 0}, "geometry": {"type": "Point", "coordinates": [31.52397095876596, "46.62326506398371"]}}, {"type": "Feature", "properties": {"sheet_name": "critical_infrastracture", "description": "У м. Очаків відбулося займання автівок внаслідок ворожих артилерійських обстрілів.", "date": "2023-03-12", "timestamp": 1678579200000.0, "accuracy": 0}, "geometry": {"type": "Point", "coordinates": [31.52250013622092, "46.6228848664647"]}}, {"type": "Feature", "properties": {"sheet_name": "critical_infrastracture", "description": "Мінометні удари по акваторії Очаківської громади.", "date": "2023-03-13", "timestamp": 1678665600000.0, "accuracy": 0}, "geometry": {"type": "Point", "coordinates": [31.50681844333616, "46.61443951446645"]}}, {"type": "Feature", "properties": {"sheet_name": "critical_infrastracture", "description": "Мінометних обстрілів зазнала акваторія Очаківської громади.", "date": "2023-03-14", "timestamp": 1678752000000.0, "accuracy": 0}, "geometry": {"type": "Point", "coordinates": [31.50534918869769, "46.60476528686605"]}}, {"type": "Feature", "properties": {"sheet_name": "critical_infrastracture", "description": "Російські війська обстріляли з мінометів акваторію Очаківської громади.", "date": "2023-03-14", "timestamp": 1678752000000.0, "accuracy": 0}, "geometry": {"type": "Point", "coordinates": [31.48554751851611, "46.60742997787687"]}}, {"type": "Feature", "properties": {"sheet_name": "critical_infrastracture", "description": "Під мінометним обстрілом перебувала акваторія Очаківської громади.", "date": "2023-03-16", "timestamp": 1678924800000.0, "accuracy": 0}, "geometry": {"type": "Point", "coordinates": [31.51172731710192, "46.60346153503461"]}}, {"type": "Feature", "properties": {"sheet_name": "critical_infrastracture", "description": "Мінометних ударів зазнала акваторія Очаківської громади.", "date": "2023-03-16", "timestamp": 1678924800000.0, "accuracy": 0}, "geometry": {"type": "Point", "coordinates": [31.51096975430614, "46.602651895492826"]}}, {"type": "Feature", "properties": {"sheet_name": "critical_infrastracture", "description": "Російські війська з мінометів обстріляли акваторію Очаківської громади.", "date": "2023-03-16", "timestamp": 1678924800000.0, "accuracy": 0}, "geometry": {"type": "Point", "coordinates": [31.508107850410955, "46.60641083389984"]}}, {"type": "Feature", "properties": {"sheet_name": "critical_infrastracture", "description": "Ворог завдавав мінометних ударів по акваторії Очаківської громади.", "date": "2023-03-16", "timestamp": 1678924800000.0, "accuracy": 0}, "geometry": {"type": "Point", "coordinates": [31.497591833368816, "46.60932323130899"]}}, {"type": "Feature", "properties": {"sheet_name": "critical_infrastracture", "description": "Ворог завдавав мінометних ударів по акваторії Очаківської громади.", "date": "2023-03-16", "timestamp": 1678924800000.0, "accuracy": 0}, "geometry": {"type": "Point", "coordinates": [31.488813773391414, "46.61416124499209"]}}, {"type": "Feature", "properties": {"sheet_name": "critical_infrastracture", "description": "ворожі артилерійські обстріли фіксувалися по території Куцурубської громади. За попередньою інформацією руйнувань та постраждалих немає.", "date": "2023-03-17", "timestamp": 1679011200000.0, "accuracy": 0}, "geometry": {"type": "Point", "coordinates": [31.610420182893108, "46.654050055284074"]}}, {"type": "Feature", "properties": {"sheet_name": "critical_infrastracture", "description": "Мінометних і артилерійських ударів зазнала акваторія Очаківської громади.", "date": "2023-03-17", "timestamp": 1679011200000.0, "accuracy": 0}, "geometry": {"type": "Point", "coordinates": [31.538554974815856, "46.59073790982623"]}}, {"type": "Feature", "properties": {"sheet_name": "critical_infrastracture", "description": "Під мінометними і артилерійськими обстрілами перебувала акваторія Очаківської громади.", "date": "2023-03-17", "timestamp": 1679011200000.0, "accuracy": 0}, "geometry": {"type": "Point", "coordinates": [31.53671466061342, "46.59370494608468"]}}, {"type": "Feature", "properties": {"sheet_name": "critical_infrastracture", "description": "Ворог вдарив зі ствольної артилерії у напрямку Куцурубської громади.", "date": "2023-03-18", "timestamp": 1679097600000.0, "accuracy": 0}, "geometry": {"type": "Point", "coordinates": [31.606804348375817, "46.64622323403259"]}}, {"type": "Feature", "properties": {"sheet_name": "critical_infrastracture", "description": "Акваторія Очаківської громади була обстріляна з мінометів та ствольної артилерії.", "date": "2023-03-18", "timestamp": 1679097600000.0, "accuracy": 0}, "geometry": {"type": "Point", "coordinates": [31.55708142193265, "46.596107454077035"]}}, {"type": "Feature", "properties": {"sheet_name": "critical_infrastracture", "description": "Ворог обстрілював акваторію Очаківської громади з мінометів та ствольної артилерії.", "date": "2023-03-18", "timestamp": 1679097600000.0, "accuracy": 0}, "geometry": {"type": "Point", "coordinates": [31.548734416362908, "46.59321955520478"]}}, {"type": "Feature", "properties": {"sheet_name": "critical_infrastracture", "description": "З мінометів та ствольної артилерії ворог обстрілював акваторію Очаківської громади.", "date": "2023-03-18", "timestamp": 1679097600000.0, "accuracy": 0}, "geometry": {"type": "Point", "coordinates": [31.54663307230339, "46.594984400580444"]}}, {"type": "Feature", "properties": {"sheet_name": "critical_infrastracture", "description": "Ворог обстрілював акваторію Очаківської громади з мінометів та ствольної артилерії.", "date": "2023-03-18", "timestamp": 1679097600000.0, "accuracy": 0}, "geometry": {"type": "Point", "coordinates": [31.545757512278584, "46.592256888048134"]}}, {"type": "Feature", "properties": {"sheet_name": "critical_infrastracture", "description": "Під обстрілами з мінометів та ствольної артилерії перебувала акваторію Очаківської громади.", "date": "2023-03-18", "timestamp": 1679097600000.0, "accuracy": 0}, "geometry": {"type": "Point", "coordinates": [31.54505706425875, "46.596869512837436"]}}, {"type": "Feature", "properties": {"sheet_name": "critical_infrastracture", "description": "Артилерійських ударів зазнала акваторія Очаківської громади.", "date": "2023-03-22", "timestamp": 1679443200000.0, "accuracy": 0}, "geometry": {"type": "Point", "coordinates": [31.552878733813618, "46.59221677654552"]}}, {"type": "Feature", "properties": {"sheet_name": "critical_infrastracture", "description": "Російські війська обстріляли з мінометів акваторію Дніпро-Бузького лиману Очаківської громади.", "date": "2023-03-23", "timestamp": 1679529600000.0, "accuracy": 0}, "geometry": {"type": "Point", "coordinates": [31.954064114196168, "46.66323670923941"]}}, {"type": "Feature", "properties": {"sheet_name": "critical_infrastracture", "description": "Російські війська обстріляли з мінометів акваторію Дніпро-Бузького лиману Очаківської громади.", "date": "2023-03-23", "timestamp": 1679529600000.0, "accuracy": 0}, "geometry": {"type": "Point", "coordinates": [31.93515971802969, "46.667080663461626"]}}, {"type": "Feature", "properties": {"sheet_name": "critical_infrastracture", "description": "Артилерійські обстріли акваторії Очаківської громади.", "date": "2023-03-28", "timestamp": 1679961600000.0, "accuracy": 0}, "geometry": {"type": "Point", "coordinates": [31.506075632781616, "46.616685679754355"]}}, {"type": "Feature", "properties": {"sheet_name": "critical_infrastracture", "description": "Ворог завдавав артилерійських обстрілів по акваторії Очаківської громади.", "date": "2023-03-30", "timestamp": 1680134400000.0, "accuracy": 0}, "geometry": {"type": "Point", "coordinates": [31.525890182079657, "46.60579654689039"]}}, {"type": "Feature", "properties": {"sheet_name": "critical_infrastracture", "description": "Під ворожими обстрілами перебувала акваторія Очаківської громади.", "date": "2023-03-30", "timestamp": 1680134400000.0, "accuracy": 0}, "geometry": {"type": "Point", "coordinates": [31.521076562685412, "46.60543577944858"]}}, {"type": "Feature", "properties": {"sheet_name": "critical_infrastracture", "description": "Російські війська обстріляли берегову лінію Очаківської громади.", "date": "2023-03-30", "timestamp": 1680134400000.0, "accuracy": 0}, "geometry": {"type": "Point", "coordinates": [31.512496844587343, "46.620464235809074"]}}, {"type": "Feature", "properties": {"sheet_name": "critical_infrastracture", "description": "Артилерійський обстріл по акваторії Очаківської громади.", "date": "2023-04-03", "timestamp": 1680480000000.0, "accuracy": 0}, "geometry": {"type": "Point", "coordinates": [31.588524016761276, "46.63534051842522"]}}, {"type": "Feature", "properties": {"sheet_name": "critical_infrastracture", "description": "Під ворожим артилерійським обстрілом перебувала акваторія Очаківської громади.", "date": "2023-04-04", "timestamp": 1680566400000.0, "accuracy": 0}, "geometry": {"type": "Point", "coordinates": [31.57381935051307, "46.62815155942099"]}}, {"type": "Feature", "properties": {"sheet_name": "critical_infrastracture", "description": "Ворог завдавав міноментих обстрілів по акваторії Очаківської громади.", "date": "2023-04-05", "timestamp": 1680652800000.0, "accuracy": 0}, "geometry": {"type": "Point", "coordinates": [31.5659301241444, "46.62125357263685"]}}, {"type": "Feature", "properties": {"sheet_name": "critical_infrastracture", "description": "Артилерійські удари по території Куцурубської громади.", "date": "2023-04-07", "timestamp": 1680825600000.0, "accuracy": 0}, "geometry": {"type": "Point", "coordinates": [31.6204420526818, "46.6489839260588"]}}, {"type": "Feature", "properties": {"sheet_name": "critical_infrastracture", "description": "Артилерійський обстріл по акваторії Очаківської громади.", "date": "2023-04-07", "timestamp": 1680825600000.0, "accuracy": 0}, "geometry": {"type": "Point", "coordinates": [31.56702446541638, "46.61793753044982"]}}, {"type": "Feature", "properties": {"sheet_name": "houses", "description": "Через ворожі обстріли у м. Очаків пошкоджено житлові будинки.", "date": "2023-04-07", "timestamp": 1680825600000.0, "accuracy": 0}, "geometry": {"type": "Point", "coordinates": [31.530331224197116, "46.62516054303632"]}}, {"type": "Feature", "properties": {"sheet_name": "civil_infrastructure", "description": "Російські війська обстріляли м. Очаків Очаківської громади, внаслідок чого пошкоджено магазини, цивільну інфраструктуру міста.", "date": "2023-04-07", "timestamp": 1680825600000.0, "accuracy": 0}, "geometry": {"type": "Point", "coordinates": [31.52948901056715, "46.62486949735434"]}}, {"type": "Feature", "properties": {"sheet_name": "injured", "description": "Двоє людей отримало поранення через обстріл м. Очаків.", "date": "2023-04-07", "timestamp": 1680825600000.0, "accuracy": 0}, "geometry": {"type": "Point", "coordinates": [31.529156416658807, "46.62458213425473"]}}, {"type": "Feature", "properties": {"sheet_name": "critical_infrastracture", "description": "ворог завдавав ударів з РСЗВ по населеному пункту Куцурубської громади. Постраждалих та руйнувань немає.", "date": "2023-04-09", "timestamp": 1680998400000.0, "accuracy": 0}, "geometry": {"type": "Point", "coordinates": [31.613980177382302, "46.65500373192702"]}}, {"type": "Feature", "properties": {"sheet_name": "critical_infrastracture", "description": "Під ворожими обстрілалми перебувала акваторія Очаківської громади.", "date": "2023-04-10", "timestamp": 1681084800000.0, "accuracy": 0}, "geometry": {"type": "Point", "coordinates": [31.56965750748845, "46.62516513004679"]}}, {"type": "Feature", "properties": {"sheet_name": "critical_infrastracture", "description": "Російські війська обстріляли акваторію Очаківської громади.", "date": "2023-04-10", "timestamp": 1681084800000.0, "accuracy": 0}, "geometry": {"type": "Point", "coordinates": [31.556269544742214, "46.60289156346591"]}}, {"type": "Feature", "properties": {"sheet_name": "critical_infrastracture", "description": "Обстріл із БМ -21 «Град» у напрямку населеного пункту Куцурубской громади.", "date": "2023-04-11", "timestamp": 1681171200000.0, "accuracy": 0}, "geometry": {"type": "Point", "coordinates": [31.65286684015832, "46.659824368595565"]}}, {"type": "Feature", "properties": {"sheet_name": "critical_infrastracture", "description": "Через артилерійський обстріл міста Очаків Очаківської громади пошкоджень зазнали автівки, мережі Інтернет, -газо та електропостачання.", "date": "2023-04-12", "timestamp": 1681257600000.0, "accuracy": 0}, "geometry": {"type": "Point", "coordinates": [31.56615111100731, "46.62947946199119"]}}, {"type": "Feature", "properties": {"sheet_name": "houses", "description": "Артилерійського обстрілу зазнало місто Очаків Очаківської громади, внаслідок чого зруйновано та пошкоджено житлові будинки. ", "date": "2023-04-12", "timestamp": 1681257600000.0, "accuracy": 0}, "geometry": {"type": "Point", "coordinates": [31.56247112024055, "46.62369003122548"]}}, {"type": "Feature", "properties": {"sheet_name": "critical_infrastracture", "description": "Ворог завдавав ударів з РСЗВ по м. Очаків Очаківської громади.", "date": "2023-04-12", "timestamp": 1681257600000.0, "accuracy": 0}, "geometry": {"type": "Point", "coordinates": [31.555052130172392, "46.62499606891373"]}}, {"type": "Feature", "properties": {"sheet_name": "critical_infrastracture", "description": "Під артилерійськими обстрілами перебували по м. Очаків, акваторія та узбережжя Очаківської громади. ", "date": "2023-04-14", "timestamp": 1681430400000.0, "accuracy": 0}, "geometry": {"type": "Point", "coordinates": [31.556578883912643, "46.612264330559725"]}}, {"type": "Feature", "properties": {"sheet_name": "critical_infrastracture", "description": "Очаків, акваторія та узбережжя Очаківської громади зазнали артилерійських обстрілів із застосуванням РСЗВ та важкої артилерії.", "date": "2023-04-14", "timestamp": 1681430400000.0, "accuracy": 0}, "geometry": {"type": "Point", "coordinates": [31.552892775013195, "46.61838555964964"]}}, {"type": "Feature", "properties": {"sheet_name": "critical_infrastracture", "description": "Ворожі артилерійські обстріли із застосуванням РСЗВ та важкої артилерії по Очаківській громаді завдали пошкоджень об'єктам інфраструктури.", "date": "2023-04-14", "timestamp": 1681430400000.0, "accuracy": 0}, "geometry": {"type": "Point", "coordinates": [31.539829367008952, "46.614448575823026"]}}, {"type": "Feature", "properties": {"sheet_name": "critical_infrastracture", "description": "Російські війська обстріляли із застосуванням РСЗВ та важкої артилерії м. Очаків, акваторію та узбережжя Очаківської громади. ", "date": "2023-04-14", "timestamp": 1681430400000.0, "accuracy": 0}, "geometry": {"type": "Point", "coordinates": [31.538391379483624, "46.61270953418434"]}}, {"type": "Feature", "properties": {"sheet_name": "critical_infrastracture", "description": "Артилерійські обстріли із застосуванням РСЗВ та важкої артилерії по м. Очаків, акваторії та узбережжю Очаківської громади. ", "date": "2023-04-14", "timestamp": 1681430400000.0, "accuracy": 0}, "geometry": {"type": "Point", "coordinates": [31.535414137647663, "46.61864986987403"]}}, {"type": "Feature", "properties": {"sheet_name": "schools", "description": "Внаслідок обстрілу населеного пункту Горохівської громади пошкоджено будівлю дитячого садку.", "date": "2023-04-15", "timestamp": 1681516800000.0, "accuracy": 0}, "geometry": {"type": "Point", "coordinates": [32.70444904571405, "46.95853005112767"]}}, {"type": "Feature", "properties": {"sheet_name": "civil_infrastructure", "description": "Пошкоджено будівлю клубу в населеному пункті Горохівської громади внаслідок вородого обстрілу.", "date": "2023-04-15", "timestamp": 1681516800000.0, "accuracy": 0}, "geometry": {"type": "Point", "coordinates": [32.70320216716834, "46.96009151562736"]}}, {"type": "Feature", "properties": {"sheet_name": "hospitals", "description": "У місті Снігурівка внаслідок  нічного обстрілу пошкоджено лікарню.", "date": "2023-04-16", "timestamp": 1681603200000.0, "accuracy": 0}, "geometry": {"type": "Point", "coordinates": [32.825805839789346, "47.06176389949257"]}}, {"type": "Feature", "properties": {"sheet_name": "killed", "description": "Через обстріл зенітно-ракетними системами С-300 по одному з населених пунктів Снігурівської громади загинуло двоє підлітків 2005 року народження.", "date": "2023-04-16", "timestamp": 1681603200000.0, "accuracy": 0}, "geometry": {"type": "Point", "coordinates": [32.81829158412327, "47.073659261672084"]}}, {"type": "Feature", "properties": {"sheet_name": "schools", "description": "Через обстріл зенітно-ракетними системами С-300 по одному з населених пунктів Снігурівської громади пошкоджено навчальний заклад.", "date": "2023-04-16", "timestamp": 1681603200000.0, "accuracy": 0}, "geometry": {"type": "Point", "coordinates": [32.81531664258912, "47.07489179549988"]}}, {"type": "Feature", "properties": {"sheet_name": "houses", "description": "Через обстріл зенітно-ракетними системами С-300 по одному з населених пунктів Снігурівської громади пошкоджено житлові будинки.", "date": "2023-04-16", "timestamp": 1681603200000.0, "accuracy": 0}, "geometry": {"type": "Point", "coordinates": [32.79493884734816, "47.07304607704912"]}}, {"type": "Feature", "properties": {"sheet_name": "civil_infrastructure", "description": "У місті Снігурівка внаслідок нічного обстрілу пошкоджено будинок культури.", "date": "2023-04-16", "timestamp": 1681603200000.0, "accuracy": 0}, "geometry": {"type": "Point", "coordinates": [32.79283363077927, "47.07641963758008"]}}, {"type": "Feature", "properties": {"sheet_name": "factories", "description": "Через обстріл зенітно-ракетними системами С-300 по одному з населених пунктів Снігурівської громади пошкоджено приватне підприємство.", "date": "2023-04-16", "timestamp": 1681603200000.0, "accuracy": 0}, "geometry": {"type": "Point", "coordinates": [32.79144701, "47.07168305"]}}, {"type": "Feature", "properties": {"sheet_name": "schools", "description": "У місті Снігурівка внаслідок нічного обстрілу пошкоджено два навчальні заклади.", "date": "2023-04-16", "timestamp": 1681603200000.0, "accuracy": 0}, "geometry": {"type": "Point", "coordinates": [32.78994984352351, "47.06954508442404"]}}, {"type": "Feature", "properties": {"sheet_name": "schools", "description": "У місті Снігурівка внаслідок нічного обстрілу пошкоджено два навчальні заклади.", "date": "2023-04-16", "timestamp": 1681603200000.0, "accuracy": 0}, "geometry": {"type": "Point", "coordinates": [32.78754090805938, "47.070106319434004"]}}, {"type": "Feature", "properties": {"sheet_name": "houses", "description": "У місті Снігурівка внаслідок нічного обстрілу пошкоджено житлові будинки.", "date": "2023-04-16", "timestamp": 1681603200000.0, "accuracy": 0}, "geometry": {"type": "Point", "coordinates": [32.78642560351712, "47.068622521383716"]}}, {"type": "Feature", "properties": {"sheet_name": "factories", "description": "У Снігурівській громаді ворог атакував ударними безпілотниками об'єкт промислової інфраструктури.", "date": "2023-04-18", "timestamp": 1681776000000.0, "accuracy": 0}, "geometry": {"type": "Point", "coordinates": [32.79595779191386, "47.05897209757535"]}}, {"type": "Feature", "properties": {"sheet_name": "critical_infrastracture", "description": "Артилерійські обстріли акваторії та узбережжя Очаківської громади", "date": "2023-04-18", "timestamp": 1681776000000.0, "accuracy": 0}, "geometry": {"type": "Point", "coordinates": [31.558497402601777, "46.60985803260498"]}}, {"type": "Feature", "properties": {"sheet_name": "critical_infrastracture", "description": "Під мінометним обстрілм перебували акваторія та узбережжя Очаківської громади", "date": "2023-04-18", "timestamp": 1681776000000.0, "accuracy": 0}, "geometry": {"type": "Point", "coordinates": [31.557577730449275, "46.60913850030413"]}}, {"type": "Feature", "properties": {"sheet_name": "critical_infrastracture", "description": "Під артилерійським обстрілом перебували акваторія та узбережжя Очаківської громади.", "date": "2023-04-20", "timestamp": 1681948800000.0, "accuracy": 0}, "geometry": {"type": "Point", "coordinates": [31.55564006734549, "46.609011162672815"]}}, {"type": "Feature", "properties": {"sheet_name": "critical_infrastracture", "description": "Артилерійських обстрілів зазнало м. Очаків Очаківської громади, влучання зафіксовано на території об’єкта інфраструктури.", "date": "2023-04-20", "timestamp": 1681948800000.0, "accuracy": 0}, "geometry": {"type": "Point", "coordinates": [31.54437243697572, "46.612311956452395"]}}, {"type": "Feature", "properties": {"sheet_name": "houses", "description": "Артилерійських обстрілів зазнало м. Очаків Очаківської громади, внаслідок чого пошкоджено приватні та багатоквартирні будинки. ", "date": "2023-04-20", "timestamp": 1681948800000.0, "accuracy": 0}, "geometry": {"type": "Point", "coordinates": [31.54181649750308, "46.613062840167665"]}}, {"type": "Feature", "properties": {"sheet_name": "critical_infrastracture", "description": "Ворог завдавав артилерійських ударів по акваторії та узбережжю Очаківської громади.", "date": "2023-04-20", "timestamp": 1681948800000.0, "accuracy": 0}, "geometry": {"type": "Point", "coordinates": [31.5334257411261, "46.60994785563503,"]}}, {"type": "Feature", "properties": {"sheet_name": "critical_infrastracture", "description": "Російські війська обстрілювали акваторію та узбережжя Очаківської громади.", "date": "2023-04-20", "timestamp": 1681948800000.0, "accuracy": 0}, "geometry": {"type": "Point", "coordinates": [31.52751603978528, "46.61317750521729"]}}, {"type": "Feature", "properties": {"sheet_name": "critical_infrastracture", "description": "Ворог завдавав ударів з РСЗВ по м. Очаків Очаківської громади.", "date": "2023-04-20", "timestamp": 1681948800000.0, "accuracy": 0}, "geometry": {"type": "Point", "coordinates": [31.524653117805787, "46.615297421844375"]}}, {"type": "Feature", "properties": {"sheet_name": "critical_infrastracture", "description": "Обстріл з РСЗВ м. Очаків Очаківської громади.", "date": "2023-04-20", "timestamp": 1681948800000.0, "accuracy": 0}, "geometry": {"type": "Point", "coordinates": [31.524574321788, "46.61573041588547"]}}, {"type": "Feature", "properties": {"sheet_name": "critical_infrastracture", "description": "Російські війська обстріляли акваторію Очаківської громади з Кінбурнської коси.", "date": "2023-04-21", "timestamp": 1682035200000.0, "accuracy": 0}, "geometry": {"type": "Point", "coordinates": [31.52620277282221, "46.61435925621155"]}}, {"type": "Feature", "properties": {"sheet_name": "critical_infrastracture", "description": "Зафіксовано артилерійський обстріл акваторії Очаківської громади.", "date": "2023-04-22", "timestamp": 1682121600000.0, "accuracy": 0}, "geometry": {"type": "Point", "coordinates": [31.533294414431765, "46.60973133596075"]}}, {"type": "Feature", "properties": {"sheet_name": "critical_infrastracture", "description": "Артилерійських обстрілів зазнав Очаків Очаківської громади.", "date": "2023-04-23", "timestamp": 1682208000000.0, "accuracy": 0}, "geometry": {"type": "Point", "coordinates": [31.53926977913604, "46.612022792278005"]}}, {"type": "Feature", "properties": {"sheet_name": "critical_infrastracture", "description": "Російські війська обстріляли акваторію Очаківської громади.", "date": "2023-04-24", "timestamp": 1682294400000.0, "accuracy": 0}, "geometry": {"type": "Point", "coordinates": [31.51194121, "46.61879985"]}}, {"type": "Feature", "properties": {"sheet_name": "killed", "description": "Внаслідок ворожого ракетного удару по Миколаєву загинула одна людина.", "date": "2023-04-27", "timestamp": 1682553600000.0, "accuracy": 1}, "geometry": {"type": "Point", "coordinates": [32.02283518, "46.99380294"]}}, {"type": "Feature", "properties": {"sheet_name": "houses", "description": "Миколаїв зазнав ворожого ракетного удару. Внаслідок обстрілу пошкоджено 82 приватних будинка та 31 багатоквартирних будинків.", "date": "2023-04-27", "timestamp": 1682553600000.0, "accuracy": 1}, "geometry": {"type": "Point", "coordinates": [32.02253172, "46.994119"]}}, {"type": "Feature", "properties": {"sheet_name": "injured", "description": "Внаслідок ворожого ракетного удару по Миколаєву поранено 23 людини, серед них двоє дітей.", "date": "2023-04-27", "timestamp": 1682553600000.0, "accuracy": 1}, "geometry": {"type": "Point", "coordinates": [32.02205664, "46.9951115"]}}, {"type": "Feature", "properties": {"sheet_name": "civil_infrastructure", "description": "Миколаїв зазнав ворожого ракетного удару. Пошкоджено дві адміністративні будівлі, навчальний заклад, історичну будівлю, музей та\nдитячий садок.", "date": "2023-04-27", "timestamp": 1682553600000.0, "accuracy": 1}, "geometry": {"type": "Point", "coordinates": [32.00448287, "46.9723357"]}}, {"type": "Feature", "properties": {"sheet_name": "critical_infrastracture", "description": "Російські війська обстріляли акваторію Очаківської громади.", "date": "2023-04-27", "timestamp": 1682553600000.0, "accuracy": 0}, "geometry": {"type": "Point", "coordinates": [31.57140684, "46.62206816"]}}, {"type": "Feature", "properties": {"sheet_name": "critical_infrastracture", "description": "Ворожі війська обстріляли акваторію Очаківської громади.", "date": "2023-04-29", "timestamp": 1682726400000.0, "accuracy": 0}, "geometry": {"type": "Point", "coordinates": [31.52076454, "46.61276255"]}}, {"type": "Feature", "properties": {"sheet_name": "critical_infrastracture", "description": "Ворожі війська обстріляли акваторію Очаківської громади.", "date": "2023-04-30", "timestamp": 1682812800000.0, "accuracy": 0}, "geometry": {"type": "Point", "coordinates": [31.5322316, "46.6050508"]}}]}