{"type": "FeatureCollection", "features": [{"type": "Feature", "properties": {"sheet_name": "Артилерія та РСЗВ", "date": "2022-7-1", "timestamp": 1656633600000.0}, "geometry": {"type": "Point", "coordinates": ["32.300632", "47.186537"]}}, {"type": "Feature", "properties": {"sheet_name": "Артилерія та РСЗВ", "date": "2022-7-1", "timestamp": 1656633600000.0}, "geometry": {"type": "Point", "coordinates": ["32.668365", "47.10046"]}}, {"type": "Feature", "properties": {"sheet_name": "Артилерія та РСЗВ", "date": "2022-7-1", "timestamp": 1656633600000.0}, "geometry": {"type": "Point", "coordinates": ["32.835408", "47.290478"]}}, {"type": "Feature", "properties": {"sheet_name": "Артилерія та РСЗВ", "date": "2022-7-1", "timestamp": 1656633600000.0}, "geometry": {"type": "Point", "coordinates": ["32.426633", "47.023607"]}}, {"type": "Feature", "properties": {"sheet_name": "Артилерія та РСЗВ", "date": "2022-7-1", "timestamp": 1656633600000.0}, "geometry": {"type": "Point", "coordinates": ["31.97235", "46.72796"]}}, {"type": "Feature", "properties": {"sheet_name": "Артилерія та РСЗВ", "date": "2022-7-1", "timestamp": 1656633600000.0}, "geometry": {"type": "Point", "coordinates": ["31.908865", "46.844166"]}}, {"type": "Feature", "properties": {"sheet_name": "Артилерія та РСЗВ", "date": "2022-7-1", "timestamp": 1656633600000.0}, "geometry": {"type": "Point", "coordinates": ["32.621648", "47.123866"]}}, {"type": "Feature", "properties": {"sheet_name": "Артилерія та РСЗВ", "date": "2022-7-1", "timestamp": 1656633600000.0}, "geometry": {"type": "Point", "coordinates": ["32.448873", "47.090263"]}}, {"type": "Feature", "properties": {"sheet_name": "Артилерія та РСЗВ", "date": "2022-7-1", "timestamp": 1656633600000.0}, "geometry": {"type": "Point", "coordinates": ["32.00888303", "46.96018269"]}}, {"type": "Feature", "properties": {"sheet_name": "Касетні боєприпаси", "date": "2022-7-1", "timestamp": 1656633600000.0}, "geometry": {"type": "Point", "coordinates": ["31.8806", "46.710101"]}}, {"type": "Feature", "properties": {"sheet_name": "Касетні боєприпаси", "date": "2022-7-1", "timestamp": 1656633600000.0}, "geometry": {"type": "Point", "coordinates": ["32.03823381", "46.89613976"]}}, {"type": "Feature", "properties": {"sheet_name": "Ракети", "date": "2022-7-1", "timestamp": 1656633600000.0}, "geometry": {"type": "Point", "coordinates": ["32.00319345", "46.95518699"]}}, {"type": "Feature", "properties": {"sheet_name": "Ракети", "date": "2022-7-1", "timestamp": 1656633600000.0}, "geometry": {"type": "Point", "coordinates": ["32.02861408802518", "46.92061609013812"]}}, {"type": "Feature", "properties": {"sheet_name": "Артилерія та РСЗВ", "date": "2022-7-2", "timestamp": 1656720000000.0}, "geometry": {"type": "Point", "coordinates": ["32.446554", "47.168671"]}}, {"type": "Feature", "properties": {"sheet_name": "Артилерія та РСЗВ", "date": "2022-7-2", "timestamp": 1656720000000.0}, "geometry": {"type": "Point", "coordinates": ["33.048818", "47.331542"]}}, {"type": "Feature", "properties": {"sheet_name": "Артилерія та РСЗВ", "date": "2022-7-2", "timestamp": 1656720000000.0}, "geometry": {"type": "Point", "coordinates": ["32.829574", "47.198526"]}}, {"type": "Feature", "properties": {"sheet_name": "Артилерія та РСЗВ", "date": "2022-7-2", "timestamp": 1656720000000.0}, "geometry": {"type": "Point", "coordinates": ["32.219268", "46.826064"]}}, {"type": "Feature", "properties": {"sheet_name": "Артилерія та РСЗВ", "date": "2022-7-2", "timestamp": 1656720000000.0}, "geometry": {"type": "Point", "coordinates": ["32.196443", "46.86215"]}}, {"type": "Feature", "properties": {"sheet_name": "Артилерія та РСЗВ", "date": "2022-7-2", "timestamp": 1656720000000.0}, "geometry": {"type": "Point", "coordinates": ["32.227655", "46.885644"]}}, {"type": "Feature", "properties": {"sheet_name": "Артилерія та РСЗВ", "date": "2022-7-2", "timestamp": 1656720000000.0}, "geometry": {"type": "Point", "coordinates": ["32.427847", "47.023995"]}}, {"type": "Feature", "properties": {"sheet_name": "Артилерія та РСЗВ", "date": "2022-7-2", "timestamp": 1656720000000.0}, "geometry": {"type": "Point", "coordinates": ["31.909975", "46.842564"]}}, {"type": "Feature", "properties": {"sheet_name": "Артилерія та РСЗВ", "date": "2022-7-2", "timestamp": 1656720000000.0}, "geometry": {"type": "Point", "coordinates": ["31.968707", "46.808807"]}}, {"type": "Feature", "properties": {"sheet_name": "Артилерія та РСЗВ", "date": "2022-7-2", "timestamp": 1656720000000.0}, "geometry": {"type": "Point", "coordinates": ["32.43914", "47.041483"]}}, {"type": "Feature", "properties": {"sheet_name": "Артилерія та РСЗВ", "date": "2022-7-3", "timestamp": 1656806400000.0}, "geometry": {"type": "Point", "coordinates": ["32.439141", "47.041483"]}}, {"type": "Feature", "properties": {"sheet_name": "Артилерія та РСЗВ", "date": "2022-7-3", "timestamp": 1656806400000.0}, "geometry": {"type": "Point", "coordinates": ["33.048818", "47.331542"]}}, {"type": "Feature", "properties": {"sheet_name": "Артилерія та РСЗВ", "date": "2022-7-3", "timestamp": 1656806400000.0}, "geometry": {"type": "Point", "coordinates": ["32.846669", "47.307953"]}}, {"type": "Feature", "properties": {"sheet_name": "Артилерія та РСЗВ", "date": "2022-7-3", "timestamp": 1656806400000.0}, "geometry": {"type": "Point", "coordinates": ["32.621648", "47.123866"]}}, {"type": "Feature", "properties": {"sheet_name": "Артилерія та РСЗВ", "date": "2022-7-3", "timestamp": 1656806400000.0}, "geometry": {"type": "Point", "coordinates": ["31.873512", "46.63574"]}}, {"type": "Feature", "properties": {"sheet_name": "Артилерія та РСЗВ", "date": "2022-7-3", "timestamp": 1656806400000.0}, "geometry": {"type": "Point", "coordinates": ["32.427847", "47.023995"]}}, {"type": "Feature", "properties": {"sheet_name": "Артилерія та РСЗВ", "date": "2022-7-3", "timestamp": 1656806400000.0}, "geometry": {"type": "Point", "coordinates": ["32.379444", "47.109722"]}}, {"type": "Feature", "properties": {"sheet_name": "Артилерія та РСЗВ", "date": "2022-7-4", "timestamp": 1656892800000.0}, "geometry": {"type": "Point", "coordinates": ["32.621648", "47.123866"]}}, {"type": "Feature", "properties": {"sheet_name": "Артилерія та РСЗВ", "date": "2022-7-4", "timestamp": 1656892800000.0}, "geometry": {"type": "Point", "coordinates": ["31.97235", "46.72796"]}}, {"type": "Feature", "properties": {"sheet_name": "Артилерія та РСЗВ", "date": "2022-7-5", "timestamp": 1656979200000.0}, "geometry": {"type": "Point", "coordinates": ["32.621648", "47.123866"]}}, {"type": "Feature", "properties": {"sheet_name": "Артилерія та РСЗВ", "date": "2022-7-5", "timestamp": 1656979200000.0}, "geometry": {"type": "Point", "coordinates": ["32.225665", "47.19975"]}}, {"type": "Feature", "properties": {"sheet_name": "Артилерія та РСЗВ", "date": "2022-7-5", "timestamp": 1656979200000.0}, "geometry": {"type": "Point", "coordinates": ["32.829574", "47.198526"]}}, {"type": "Feature", "properties": {"sheet_name": "Артилерія та РСЗВ", "date": "2022-7-5", "timestamp": 1656979200000.0}, "geometry": {"type": "Point", "coordinates": ["32.621648", "47.123866"]}}, {"type": "Feature", "properties": {"sheet_name": "Артилерія та РСЗВ", "date": "2022-7-5", "timestamp": 1656979200000.0}, "geometry": {"type": "Point", "coordinates": ["32.427847", "47.023995"]}}, {"type": "Feature", "properties": {"sheet_name": "Артилерія та РСЗВ", "date": "2022-7-5", "timestamp": 1656979200000.0}, "geometry": {"type": "Point", "coordinates": ["31.565892", "46.606658"]}}, {"type": "Feature", "properties": {"sheet_name": "Артилерія та РСЗВ", "date": "2022-7-5", "timestamp": 1656979200000.0}, "geometry": {"type": "Point", "coordinates": ["31.634256", "46.659323"]}}, {"type": "Feature", "properties": {"sheet_name": "Артилерія та РСЗВ", "date": "2022-7-5", "timestamp": 1656979200000.0}, "geometry": {"type": "Point", "coordinates": ["32.455243", "47.022603"]}}, {"type": "Feature", "properties": {"sheet_name": "Артилерія та РСЗВ", "date": "2022-7-5", "timestamp": 1656979200000.0}, "geometry": {"type": "Point", "coordinates": ["32.829574", "47.198526"]}}, {"type": "Feature", "properties": {"sheet_name": "Ракети", "date": "2022-7-5", "timestamp": 1656979200000.0}, "geometry": {"type": "Point", "coordinates": ["32.01440338", "46.95961153"]}}, {"type": "Feature", "properties": {"sheet_name": "Артилерія та РСЗВ", "date": "2022-7-6", "timestamp": 1657065600000.0}, "geometry": {"type": "Point", "coordinates": ["32.829574", "47.198526"]}}, {"type": "Feature", "properties": {"sheet_name": "Артилерія та РСЗВ", "date": "2022-7-6", "timestamp": 1657065600000.0}, "geometry": {"type": "Point", "coordinates": ["31.552642", "46.942736"]}}, {"type": "Feature", "properties": {"sheet_name": "Артилерія та РСЗВ", "date": "2022-7-6", "timestamp": 1657065600000.0}, "geometry": {"type": "Point", "coordinates": ["32.03038533", "46.86871169"]}}, {"type": "Feature", "properties": {"sheet_name": "Артилерія та РСЗВ", "date": "2022-7-6", "timestamp": 1657065600000.0}, "geometry": {"type": "Point", "coordinates": ["32.621648", "47.123866"]}}, {"type": "Feature", "properties": {"sheet_name": "Артилерія та РСЗВ", "date": "2022-7-6", "timestamp": 1657065600000.0}, "geometry": {"type": "Point", "coordinates": ["32.829574", "47.198526"]}}, {"type": "Feature", "properties": {"sheet_name": "Артилерія та РСЗВ", "date": "2022-7-6", "timestamp": 1657065600000.0}, "geometry": {"type": "Point", "coordinates": ["32.359167", "46.966356"]}}, {"type": "Feature", "properties": {"sheet_name": "Артилерія та РСЗВ", "date": "2022-7-6", "timestamp": 1657065600000.0}, "geometry": {"type": "Point", "coordinates": ["32.448873", "47.090263"]}}, {"type": "Feature", "properties": {"sheet_name": "Артилерія та РСЗВ", "date": "2022-7-6", "timestamp": 1657065600000.0}, "geometry": {"type": "Point", "coordinates": ["32.438662", "47.04128"]}}, {"type": "Feature", "properties": {"sheet_name": "Артилерія та РСЗВ", "date": "2022-7-6", "timestamp": 1657065600000.0}, "geometry": {"type": "Point", "coordinates": ["32.196443", "46.86215"]}}, {"type": "Feature", "properties": {"sheet_name": "Касетні боєприпаси", "date": "2022-7-6", "timestamp": 1657065600000.0}, "geometry": {"type": "Point", "coordinates": ["31.97235", "46.72796"]}}, {"type": "Feature", "properties": {"sheet_name": "Артилерія та РСЗВ", "date": "2022-7-7", "timestamp": 1657152000000.0}, "geometry": {"type": "Point", "coordinates": ["31.544722", "46.619291"]}}, {"type": "Feature", "properties": {"sheet_name": "Артилерія та РСЗВ", "date": "2022-7-7", "timestamp": 1657152000000.0}, "geometry": {"type": "Point", "coordinates": ["31.709332", "46.717996"]}}, {"type": "Feature", "properties": {"sheet_name": "Артилерія та РСЗВ", "date": "2022-7-7", "timestamp": 1657152000000.0}, "geometry": {"type": "Point", "coordinates": ["32.01256874", "46.95586224"]}}, {"type": "Feature", "properties": {"sheet_name": "Артилерія та РСЗВ", "date": "2022-7-7", "timestamp": 1657152000000.0}, "geometry": {"type": "Point", "coordinates": ["32.846669", "47.307953"]}}, {"type": "Feature", "properties": {"sheet_name": "Артилерія та РСЗВ", "date": "2022-7-7", "timestamp": 1657152000000.0}, "geometry": {"type": "Point", "coordinates": ["32.91042", "47.32143"]}}, {"type": "Feature", "properties": {"sheet_name": "Артилерія та РСЗВ", "date": "2022-7-7", "timestamp": 1657152000000.0}, "geometry": {"type": "Point", "coordinates": ["32.621648", "47.123866"]}}, {"type": "Feature", "properties": {"sheet_name": "Артилерія та РСЗВ", "date": "2022-7-7", "timestamp": 1657152000000.0}, "geometry": {"type": "Point", "coordinates": ["32.141298", "46.824849"]}}, {"type": "Feature", "properties": {"sheet_name": "Артилерія та РСЗВ", "date": "2022-7-7", "timestamp": 1657152000000.0}, "geometry": {"type": "Point", "coordinates": ["31.954482", "46.80328"]}}, {"type": "Feature", "properties": {"sheet_name": "Артилерія та РСЗВ", "date": "2022-7-7", "timestamp": 1657152000000.0}, "geometry": {"type": "Point", "coordinates": ["32.127128", "46.97565"]}}, {"type": "Feature", "properties": {"sheet_name": "Артилерія та РСЗВ", "date": "2022-7-8", "timestamp": 1657238400000.0}, "geometry": {"type": "Point", "coordinates": ["32.846669", "47.307953"]}}, {"type": "Feature", "properties": {"sheet_name": "Артилерія та РСЗВ", "date": "2022-7-8", "timestamp": 1657238400000.0}, "geometry": {"type": "Point", "coordinates": ["32.453223", "47.314146"]}}, {"type": "Feature", "properties": {"sheet_name": "Артилерія та РСЗВ", "date": "2022-7-8", "timestamp": 1657238400000.0}, "geometry": {"type": "Point", "coordinates": ["33.021857", "47.246213"]}}, {"type": "Feature", "properties": {"sheet_name": "Артилерія та РСЗВ", "date": "2022-7-8", "timestamp": 1657238400000.0}, "geometry": {"type": "Point", "coordinates": ["32.846669", "47.307953"]}}, {"type": "Feature", "properties": {"sheet_name": "Артилерія та РСЗВ", "date": "2022-7-8", "timestamp": 1657238400000.0}, "geometry": {"type": "Point", "coordinates": ["32.970812", "47.236213"]}}, {"type": "Feature", "properties": {"sheet_name": "Артилерія та РСЗВ", "date": "2022-7-8", "timestamp": 1657238400000.0}, "geometry": {"type": "Point", "coordinates": ["32.359167", "46.966356"]}}, {"type": "Feature", "properties": {"sheet_name": "Артилерія та РСЗВ", "date": "2022-7-8", "timestamp": 1657238400000.0}, "geometry": {"type": "Point", "coordinates": ["31.826792", "46.497864"]}}, {"type": "Feature", "properties": {"sheet_name": "Артилерія та РСЗВ", "date": "2022-7-9", "timestamp": 1657324800000.0}, "geometry": {"type": "Point", "coordinates": ["32.621648", "47.123866"]}}, {"type": "Feature", "properties": {"sheet_name": "Артилерія та РСЗВ", "date": "2022-7-9", "timestamp": 1657324800000.0}, "geometry": {"type": "Point", "coordinates": ["32.846669", "47.307953"]}}, {"type": "Feature", "properties": {"sheet_name": "Артилерія та РСЗВ", "date": "2022-7-9", "timestamp": 1657324800000.0}, "geometry": {"type": "Point", "coordinates": ["33.021857", "47.246213"]}}, {"type": "Feature", "properties": {"sheet_name": "Артилерія та РСЗВ", "date": "2022-7-9", "timestamp": 1657324800000.0}, "geometry": {"type": "Point", "coordinates": ["32.874432", "47.187785"]}}, {"type": "Feature", "properties": {"sheet_name": "Артилерія та РСЗВ", "date": "2022-7-9", "timestamp": 1657324800000.0}, "geometry": {"type": "Point", "coordinates": ["32.427847", "47.023995"]}}, {"type": "Feature", "properties": {"sheet_name": "Артилерія та РСЗВ", "date": "2022-7-10", "timestamp": 1657411200000.0}, "geometry": {"type": "Point", "coordinates": ["32.621648", "47.123866"]}}, {"type": "Feature", "properties": {"sheet_name": "Артилерія та РСЗВ", "date": "2022-7-10", "timestamp": 1657411200000.0}, "geometry": {"type": "Point", "coordinates": ["32.846669", "47.307953"]}}, {"type": "Feature", "properties": {"sheet_name": "Артилерія та РСЗВ", "date": "2022-7-10", "timestamp": 1657411200000.0}, "geometry": {"type": "Point", "coordinates": ["32.359167", "46.966356"]}}, {"type": "Feature", "properties": {"sheet_name": "Артилерія та РСЗВ", "date": "2022-7-10", "timestamp": 1657411200000.0}, "geometry": {"type": "Point", "coordinates": ["32.196443", "46.86215"]}}, {"type": "Feature", "properties": {"sheet_name": "Артилерія та РСЗВ", "date": "2022-7-10", "timestamp": 1657411200000.0}, "geometry": {"type": "Point", "coordinates": ["31.97235", "46.72796"]}}, {"type": "Feature", "properties": {"sheet_name": "Артилерія та РСЗВ", "date": "2022-7-11", "timestamp": 1657497600000.0}, "geometry": {"type": "Point", "coordinates": ["32.621648", "47.123866"]}}, {"type": "Feature", "properties": {"sheet_name": "Артилерія та РСЗВ", "date": "2022-7-11", "timestamp": 1657497600000.0}, "geometry": {"type": "Point", "coordinates": ["32.829574", "47.198526"]}}, {"type": "Feature", "properties": {"sheet_name": "Артилерія та РСЗВ", "date": "2022-7-11", "timestamp": 1657497600000.0}, "geometry": {"type": "Point", "coordinates": ["32.438662", "47.04128"]}}, {"type": "Feature", "properties": {"sheet_name": "Ракети", "date": "2022-7-11", "timestamp": 1657497600000.0}, "geometry": {"type": "Point", "coordinates": ["32.02033554963265", "46.84416582685074"]}}, {"type": "Feature", "properties": {"sheet_name": "Артилерія та РСЗВ", "date": "2022-7-12", "timestamp": 1657584000000.0}, "geometry": {"type": "Point", "coordinates": ["32.621648", "47.123866"]}}, {"type": "Feature", "properties": {"sheet_name": "Артилерія та РСЗВ", "date": "2022-7-12", "timestamp": 1657584000000.0}, "geometry": {"type": "Point", "coordinates": ["32.829574", "47.198526"]}}, {"type": "Feature", "properties": {"sheet_name": "Артилерія та РСЗВ", "date": "2022-7-12", "timestamp": 1657584000000.0}, "geometry": {"type": "Point", "coordinates": ["32.846669", "47.307953"]}}, {"type": "Feature", "properties": {"sheet_name": "Артилерія та РСЗВ", "date": "2022-7-12", "timestamp": 1657584000000.0}, "geometry": {"type": "Point", "coordinates": ["33.071037", "47.286823"]}}, {"type": "Feature", "properties": {"sheet_name": "Артилерія та РСЗВ", "date": "2022-7-12", "timestamp": 1657584000000.0}, "geometry": {"type": "Point", "coordinates": ["32.821056", "47.261436"]}}, {"type": "Feature", "properties": {"sheet_name": "Артилерія та РСЗВ", "date": "2022-7-12", "timestamp": 1657584000000.0}, "geometry": {"type": "Point", "coordinates": ["32.837025", "47.27598"]}}, {"type": "Feature", "properties": {"sheet_name": "Артилерія та РСЗВ", "date": "2022-7-12", "timestamp": 1657584000000.0}, "geometry": {"type": "Point", "coordinates": ["31.97235", "46.72796"]}}, {"type": "Feature", "properties": {"sheet_name": "Артилерія та РСЗВ", "date": "2022-7-12", "timestamp": 1657584000000.0}, "geometry": {"type": "Point", "coordinates": ["32.288157", "46.896352"]}}, {"type": "Feature", "properties": {"sheet_name": "Артилерія та РСЗВ", "date": "2022-7-12", "timestamp": 1657584000000.0}, "geometry": {"type": "Point", "coordinates": ["32.196443", "46.86215"]}}, {"type": "Feature", "properties": {"sheet_name": "Ракети", "date": "2022-7-12", "timestamp": 1657584000000.0}, "geometry": {"type": "Point", "coordinates": ["31.96542348", "46.97589386"]}}, {"type": "Feature", "properties": {"sheet_name": "Ракети", "date": "2022-7-12", "timestamp": 1657584000000.0}, "geometry": {"type": "Point", "coordinates": ["32.438221", "47.40372"]}}, {"type": "Feature", "properties": {"sheet_name": "Артилерія та РСЗВ", "date": "2022-7-13", "timestamp": 1657670400000.0}, "geometry": {"type": "Point", "coordinates": ["32.446554", "47.168671"]}}, {"type": "Feature", "properties": {"sheet_name": "Артилерія та РСЗВ", "date": "2022-7-13", "timestamp": 1657670400000.0}, "geometry": {"type": "Point", "coordinates": ["32.674144", "47.098634"]}}, {"type": "Feature", "properties": {"sheet_name": "Артилерія та РСЗВ", "date": "2022-7-13", "timestamp": 1657670400000.0}, "geometry": {"type": "Point", "coordinates": ["32.846669", "47.307953"]}}, {"type": "Feature", "properties": {"sheet_name": "Артилерія та РСЗВ", "date": "2022-7-13", "timestamp": 1657670400000.0}, "geometry": {"type": "Point", "coordinates": ["32.395752", "46.999938"]}}, {"type": "Feature", "properties": {"sheet_name": "Артилерія та РСЗВ", "date": "2022-7-14", "timestamp": 1657756800000.0}, "geometry": {"type": "Point", "coordinates": ["32.438221", "47.40372"]}}, {"type": "Feature", "properties": {"sheet_name": "Артилерія та РСЗВ", "date": "2022-7-14", "timestamp": 1657756800000.0}, "geometry": {"type": "Point", "coordinates": ["32.621648", "47.123866"]}}, {"type": "Feature", "properties": {"sheet_name": "Артилерія та РСЗВ", "date": "2022-7-14", "timestamp": 1657756800000.0}, "geometry": {"type": "Point", "coordinates": ["32.829574", "47.198526"]}}, {"type": "Feature", "properties": {"sheet_name": "Артилерія та РСЗВ", "date": "2022-7-14", "timestamp": 1657756800000.0}, "geometry": {"type": "Point", "coordinates": ["31.98079812", "46.97409932"]}}, {"type": "Feature", "properties": {"sheet_name": "Артилерія та РСЗВ", "date": "2022-7-14", "timestamp": 1657756800000.0}, "geometry": {"type": "Point", "coordinates": ["31.97235", "46.72796"]}}, {"type": "Feature", "properties": {"sheet_name": "Артилерія та РСЗВ", "date": "2022-7-14", "timestamp": 1657756800000.0}, "geometry": {"type": "Point", "coordinates": ["32.196443", "46.86215"]}}, {"type": "Feature", "properties": {"sheet_name": "Артилерія та РСЗВ", "date": "2022-7-14", "timestamp": 1657756800000.0}, "geometry": {"type": "Point", "coordinates": ["32.227655", "46.885644"]}}, {"type": "Feature", "properties": {"sheet_name": "Артилерія та РСЗВ", "date": "2022-7-14", "timestamp": 1657756800000.0}, "geometry": {"type": "Point", "coordinates": ["31.544722", "46.619291"]}}, {"type": "Feature", "properties": {"sheet_name": "Артилерія та РСЗВ", "date": "2022-7-14", "timestamp": 1657756800000.0}, "geometry": {"type": "Point", "coordinates": ["32.621648", "47.123866"]}}, {"type": "Feature", "properties": {"sheet_name": "Артилерія та РСЗВ", "date": "2022-7-14", "timestamp": 1657756800000.0}, "geometry": {"type": "Point", "coordinates": ["32.846669", "47.307953"]}}, {"type": "Feature", "properties": {"sheet_name": "Артилерія та РСЗВ", "date": "2022-7-14", "timestamp": 1657756800000.0}, "geometry": {"type": "Point", "coordinates": ["33.048818", "47.331542"]}}, {"type": "Feature", "properties": {"sheet_name": "Артилерія та РСЗВ", "date": "2022-7-14", "timestamp": 1657756800000.0}, "geometry": {"type": "Point", "coordinates": ["32.297098", "47.490558"]}}, {"type": "Feature", "properties": {"sheet_name": "Артилерія та РСЗВ", "date": "2022-7-14", "timestamp": 1657756800000.0}, "geometry": {"type": "Point", "coordinates": ["32.588849", "47.368058"]}}, {"type": "Feature", "properties": {"sheet_name": "Ракети", "date": "2022-7-14", "timestamp": 1657756800000.0}, "geometry": {"type": "Point", "coordinates": ["32.00223373", "46.96548294"]}}, {"type": "Feature", "properties": {"sheet_name": "Артилерія та РСЗВ", "date": "2022-7-15", "timestamp": 1657843200000.0}, "geometry": {"type": "Point", "coordinates": ["32.438662", "47.04128"]}}, {"type": "Feature", "properties": {"sheet_name": "Артилерія та РСЗВ", "date": "2022-7-15", "timestamp": 1657843200000.0}, "geometry": {"type": "Point", "coordinates": ["31.97235", "46.72796"]}}, {"type": "Feature", "properties": {"sheet_name": "Артилерія та РСЗВ", "date": "2022-7-15", "timestamp": 1657843200000.0}, "geometry": {"type": "Point", "coordinates": ["32.621648", "47.123866"]}}, {"type": "Feature", "properties": {"sheet_name": "Артилерія та РСЗВ", "date": "2022-7-15", "timestamp": 1657843200000.0}, "geometry": {"type": "Point", "coordinates": ["32.973923", "47.55982"]}}, {"type": "Feature", "properties": {"sheet_name": "Артилерія та РСЗВ", "date": "2022-7-15", "timestamp": 1657843200000.0}, "geometry": {"type": "Point", "coordinates": ["32.829574", "47.198526"]}}, {"type": "Feature", "properties": {"sheet_name": "Артилерія та РСЗВ", "date": "2022-7-15", "timestamp": 1657843200000.0}, "geometry": {"type": "Point", "coordinates": ["32.225665", "47.19975"]}}, {"type": "Feature", "properties": {"sheet_name": "Ракети", "date": "2022-7-15", "timestamp": 1657843200000.0}, "geometry": {"type": "Point", "coordinates": ["32.01356753", "46.9605781"]}}, {"type": "Feature", "properties": {"sheet_name": "Артилерія та РСЗВ", "date": "2022-7-16", "timestamp": 1657929600000.0}, "geometry": {"type": "Point", "coordinates": ["32.196443", "46.86215"]}}, {"type": "Feature", "properties": {"sheet_name": "Артилерія та РСЗВ", "date": "2022-7-16", "timestamp": 1657929600000.0}, "geometry": {"type": "Point", "coordinates": ["32.288157", "46.896352"]}}, {"type": "Feature", "properties": {"sheet_name": "Артилерія та РСЗВ", "date": "2022-7-16", "timestamp": 1657929600000.0}, "geometry": {"type": "Point", "coordinates": ["32.2575", "46.908381"]}}, {"type": "Feature", "properties": {"sheet_name": "Артилерія та РСЗВ", "date": "2022-7-16", "timestamp": 1657929600000.0}, "geometry": {"type": "Point", "coordinates": ["31.97235", "46.72796"]}}, {"type": "Feature", "properties": {"sheet_name": "Артилерія та РСЗВ", "date": "2022-7-16", "timestamp": 1657929600000.0}, "geometry": {"type": "Point", "coordinates": ["32.621648", "47.123866"]}}, {"type": "Feature", "properties": {"sheet_name": "Артилерія та РСЗВ", "date": "2022-7-16", "timestamp": 1657929600000.0}, "geometry": {"type": "Point", "coordinates": ["32.225665", "47.19975"]}}, {"type": "Feature", "properties": {"sheet_name": "Артилерія та РСЗВ", "date": "2022-7-16", "timestamp": 1657929600000.0}, "geometry": {"type": "Point", "coordinates": ["32.922111", "47.52284"]}}, {"type": "Feature", "properties": {"sheet_name": "Артилерія та РСЗВ", "date": "2022-7-16", "timestamp": 1657929600000.0}, "geometry": {"type": "Point", "coordinates": ["32.829574", "47.198526"]}}, {"type": "Feature", "properties": {"sheet_name": "Артилерія та РСЗВ", "date": "2022-7-17", "timestamp": 1658016000000.0}, "geometry": {"type": "Point", "coordinates": ["31.97235", "46.72796"]}}, {"type": "Feature", "properties": {"sheet_name": "Артилерія та РСЗВ", "date": "2022-7-17", "timestamp": 1658016000000.0}, "geometry": {"type": "Point", "coordinates": ["32.141298", "46.824849"]}}, {"type": "Feature", "properties": {"sheet_name": "Артилерія та РСЗВ", "date": "2022-7-17", "timestamp": 1658016000000.0}, "geometry": {"type": "Point", "coordinates": ["32.829574", "47.198526"]}}, {"type": "Feature", "properties": {"sheet_name": "Ракети", "date": "2022-7-17", "timestamp": 1658016000000.0}, "geometry": {"type": "Point", "coordinates": ["32.013604828977486", "46.94891778706839"]}}, {"type": "Feature", "properties": {"sheet_name": "Артилерія та РСЗВ", "date": "2022-7-18", "timestamp": 1658102400000.0}, "geometry": {"type": "Point", "coordinates": ["31.97235", "46.72796"]}}, {"type": "Feature", "properties": {"sheet_name": "Артилерія та РСЗВ", "date": "2022-7-18", "timestamp": 1658102400000.0}, "geometry": {"type": "Point", "coordinates": ["32.621648", "47.123866"]}}, {"type": "Feature", "properties": {"sheet_name": "Артилерія та РСЗВ", "date": "2022-7-18", "timestamp": 1658102400000.0}, "geometry": {"type": "Point", "coordinates": ["32.829574", "47.198526"]}}, {"type": "Feature", "properties": {"sheet_name": "Касетні боєприпаси", "date": "2022-7-18", "timestamp": 1658102400000.0}, "geometry": {"type": "Point", "coordinates": ["32.00577292538750", "46.8434224801343"]}}, {"type": "Feature", "properties": {"sheet_name": "Ракети", "date": "2022-7-18", "timestamp": 1658102400000.0}, "geometry": {"type": "Point", "coordinates": ["31.99529031", "47.0184915"]}}, {"type": "Feature", "properties": {"sheet_name": "Артилерія та РСЗВ", "date": "2022-7-19", "timestamp": 1658188800000.0}, "geometry": {"type": "Point", "coordinates": ["32.288157", "46.896352"]}}, {"type": "Feature", "properties": {"sheet_name": "Артилерія та РСЗВ", "date": "2022-7-19", "timestamp": 1658188800000.0}, "geometry": {"type": "Point", "coordinates": ["32.227655", "46.885644"]}}, {"type": "Feature", "properties": {"sheet_name": "Артилерія та РСЗВ", "date": "2022-7-19", "timestamp": 1658188800000.0}, "geometry": {"type": "Point", "coordinates": ["32.309469", "46.813882"]}}, {"type": "Feature", "properties": {"sheet_name": "Артилерія та РСЗВ", "date": "2022-7-19", "timestamp": 1658188800000.0}, "geometry": {"type": "Point", "coordinates": ["31.954482", "46.80328"]}}, {"type": "Feature", "properties": {"sheet_name": "Артилерія та РСЗВ", "date": "2022-7-19", "timestamp": 1658188800000.0}, "geometry": {"type": "Point", "coordinates": ["31.97235", "46.72796"]}}, {"type": "Feature", "properties": {"sheet_name": "Артилерія та РСЗВ", "date": "2022-7-19", "timestamp": 1658188800000.0}, "geometry": {"type": "Point", "coordinates": ["32.621648", "47.123866"]}}, {"type": "Feature", "properties": {"sheet_name": "Артилерія та РСЗВ", "date": "2022-7-20", "timestamp": 1658275200000.0}, "geometry": {"type": "Point", "coordinates": ["32.51341", "47.3838"]}}, {"type": "Feature", "properties": {"sheet_name": "Артилерія та РСЗВ", "date": "2022-7-20", "timestamp": 1658275200000.0}, "geometry": {"type": "Point", "coordinates": ["32.94025", "47.364476"]}}, {"type": "Feature", "properties": {"sheet_name": "Артилерія та РСЗВ", "date": "2022-7-20", "timestamp": 1658275200000.0}, "geometry": {"type": "Point", "coordinates": ["32.821056", "47.261436"]}}, {"type": "Feature", "properties": {"sheet_name": "Артилерія та РСЗВ", "date": "2022-7-20", "timestamp": 1658275200000.0}, "geometry": {"type": "Point", "coordinates": ["31.97235", "46.72796"]}}, {"type": "Feature", "properties": {"sheet_name": "Артилерія та РСЗВ", "date": "2022-7-20", "timestamp": 1658275200000.0}, "geometry": {"type": "Point", "coordinates": ["32.237155", "46.912469"]}}, {"type": "Feature", "properties": {"sheet_name": "Артилерія та РСЗВ", "date": "2022-7-20", "timestamp": 1658275200000.0}, "geometry": {"type": "Point", "coordinates": ["31.954482", "46.80328"]}}, {"type": "Feature", "properties": {"sheet_name": "Артилерія та РСЗВ", "date": "2022-7-20", "timestamp": 1658275200000.0}, "geometry": {"type": "Point", "coordinates": ["32.663701", "47.14444"]}}, {"type": "Feature", "properties": {"sheet_name": "Артилерія та РСЗВ", "date": "2022-7-20", "timestamp": 1658275200000.0}, "geometry": {"type": "Point", "coordinates": ["32.829574", "47.198526"]}}, {"type": "Feature", "properties": {"sheet_name": "Ракети", "date": "2022-7-20", "timestamp": 1658275200000.0}, "geometry": {"type": "Point", "coordinates": ["32.846669", "47.307953"]}}, {"type": "Feature", "properties": {"sheet_name": "Артилерія та РСЗВ", "date": "2022-7-21", "timestamp": 1658361600000.0}, "geometry": {"type": "Point", "coordinates": ["32.674144", "47.098634"]}}, {"type": "Feature", "properties": {"sheet_name": "Артилерія та РСЗВ", "date": "2022-7-21", "timestamp": 1658361600000.0}, "geometry": {"type": "Point", "coordinates": ["32.51341", "47.3838"]}}, {"type": "Feature", "properties": {"sheet_name": "Артилерія та РСЗВ", "date": "2022-7-21", "timestamp": 1658361600000.0}, "geometry": {"type": "Point", "coordinates": ["32.141298", "46.824849"]}}, {"type": "Feature", "properties": {"sheet_name": "Артилерія та РСЗВ", "date": "2022-7-21", "timestamp": 1658361600000.0}, "geometry": {"type": "Point", "coordinates": ["31.97235", "46.72796"]}}, {"type": "Feature", "properties": {"sheet_name": "Артилерія та РСЗВ", "date": "2022-7-21", "timestamp": 1658361600000.0}, "geometry": {"type": "Point", "coordinates": ["32.179163", "47.049012"]}}, {"type": "Feature", "properties": {"sheet_name": "Артилерія та РСЗВ", "date": "2022-7-21", "timestamp": 1658361600000.0}, "geometry": {"type": "Point", "coordinates": ["32.555622", "47.418487"]}}, {"type": "Feature", "properties": {"sheet_name": "Артилерія та РСЗВ", "date": "2022-7-21", "timestamp": 1658361600000.0}, "geometry": {"type": "Point", "coordinates": ["32.829574", "47.198526"]}}, {"type": "Feature", "properties": {"sheet_name": "Ракети", "date": "2022-7-21", "timestamp": 1658361600000.0}, "geometry": {"type": "Point", "coordinates": ["32.00441392872387", "46.96837354914666"]}}, {"type": "Feature", "properties": {"sheet_name": "Артилерія та РСЗВ", "date": "2022-7-22", "timestamp": 1658448000000.0}, "geometry": {"type": "Point", "coordinates": ["32.438662", "47.04128"]}}, {"type": "Feature", "properties": {"sheet_name": "Артилерія та РСЗВ", "date": "2022-7-22", "timestamp": 1658448000000.0}, "geometry": {"type": "Point", "coordinates": ["32.359167", "46.966356"]}}, {"type": "Feature", "properties": {"sheet_name": "Артилерія та РСЗВ", "date": "2022-7-22", "timestamp": 1658448000000.0}, "geometry": {"type": "Point", "coordinates": ["32.468069", "47.002349"]}}, {"type": "Feature", "properties": {"sheet_name": "Артилерія та РСЗВ", "date": "2022-7-22", "timestamp": 1658448000000.0}, "geometry": {"type": "Point", "coordinates": ["32.482437", "46.961971"]}}, {"type": "Feature", "properties": {"sheet_name": "Артилерія та РСЗВ", "date": "2022-7-22", "timestamp": 1658448000000.0}, "geometry": {"type": "Point", "coordinates": ["32.674144", "47.098634"]}}, {"type": "Feature", "properties": {"sheet_name": "Артилерія та РСЗВ", "date": "2022-7-22", "timestamp": 1658448000000.0}, "geometry": {"type": "Point", "coordinates": ["31.954482", "46.80328"]}}, {"type": "Feature", "properties": {"sheet_name": "Артилерія та РСЗВ", "date": "2022-7-22", "timestamp": 1658448000000.0}, "geometry": {"type": "Point", "coordinates": ["31.952911", "46.780528"]}}, {"type": "Feature", "properties": {"sheet_name": "Артилерія та РСЗВ", "date": "2022-7-22", "timestamp": 1658448000000.0}, "geometry": {"type": "Point", "coordinates": ["32.829574", "47.198526"]}}, {"type": "Feature", "properties": {"sheet_name": "Артилерія та РСЗВ", "date": "2022-7-22", "timestamp": 1658448000000.0}, "geometry": {"type": "Point", "coordinates": ["32.621648", "47.123866"]}}, {"type": "Feature", "properties": {"sheet_name": "Ракети", "date": "2022-7-22", "timestamp": 1658448000000.0}, "geometry": {"type": "Point", "coordinates": ["32.011811", "46.959077"]}}, {"type": "Feature", "properties": {"sheet_name": "Артилерія та РСЗВ", "date": "2022-7-23", "timestamp": 1658534400000.0}, "geometry": {"type": "Point", "coordinates": ["31.97235", "46.72796"]}}, {"type": "Feature", "properties": {"sheet_name": "Артилерія та РСЗВ", "date": "2022-7-23", "timestamp": 1658534400000.0}, "geometry": {"type": "Point", "coordinates": ["32.196443", "46.86215"]}}, {"type": "Feature", "properties": {"sheet_name": "Артилерія та РСЗВ", "date": "2022-7-23", "timestamp": 1658534400000.0}, "geometry": {"type": "Point", "coordinates": ["32.674144", "47.098634"]}}, {"type": "Feature", "properties": {"sheet_name": "Артилерія та РСЗВ", "date": "2022-7-23", "timestamp": 1658534400000.0}, "geometry": {"type": "Point", "coordinates": ["32.829574", "47.198526"]}}, {"type": "Feature", "properties": {"sheet_name": "Ракети", "date": "2022-7-23", "timestamp": 1658534400000.0}, "geometry": {"type": "Point", "coordinates": ["32.01969895454786", "46.87739615936787"]}}, {"type": "Feature", "properties": {"sheet_name": "Артилерія та РСЗВ", "date": "2022-7-24", "timestamp": 1658620800000.0}, "geometry": {"type": "Point", "coordinates": ["32.427847", "47.023995"]}}, {"type": "Feature", "properties": {"sheet_name": "Артилерія та РСЗВ", "date": "2022-7-24", "timestamp": 1658620800000.0}, "geometry": {"type": "Point", "coordinates": ["32.829574", "47.198526"]}}, {"type": "Feature", "properties": {"sheet_name": "Артилерія та РСЗВ", "date": "2022-7-24", "timestamp": 1658620800000.0}, "geometry": {"type": "Point", "coordinates": ["32.621648", "47.123866"]}}, {"type": "Feature", "properties": {"sheet_name": "Ракети", "date": "2022-7-24", "timestamp": 1658620800000.0}, "geometry": {"type": "Point", "coordinates": ["32.07693", "46.89499"]}}, {"type": "Feature", "properties": {"sheet_name": "Артилерія та РСЗВ", "date": "2022-7-25", "timestamp": 1658707200000.0}, "geometry": {"type": "Point", "coordinates": ["32.01007393", "46.95377512"]}}, {"type": "Feature", "properties": {"sheet_name": "Артилерія та РСЗВ", "date": "2022-7-25", "timestamp": 1658707200000.0}, "geometry": {"type": "Point", "coordinates": ["32.112717", "46.995222"]}}, {"type": "Feature", "properties": {"sheet_name": "Артилерія та РСЗВ", "date": "2022-7-25", "timestamp": 1658707200000.0}, "geometry": {"type": "Point", "coordinates": ["32.359167", "46.966356"]}}, {"type": "Feature", "properties": {"sheet_name": "Артилерія та РСЗВ", "date": "2022-7-25", "timestamp": 1658707200000.0}, "geometry": {"type": "Point", "coordinates": ["31.788057", "47.161138"]}}, {"type": "Feature", "properties": {"sheet_name": "Артилерія та РСЗВ", "date": "2022-7-25", "timestamp": 1658707200000.0}, "geometry": {"type": "Point", "coordinates": ["32.674144", "47.098634"]}}, {"type": "Feature", "properties": {"sheet_name": "Артилерія та РСЗВ", "date": "2022-7-25", "timestamp": 1658707200000.0}, "geometry": {"type": "Point", "coordinates": ["32.829574", "47.198526"]}}, {"type": "Feature", "properties": {"sheet_name": "Артилерія та РСЗВ", "date": "2022-7-25", "timestamp": 1658707200000.0}, "geometry": {"type": "Point", "coordinates": ["32.73034", "47.483595"]}}, {"type": "Feature", "properties": {"sheet_name": "Артилерія та РСЗВ", "date": "2022-7-26", "timestamp": 1658793600000.0}, "geometry": {"type": "Point", "coordinates": ["32.663701", "47.14444"]}}, {"type": "Feature", "properties": {"sheet_name": "Артилерія та РСЗВ", "date": "2022-7-26", "timestamp": 1658793600000.0}, "geometry": {"type": "Point", "coordinates": ["32.196443", "46.86215"]}}, {"type": "Feature", "properties": {"sheet_name": "Артилерія та РСЗВ", "date": "2022-7-26", "timestamp": 1658793600000.0}, "geometry": {"type": "Point", "coordinates": ["32.227655", "46.885644"]}}, {"type": "Feature", "properties": {"sheet_name": "Артилерія та РСЗВ", "date": "2022-7-26", "timestamp": 1658793600000.0}, "geometry": {"type": "Point", "coordinates": ["31.908865", "46.844166"]}}, {"type": "Feature", "properties": {"sheet_name": "Артилерія та РСЗВ", "date": "2022-7-26", "timestamp": 1658793600000.0}, "geometry": {"type": "Point", "coordinates": ["31.97235", "46.72796"]}}, {"type": "Feature", "properties": {"sheet_name": "Артилерія та РСЗВ", "date": "2022-7-26", "timestamp": 1658793600000.0}, "geometry": {"type": "Point", "coordinates": ["31.892919", "46.97526"]}}, {"type": "Feature", "properties": {"sheet_name": "Артилерія та РСЗВ", "date": "2022-7-26", "timestamp": 1658793600000.0}, "geometry": {"type": "Point", "coordinates": ["32.674144", "47.098634"]}}, {"type": "Feature", "properties": {"sheet_name": "Артилерія та РСЗВ", "date": "2022-7-26", "timestamp": 1658793600000.0}, "geometry": {"type": "Point", "coordinates": ["32.846669", "47.307953"]}}, {"type": "Feature", "properties": {"sheet_name": "Артилерія та РСЗВ", "date": "2022-7-26", "timestamp": 1658793600000.0}, "geometry": {"type": "Point", "coordinates": ["33.048818", "47.331542"]}}, {"type": "Feature", "properties": {"sheet_name": "Артилерія та РСЗВ", "date": "2022-7-26", "timestamp": 1658793600000.0}, "geometry": {"type": "Point", "coordinates": ["33.071037", "47.286823"]}}, {"type": "Feature", "properties": {"sheet_name": "Ракети", "date": "2022-7-26", "timestamp": 1658793600000.0}, "geometry": {"type": "Point", "coordinates": ["32.07057238", "46.98211154"]}}, {"type": "Feature", "properties": {"sheet_name": "Артилерія та РСЗВ", "date": "2022-7-27", "timestamp": 1658880000000.0}, "geometry": {"type": "Point", "coordinates": ["32.13963", "46.87443"]}}, {"type": "Feature", "properties": {"sheet_name": "Артилерія та РСЗВ", "date": "2022-7-27", "timestamp": 1658880000000.0}, "geometry": {"type": "Point", "coordinates": ["32.674144", "47.098634"]}}, {"type": "Feature", "properties": {"sheet_name": "Артилерія та РСЗВ", "date": "2022-7-27", "timestamp": 1658880000000.0}, "geometry": {"type": "Point", "coordinates": ["31.97235", "46.72796"]}}, {"type": "Feature", "properties": {"sheet_name": "Артилерія та РСЗВ", "date": "2022-7-27", "timestamp": 1658880000000.0}, "geometry": {"type": "Point", "coordinates": ["32.196443", "46.86215"]}}, {"type": "Feature", "properties": {"sheet_name": "Артилерія та РСЗВ", "date": "2022-7-27", "timestamp": 1658880000000.0}, "geometry": {"type": "Point", "coordinates": ["32.674144", "47.098634"]}}, {"type": "Feature", "properties": {"sheet_name": "Артилерія та РСЗВ", "date": "2022-7-27", "timestamp": 1658880000000.0}, "geometry": {"type": "Point", "coordinates": ["32.829574", "47.198526"]}}, {"type": "Feature", "properties": {"sheet_name": "Артилерія та РСЗВ", "date": "2022-7-28", "timestamp": 1658966400000.0}, "geometry": {"type": "Point", "coordinates": ["32.674144", "47.098634"]}}, {"type": "Feature", "properties": {"sheet_name": "Артилерія та РСЗВ", "date": "2022-7-28", "timestamp": 1658966400000.0}, "geometry": {"type": "Point", "coordinates": ["32.01503176", "46.95048145"]}}, {"type": "Feature", "properties": {"sheet_name": "Артилерія та РСЗВ", "date": "2022-7-28", "timestamp": 1658966400000.0}, "geometry": {"type": "Point", "coordinates": ["32.339906", "46.980092"]}}, {"type": "Feature", "properties": {"sheet_name": "Артилерія та РСЗВ", "date": "2022-7-28", "timestamp": 1658966400000.0}, "geometry": {"type": "Point", "coordinates": ["31.738128", "46.632603"]}}, {"type": "Feature", "properties": {"sheet_name": "Артилерія та РСЗВ", "date": "2022-7-28", "timestamp": 1658966400000.0}, "geometry": {"type": "Point", "coordinates": ["31.826792", "46.497864"]}}, {"type": "Feature", "properties": {"sheet_name": "Артилерія та РСЗВ", "date": "2022-7-28", "timestamp": 1658966400000.0}, "geometry": {"type": "Point", "coordinates": ["31.772931", "46.662214"]}}, {"type": "Feature", "properties": {"sheet_name": "Артилерія та РСЗВ", "date": "2022-7-28", "timestamp": 1658966400000.0}, "geometry": {"type": "Point", "coordinates": ["32.829574", "47.198526"]}}, {"type": "Feature", "properties": {"sheet_name": "Ракети", "date": "2022-7-28", "timestamp": 1658966400000.0}, "geometry": {"type": "Point", "coordinates": ["32.011812", "46.959077"]}}, {"type": "Feature", "properties": {"sheet_name": "Артилерія та РСЗВ", "date": "2022-7-29", "timestamp": 1659052800000.0}, "geometry": {"type": "Point", "coordinates": ["32.674144", "47.098634"]}}, {"type": "Feature", "properties": {"sheet_name": "Касетні боєприпаси", "date": "2022-7-29", "timestamp": 1659052800000.0}, "geometry": {"type": "Point", "coordinates": ["32.01670424", "46.86746341"]}}, {"type": "Feature", "properties": {"sheet_name": "Артилерія та РСЗВ", "date": "2022-7-30", "timestamp": 1659139200000.0}, "geometry": {"type": "Point", "coordinates": ["32.06390161", "46.9601407"]}}, {"type": "Feature", "properties": {"sheet_name": "Артилерія та РСЗВ", "date": "2022-7-30", "timestamp": 1659139200000.0}, "geometry": {"type": "Point", "coordinates": ["33.071037", "47.286823"]}}, {"type": "Feature", "properties": {"sheet_name": "Артилерія та РСЗВ", "date": "2022-7-30", "timestamp": 1659139200000.0}, "geometry": {"type": "Point", "coordinates": ["33.048818", "47.331542"]}}, {"type": "Feature", "properties": {"sheet_name": "Артилерія та РСЗВ", "date": "2022-7-30", "timestamp": 1659139200000.0}, "geometry": {"type": "Point", "coordinates": ["31.979453", "46.696826"]}}, {"type": "Feature", "properties": {"sheet_name": "Артилерія та РСЗВ", "date": "2022-7-30", "timestamp": 1659139200000.0}, "geometry": {"type": "Point", "coordinates": ["32.663701", "47.14444"]}}, {"type": "Feature", "properties": {"sheet_name": "Артилерія та РСЗВ", "date": "2022-7-30", "timestamp": 1659139200000.0}, "geometry": {"type": "Point", "coordinates": ["32.829574", "47.198526"]}}, {"type": "Feature", "properties": {"sheet_name": "Артилерія та РСЗВ", "date": "2022-7-31", "timestamp": 1659225600000.0}, "geometry": {"type": "Point", "coordinates": ["31.95807128", "46.97269941"]}}, {"type": "Feature", "properties": {"sheet_name": "Артилерія та РСЗВ", "date": "2022-7-31", "timestamp": 1659225600000.0}, "geometry": {"type": "Point", "coordinates": ["32.359167", "46.966356"]}}, {"type": "Feature", "properties": {"sheet_name": "Артилерія та РСЗВ", "date": "2022-7-31", "timestamp": 1659225600000.0}, "geometry": {"type": "Point", "coordinates": ["31.952911", "46.780528"]}}, {"type": "Feature", "properties": {"sheet_name": "Артилерія та РСЗВ", "date": "2022-7-31", "timestamp": 1659225600000.0}, "geometry": {"type": "Point", "coordinates": ["32.446554", "47.168671"]}}, {"type": "Feature", "properties": {"sheet_name": "Артилерія та РСЗВ", "date": "2022-7-31", "timestamp": 1659225600000.0}, "geometry": {"type": "Point", "coordinates": ["33.048818", "47.331542"]}}, {"type": "Feature", "properties": {"sheet_name": "Артилерія та РСЗВ", "date": "2022-7-31", "timestamp": 1659225600000.0}, "geometry": {"type": "Point", "coordinates": ["33.071037", "47.286823"]}}, {"type": "Feature", "properties": {"sheet_name": "Артилерія та РСЗВ", "date": "2022-7-31", "timestamp": 1659225600000.0}, "geometry": {"type": "Point", "coordinates": ["33.062555", "47.366277"]}}, {"type": "Feature", "properties": {"sheet_name": "Артилерія та РСЗВ", "date": "2022-7-31", "timestamp": 1659225600000.0}, "geometry": {"type": "Point", "coordinates": ["32.98571", "47.312209"]}}, {"type": "Feature", "properties": {"sheet_name": "Артилерія та РСЗВ", "date": "2022-7-31", "timestamp": 1659225600000.0}, "geometry": {"type": "Point", "coordinates": ["32.940963", "47.365991"]}}, {"type": "Feature", "properties": {"sheet_name": "Артилерія та РСЗВ", "date": "2022-7-31", "timestamp": 1659225600000.0}, "geometry": {"type": "Point", "coordinates": ["32.91042", "47.32143"]}}, {"type": "Feature", "properties": {"sheet_name": "Артилерія та РСЗВ", "date": "2022-8-1", "timestamp": 1659312000000.0}, "geometry": {"type": "Point", "coordinates": ["32.23462696", "46.87974898"]}}, {"type": "Feature", "properties": {"sheet_name": "Артилерія та РСЗВ", "date": "2022-8-1", "timestamp": 1659312000000.0}, "geometry": {"type": "Point", "coordinates": ["31.97727927", "46.80575661"]}}, {"type": "Feature", "properties": {"sheet_name": "Артилерія та РСЗВ", "date": "2022-8-1", "timestamp": 1659312000000.0}, "geometry": {"type": "Point", "coordinates": ["32.67406809", "47.0955609"]}}, {"type": "Feature", "properties": {"sheet_name": "Ракети", "date": "2022-8-2", "timestamp": 1659398400000.0}, "geometry": {"type": "Point", "coordinates": ["31.97761002", "46.97896482"]}}, {"type": "Feature", "properties": {"sheet_name": "Артилерія та РСЗВ", "date": "2022-8-2", "timestamp": 1659398400000.0}, "geometry": {"type": "Point", "coordinates": ["32.01320552", "46.86774041"]}}, {"type": "Feature", "properties": {"sheet_name": "Артилерія та РСЗВ", "date": "2022-8-2", "timestamp": 1659398400000.0}, "geometry": {"type": "Point", "coordinates": ["32.59660822", "47.28787104"]}}, {"type": "Feature", "properties": {"sheet_name": "Артилерія та РСЗВ", "date": "2022-8-2", "timestamp": 1659398400000.0}, "geometry": {"type": "Point", "coordinates": ["32.8245541", "47.21774041"]}}, {"type": "Feature", "properties": {"sheet_name": "Артилерія та РСЗВ", "date": "2022-8-2", "timestamp": 1659398400000.0}, "geometry": {"type": "Point", "coordinates": ["31.98787912", "46.94405662"]}}, {"type": "Feature", "properties": {"sheet_name": "Артилерія та РСЗВ", "date": "2022-8-2", "timestamp": 1659398400000.0}, "geometry": {"type": "Point", "coordinates": ["32.349017", "46.96198499"]}}, {"type": "Feature", "properties": {"sheet_name": "Артилерія та РСЗВ", "date": "2022-8-2", "timestamp": 1659398400000.0}, "geometry": {"type": "Point", "coordinates": ["31.98924833", "46.89896838"]}}, {"type": "Feature", "properties": {"sheet_name": "Артилерія та РСЗВ", "date": "2022-8-3", "timestamp": 1659484800000.0}, "geometry": {"type": "Point", "coordinates": ["31.99700907", "47.0149994"]}}, {"type": "Feature", "properties": {"sheet_name": "Артилерія та РСЗВ", "date": "2022-8-3", "timestamp": 1659484800000.0}, "geometry": {"type": "Point", "coordinates": ["31.95448981", "46.81060144"]}}, {"type": "Feature", "properties": {"sheet_name": "Артилерія та РСЗВ", "date": "2022-8-3", "timestamp": 1659484800000.0}, "geometry": {"type": "Point", "coordinates": ["32.82298769", "47.21635583"]}}, {"type": "Feature", "properties": {"sheet_name": "Артилерія та РСЗВ", "date": "2022-8-3", "timestamp": 1659484800000.0}, "geometry": {"type": "Point", "coordinates": ["31.52142211", "46.63033261"]}}, {"type": "Feature", "properties": {"sheet_name": "Артилерія та РСЗВ", "date": "2022-8-3", "timestamp": 1659484800000.0}, "geometry": {"type": "Point", "coordinates": ["31.97779494", "46.68196317"]}}, {"type": "Feature", "properties": {"sheet_name": "Артилерія та РСЗВ", "date": "2022-8-3", "timestamp": 1659484800000.0}, "geometry": {"type": "Point", "coordinates": ["32.28494466", "46.8947606"]}}, {"type": "Feature", "properties": {"sheet_name": "Артилерія та РСЗВ", "date": "2022-8-3", "timestamp": 1659484800000.0}, "geometry": {"type": "Point", "coordinates": ["37.16891933", "49.68963604"]}}, {"type": "Feature", "properties": {"sheet_name": "Артилерія та РСЗВ", "date": "2022-8-3", "timestamp": 1659484800000.0}, "geometry": {"type": "Point", "coordinates": ["31.58786678", "46.63856574"]}}, {"type": "Feature", "properties": {"sheet_name": "Артилерія та РСЗВ", "date": "2022-8-3", "timestamp": 1659484800000.0}, "geometry": {"type": "Point", "coordinates": ["32.66251313", "47.10182367"]}}, {"type": "Feature", "properties": {"sheet_name": "Артилерія та РСЗВ", "date": "2022-8-3", "timestamp": 1659484800000.0}, "geometry": {"type": "Point", "coordinates": ["32.66074649", "47.14107214"]}}, {"type": "Feature", "properties": {"sheet_name": "Артилерія та РСЗВ", "date": "2022-8-4", "timestamp": 1659571200000.0}, "geometry": {"type": "Point", "coordinates": ["31.97957623", "46.96759727"]}}, {"type": "Feature", "properties": {"sheet_name": "Артилерія та РСЗВ", "date": "2022-8-4", "timestamp": 1659571200000.0}, "geometry": {"type": "Point", "coordinates": ["32.61568498", "47.25907847"]}}, {"type": "Feature", "properties": {"sheet_name": "Артилерія та РСЗВ", "date": "2022-8-4", "timestamp": 1659571200000.0}, "geometry": {"type": "Point", "coordinates": ["33.0626363", "47.28638634"]}}, {"type": "Feature", "properties": {"sheet_name": "Артилерія та РСЗВ", "date": "2022-8-4", "timestamp": 1659571200000.0}, "geometry": {"type": "Point", "coordinates": ["31.90163048", "46.7100695"]}}, {"type": "Feature", "properties": {"sheet_name": "Артилерія та РСЗВ", "date": "2022-8-4", "timestamp": 1659571200000.0}, "geometry": {"type": "Point", "coordinates": ["32.6813734", "47.09485508"]}}, {"type": "Feature", "properties": {"sheet_name": "Артилерія та РСЗВ", "date": "2022-8-4", "timestamp": 1659571200000.0}, "geometry": {"type": "Point", "coordinates": ["32.66684394", "47.1444734"]}}, {"type": "Feature", "properties": {"sheet_name": "Артилерія та РСЗВ", "date": "2022-8-4", "timestamp": 1659571200000.0}, "geometry": {"type": "Point", "coordinates": ["32.67823771", "47.1681102"]}}, {"type": "Feature", "properties": {"sheet_name": "Артилерія та РСЗВ", "date": "2022-8-5", "timestamp": 1659657600000.0}, "geometry": {"type": "Point", "coordinates": ["32.02200978", "46.84772421"]}}, {"type": "Feature", "properties": {"sheet_name": "Артилерія та РСЗВ", "date": "2022-8-5", "timestamp": 1659657600000.0}, "geometry": {"type": "Point", "coordinates": ["32.11528758", "47.03483724"]}}, {"type": "Feature", "properties": {"sheet_name": "Артилерія та РСЗВ", "date": "2022-8-5", "timestamp": 1659657600000.0}, "geometry": {"type": "Point", "coordinates": ["32.19947768", "46.85465799"]}}, {"type": "Feature", "properties": {"sheet_name": "Артилерія та РСЗВ", "date": "2022-8-5", "timestamp": 1659657600000.0}, "geometry": {"type": "Point", "coordinates": ["31.95899733", "46.79721348"]}}, {"type": "Feature", "properties": {"sheet_name": "Артилерія та РСЗВ", "date": "2022-8-5", "timestamp": 1659657600000.0}, "geometry": {"type": "Point", "coordinates": ["32.67420743", "47.09341496"]}}, {"type": "Feature", "properties": {"sheet_name": "Артилерія та РСЗВ", "date": "2022-8-5", "timestamp": 1659657600000.0}, "geometry": {"type": "Point", "coordinates": ["32.83135618", "47.21778414"]}}, {"type": "Feature", "properties": {"sheet_name": "Артилерія та РСЗВ", "date": "2022-8-5", "timestamp": 1659657600000.0}, "geometry": {"type": "Point", "coordinates": ["32.02486365", "46.85434256"]}}, {"type": "Feature", "properties": {"sheet_name": "Артилерія та РСЗВ", "date": "2022-8-5", "timestamp": 1659657600000.0}, "geometry": {"type": "Point", "coordinates": ["35.92981439", "47.982786"]}}, {"type": "Feature", "properties": {"sheet_name": "Артилерія та РСЗВ", "date": "2022-8-5", "timestamp": 1659657600000.0}, "geometry": {"type": "Point", "coordinates": ["31.95732363", "46.7991084"]}}, {"type": "Feature", "properties": {"sheet_name": "Артилерія та РСЗВ", "date": "2022-8-5", "timestamp": 1659657600000.0}, "geometry": {"type": "Point", "coordinates": ["32.66738877", "47.14113865"]}}, {"type": "Feature", "properties": {"sheet_name": "Артилерія та РСЗВ", "date": "2022-8-5", "timestamp": 1659657600000.0}, "geometry": {"type": "Point", "coordinates": ["32.8296503", "47.21800275"]}}, {"type": "Feature", "properties": {"sheet_name": "Ракети", "date": "2022-8-6", "timestamp": 1659744000000.0}, "geometry": {"type": "Point", "coordinates": ["32.05776243", "46.94927172"]}}, {"type": "Feature", "properties": {"sheet_name": "Артилерія та РСЗВ", "date": "2022-8-6", "timestamp": 1659744000000.0}, "geometry": {"type": "Point", "coordinates": ["32.67309371", "47.16757961"]}}, {"type": "Feature", "properties": {"sheet_name": "Артилерія та РСЗВ", "date": "2022-8-6", "timestamp": 1659744000000.0}, "geometry": {"type": "Point", "coordinates": ["31.51513468", "47.18391615"]}}, {"type": "Feature", "properties": {"sheet_name": "Артилерія та РСЗВ", "date": "2022-8-6", "timestamp": 1659744000000.0}, "geometry": {"type": "Point", "coordinates": ["32.67502802", "47.10084444"]}}, {"type": "Feature", "properties": {"sheet_name": "Артилерія та РСЗВ", "date": "2022-8-6", "timestamp": 1659744000000.0}, "geometry": {"type": "Point", "coordinates": ["32.66746171", "47.13627048"]}}, {"type": "Feature", "properties": {"sheet_name": "Артилерія та РСЗВ", "date": "2022-8-6", "timestamp": 1659744000000.0}, "geometry": {"type": "Point", "coordinates": ["32.66267665", "47.13508813"]}}, {"type": "Feature", "properties": {"sheet_name": "Артилерія та РСЗВ", "date": "2022-8-6", "timestamp": 1659744000000.0}, "geometry": {"type": "Point", "coordinates": ["32.07016071", "46.96441949"]}}, {"type": "Feature", "properties": {"sheet_name": "Артилерія та РСЗВ", "date": "2022-8-6", "timestamp": 1659744000000.0}, "geometry": {"type": "Point", "coordinates": ["32.22242582", "46.88880671"]}}, {"type": "Feature", "properties": {"sheet_name": "Артилерія та РСЗВ", "date": "2022-8-6", "timestamp": 1659744000000.0}, "geometry": {"type": "Point", "coordinates": ["32.46344522", "46.99796279"]}}, {"type": "Feature", "properties": {"sheet_name": "Артилерія та РСЗВ", "date": "2022-8-6", "timestamp": 1659744000000.0}, "geometry": {"type": "Point", "coordinates": ["31.91222596", "47.09482215"]}}, {"type": "Feature", "properties": {"sheet_name": "Артилерія та РСЗВ", "date": "2022-8-6", "timestamp": 1659744000000.0}, "geometry": {"type": "Point", "coordinates": ["31.97651532", "46.72942752"]}}, {"type": "Feature", "properties": {"sheet_name": "Артилерія та РСЗВ", "date": "2022-8-6", "timestamp": 1659744000000.0}, "geometry": {"type": "Point", "coordinates": ["31.98903207", "46.69385713"]}}, {"type": "Feature", "properties": {"sheet_name": "Артилерія та РСЗВ", "date": "2022-8-6", "timestamp": 1659744000000.0}, "geometry": {"type": "Point", "coordinates": ["32.8265282", "47.22194495"]}}, {"type": "Feature", "properties": {"sheet_name": "Артилерія та РСЗВ", "date": "2022-8-6", "timestamp": 1659744000000.0}, "geometry": {"type": "Point", "coordinates": ["32.84217389", "47.31248006"]}}, {"type": "Feature", "properties": {"sheet_name": "Артилерія та РСЗВ", "date": "2022-8-6", "timestamp": 1659744000000.0}, "geometry": {"type": "Point", "coordinates": ["32.66533741", "47.13459182"]}}, {"type": "Feature", "properties": {"sheet_name": "Артилерія та РСЗВ", "date": "2022-8-7", "timestamp": 1659830400000.0}, "geometry": {"type": "Point", "coordinates": ["32.0595729", "46.90888351"]}}, {"type": "Feature", "properties": {"sheet_name": "Артилерія та РСЗВ", "date": "2022-8-7", "timestamp": 1659830400000.0}, "geometry": {"type": "Point", "coordinates": ["32.35887997", "46.9671323"]}}, {"type": "Feature", "properties": {"sheet_name": "Артилерія та РСЗВ", "date": "2022-8-7", "timestamp": 1659830400000.0}, "geometry": {"type": "Point", "coordinates": ["31.36048425", "47.59782741"]}}, {"type": "Feature", "properties": {"sheet_name": "Артилерія та РСЗВ", "date": "2022-8-7", "timestamp": 1659830400000.0}, "geometry": {"type": "Point", "coordinates": ["32.08029121", "46.93931563"]}}, {"type": "Feature", "properties": {"sheet_name": "Артилерія та РСЗВ", "date": "2022-8-7", "timestamp": 1659830400000.0}, "geometry": {"type": "Point", "coordinates": ["31.87595111", "47.02547709"]}}, {"type": "Feature", "properties": {"sheet_name": "Артилерія та РСЗВ", "date": "2022-8-7", "timestamp": 1659830400000.0}, "geometry": {"type": "Point", "coordinates": ["31.96332642", "46.77080254"]}}, {"type": "Feature", "properties": {"sheet_name": "Артилерія та РСЗВ", "date": "2022-8-7", "timestamp": 1659830400000.0}, "geometry": {"type": "Point", "coordinates": ["32.43790405", "47.05663633"]}}, {"type": "Feature", "properties": {"sheet_name": "Артилерія та РСЗВ", "date": "2022-8-7", "timestamp": 1659830400000.0}, "geometry": {"type": "Point", "coordinates": ["32.59098012", "47.42607044"]}}, {"type": "Feature", "properties": {"sheet_name": "Артилерія та РСЗВ", "date": "2022-8-7", "timestamp": 1659830400000.0}, "geometry": {"type": "Point", "coordinates": ["32.68024545", "47.09324255"]}}, {"type": "Feature", "properties": {"sheet_name": "Артилерія та РСЗВ", "date": "2022-8-8", "timestamp": 1659916800000.0}, "geometry": {"type": "Point", "coordinates": ["32.09460871", "46.97002395"]}}, {"type": "Feature", "properties": {"sheet_name": "Артилерія та РСЗВ", "date": "2022-8-8", "timestamp": 1659916800000.0}, "geometry": {"type": "Point", "coordinates": ["32.66516875", "47.14528155"]}}, {"type": "Feature", "properties": {"sheet_name": "Артилерія та РСЗВ", "date": "2022-8-8", "timestamp": 1659916800000.0}, "geometry": {"type": "Point", "coordinates": ["32.67724636", "47.16314818"]}}, {"type": "Feature", "properties": {"sheet_name": "Артилерія та РСЗВ", "date": "2022-8-8", "timestamp": 1659916800000.0}, "geometry": {"type": "Point", "coordinates": ["32.67564254", "47.09963179"]}}, {"type": "Feature", "properties": {"sheet_name": "Артилерія та РСЗВ", "date": "2022-8-8", "timestamp": 1659916800000.0}, "geometry": {"type": "Point", "coordinates": ["32.85555811", "47.30765162"]}}, {"type": "Feature", "properties": {"sheet_name": "Артилерія та РСЗВ", "date": "2022-8-8", "timestamp": 1659916800000.0}, "geometry": {"type": "Point", "coordinates": ["31.96229645", "46.79296069"]}}, {"type": "Feature", "properties": {"sheet_name": "Артилерія та РСЗВ", "date": "2022-8-8", "timestamp": 1659916800000.0}, "geometry": {"type": "Point", "coordinates": ["31.96010776", "46.79534053"]}}, {"type": "Feature", "properties": {"sheet_name": "Артилерія та РСЗВ", "date": "2022-8-8", "timestamp": 1659916800000.0}, "geometry": {"type": "Point", "coordinates": ["32.20724853", "46.85729241"]}}, {"type": "Feature", "properties": {"sheet_name": "Артилерія та РСЗВ", "date": "2022-8-8", "timestamp": 1659916800000.0}, "geometry": {"type": "Point", "coordinates": ["32.83276166", "47.22111427"]}}, {"type": "Feature", "properties": {"sheet_name": "Артилерія та РСЗВ", "date": "2022-8-8", "timestamp": 1659916800000.0}, "geometry": {"type": "Point", "coordinates": ["32.67150352", "47.16694779"]}}, {"type": "Feature", "properties": {"sheet_name": "Артилерія та РСЗВ", "date": "2022-8-9", "timestamp": 1660003200000.0}, "geometry": {"type": "Point", "coordinates": ["32.00694609", "46.98197743"]}}, {"type": "Feature", "properties": {"sheet_name": "Артилерія та РСЗВ", "date": "2022-8-9", "timestamp": 1660003200000.0}, "geometry": {"type": "Point", "coordinates": ["31.98132921", "46.71067385"]}}, {"type": "Feature", "properties": {"sheet_name": "Артилерія та РСЗВ", "date": "2022-8-9", "timestamp": 1660003200000.0}, "geometry": {"type": "Point", "coordinates": ["32.84247045", "47.31334446"]}}, {"type": "Feature", "properties": {"sheet_name": "Артилерія та РСЗВ", "date": "2022-8-9", "timestamp": 1660003200000.0}, "geometry": {"type": "Point", "coordinates": ["32.17044459", "46.87313692"]}}, {"type": "Feature", "properties": {"sheet_name": "Артилерія та РСЗВ", "date": "2022-8-9", "timestamp": 1660003200000.0}, "geometry": {"type": "Point", "coordinates": ["32.23043237", "46.82938465"]}}, {"type": "Feature", "properties": {"sheet_name": "Артилерія та РСЗВ", "date": "2022-8-9", "timestamp": 1660003200000.0}, "geometry": {"type": "Point", "coordinates": ["31.95961424", "46.79525974"]}}, {"type": "Feature", "properties": {"sheet_name": "Артилерія та РСЗВ", "date": "2022-8-9", "timestamp": 1660003200000.0}, "geometry": {"type": "Point", "coordinates": ["32.68638509", "47.17476348"]}}, {"type": "Feature", "properties": {"sheet_name": "Артилерія та РСЗВ", "date": "2022-8-9", "timestamp": 1660003200000.0}, "geometry": {"type": "Point", "coordinates": ["32.66296271", "47.0957206"]}}, {"type": "Feature", "properties": {"sheet_name": "Артилерія та РСЗВ", "date": "2022-8-9", "timestamp": 1660003200000.0}, "geometry": {"type": "Point", "coordinates": ["32.82388419", "47.22518748"]}}, {"type": "Feature", "properties": {"sheet_name": "Артилерія та РСЗВ", "date": "2022-8-10", "timestamp": 1660089600000.0}, "geometry": {"type": "Point", "coordinates": ["32.06934755", "46.96894362"]}}, {"type": "Feature", "properties": {"sheet_name": "Артилерія та РСЗВ", "date": "2022-8-10", "timestamp": 1660089600000.0}, "geometry": {"type": "Point", "coordinates": ["32.21273597", "46.86192458"]}}, {"type": "Feature", "properties": {"sheet_name": "Артилерія та РСЗВ", "date": "2022-8-10", "timestamp": 1660089600000.0}, "geometry": {"type": "Point", "coordinates": ["31.92345974", "47.0972706"]}}, {"type": "Feature", "properties": {"sheet_name": "Артилерія та РСЗВ", "date": "2022-8-10", "timestamp": 1660089600000.0}, "geometry": {"type": "Point", "coordinates": ["32.44668649", "47.03990494"]}}, {"type": "Feature", "properties": {"sheet_name": "Артилерія та РСЗВ", "date": "2022-8-10", "timestamp": 1660089600000.0}, "geometry": {"type": "Point", "coordinates": ["31.95989537", "46.79210589"]}}, {"type": "Feature", "properties": {"sheet_name": "Артилерія та РСЗВ", "date": "2022-8-10", "timestamp": 1660089600000.0}, "geometry": {"type": "Point", "coordinates": ["32.28555363", "46.89516182"]}}, {"type": "Feature", "properties": {"sheet_name": "Артилерія та РСЗВ", "date": "2022-8-10", "timestamp": 1660089600000.0}, "geometry": {"type": "Point", "coordinates": ["31.91239607", "47.09981698"]}}, {"type": "Feature", "properties": {"sheet_name": "Артилерія та РСЗВ", "date": "2022-8-10", "timestamp": 1660089600000.0}, "geometry": {"type": "Point", "coordinates": ["31.99034332", "46.83155641"]}}, {"type": "Feature", "properties": {"sheet_name": "Артилерія та РСЗВ", "date": "2022-8-10", "timestamp": 1660089600000.0}, "geometry": {"type": "Point", "coordinates": ["32.67069418", "47.05909257"]}}, {"type": "Feature", "properties": {"sheet_name": "Артилерія та РСЗВ", "date": "2022-8-10", "timestamp": 1660089600000.0}, "geometry": {"type": "Point", "coordinates": ["33.04481439", "47.32462058"]}}, {"type": "Feature", "properties": {"sheet_name": "Артилерія та РСЗВ", "date": "2022-8-10", "timestamp": 1660089600000.0}, "geometry": {"type": "Point", "coordinates": ["33.0740621", "47.28617717"]}}, {"type": "Feature", "properties": {"sheet_name": "Артилерія та РСЗВ", "date": "2022-8-10", "timestamp": 1660089600000.0}, "geometry": {"type": "Point", "coordinates": ["32.87289148", "47.29365049"]}}, {"type": "Feature", "properties": {"sheet_name": "Артилерія та РСЗВ", "date": "2022-8-11", "timestamp": 1660176000000.0}, "geometry": {"type": "Point", "coordinates": ["31.92277937", "47.0978718"]}}, {"type": "Feature", "properties": {"sheet_name": "Артилерія та РСЗВ", "date": "2022-8-11", "timestamp": 1660176000000.0}, "geometry": {"type": "Point", "coordinates": ["32.01690056", "46.84995088"]}}, {"type": "Feature", "properties": {"sheet_name": "Артилерія та РСЗВ", "date": "2022-8-11", "timestamp": 1660176000000.0}, "geometry": {"type": "Point", "coordinates": ["31.97789617", "46.83386977"]}}, {"type": "Feature", "properties": {"sheet_name": "Артилерія та РСЗВ", "date": "2022-8-11", "timestamp": 1660176000000.0}, "geometry": {"type": "Point", "coordinates": ["32.288157", "46.896352"]}}, {"type": "Feature", "properties": {"sheet_name": "Артилерія та РСЗВ", "date": "2022-8-11", "timestamp": 1660176000000.0}, "geometry": {"type": "Point", "coordinates": ["31.96297236", "46.78497202"]}}, {"type": "Feature", "properties": {"sheet_name": "Артилерія та РСЗВ", "date": "2022-8-11", "timestamp": 1660176000000.0}, "geometry": {"type": "Point", "coordinates": ["31.92354965", "47.10006221"]}}, {"type": "Feature", "properties": {"sheet_name": "Артилерія та РСЗВ", "date": "2022-8-11", "timestamp": 1660176000000.0}, "geometry": {"type": "Point", "coordinates": ["32.36281428", "46.96694924"]}}, {"type": "Feature", "properties": {"sheet_name": "Артилерія та РСЗВ", "date": "2022-8-11", "timestamp": 1660176000000.0}, "geometry": {"type": "Point", "coordinates": ["31.90130723", "46.70479467"]}}, {"type": "Feature", "properties": {"sheet_name": "Артилерія та РСЗВ", "date": "2022-8-11", "timestamp": 1660176000000.0}, "geometry": {"type": "Point", "coordinates": ["33.06137081", "47.3224986"]}}, {"type": "Feature", "properties": {"sheet_name": "Артилерія та РСЗВ", "date": "2022-8-11", "timestamp": 1660176000000.0}, "geometry": {"type": "Point", "coordinates": ["33.07513107", "47.28826291"]}}, {"type": "Feature", "properties": {"sheet_name": "Артилерія та РСЗВ", "date": "2022-8-11", "timestamp": 1660176000000.0}, "geometry": {"type": "Point", "coordinates": ["32.84914465", "47.29876122"]}}, {"type": "Feature", "properties": {"sheet_name": "Артилерія та РСЗВ", "date": "2022-8-11", "timestamp": 1660176000000.0}, "geometry": {"type": "Point", "coordinates": ["32.68431216", "47.17189944"]}}, {"type": "Feature", "properties": {"sheet_name": "Артилерія та РСЗВ", "date": "2022-8-11", "timestamp": 1660176000000.0}, "geometry": {"type": "Point", "coordinates": ["32.66299812", "47.15193611"]}}, {"type": "Feature", "properties": {"sheet_name": "Артилерія та РСЗВ", "date": "2022-8-11", "timestamp": 1660176000000.0}, "geometry": {"type": "Point", "coordinates": ["32.30267864", "46.935685"]}}, {"type": "Feature", "properties": {"sheet_name": "Артилерія та РСЗВ", "date": "2022-8-12", "timestamp": 1660262400000.0}, "geometry": {"type": "Point", "coordinates": ["31.86635589", "46.63493331"]}}, {"type": "Feature", "properties": {"sheet_name": "Артилерія та РСЗВ", "date": "2022-8-12", "timestamp": 1660262400000.0}, "geometry": {"type": "Point", "coordinates": ["31.95254146", "46.78235255"]}}, {"type": "Feature", "properties": {"sheet_name": "Артилерія та РСЗВ", "date": "2022-8-12", "timestamp": 1660262400000.0}, "geometry": {"type": "Point", "coordinates": ["31.92031666", "47.10268288"]}}, {"type": "Feature", "properties": {"sheet_name": "Артилерія та РСЗВ", "date": "2022-8-12", "timestamp": 1660262400000.0}, "geometry": {"type": "Point", "coordinates": ["32.86076428", "47.31796175"]}}, {"type": "Feature", "properties": {"sheet_name": "Артилерія та РСЗВ", "date": "2022-8-12", "timestamp": 1660262400000.0}, "geometry": {"type": "Point", "coordinates": ["33.06083515", "47.32809991"]}}, {"type": "Feature", "properties": {"sheet_name": "Артилерія та РСЗВ", "date": "2022-8-12", "timestamp": 1660262400000.0}, "geometry": {"type": "Point", "coordinates": ["33.07311501", "47.29081586"]}}, {"type": "Feature", "properties": {"sheet_name": "Артилерія та РСЗВ", "date": "2022-8-12", "timestamp": 1660262400000.0}, "geometry": {"type": "Point", "coordinates": ["32.91737025", "47.15386604"]}}, {"type": "Feature", "properties": {"sheet_name": "Артилерія та РСЗВ", "date": "2022-8-12", "timestamp": 1660262400000.0}, "geometry": {"type": "Point", "coordinates": ["32.66994821", "47.09802228"]}}, {"type": "Feature", "properties": {"sheet_name": "Артилерія та РСЗВ", "date": "2022-8-12", "timestamp": 1660262400000.0}, "geometry": {"type": "Point", "coordinates": ["32.66269473", "47.1600587"]}}, {"type": "Feature", "properties": {"sheet_name": "Артилерія та РСЗВ", "date": "2022-8-13", "timestamp": 1660348800000.0}, "geometry": {"type": "Point", "coordinates": ["32.06251123", "46.94982606"]}}, {"type": "Feature", "properties": {"sheet_name": "Артилерія та РСЗВ", "date": "2022-8-13", "timestamp": 1660348800000.0}, "geometry": {"type": "Point", "coordinates": ["32.06166366", "46.94729559"]}}, {"type": "Feature", "properties": {"sheet_name": "Артилерія та РСЗВ", "date": "2022-8-13", "timestamp": 1660348800000.0}, "geometry": {"type": "Point", "coordinates": ["32.43957894", "47.04038988"]}}, {"type": "Feature", "properties": {"sheet_name": "Артилерія та РСЗВ", "date": "2022-8-13", "timestamp": 1660348800000.0}, "geometry": {"type": "Point", "coordinates": ["32.67448651", "47.10090713"]}}, {"type": "Feature", "properties": {"sheet_name": "Артилерія та РСЗВ", "date": "2022-8-13", "timestamp": 1660348800000.0}, "geometry": {"type": "Point", "coordinates": ["32.67925057", "47.16353625"]}}, {"type": "Feature", "properties": {"sheet_name": "Артилерія та РСЗВ", "date": "2022-8-13", "timestamp": 1660348800000.0}, "geometry": {"type": "Point", "coordinates": ["32.85066507", "47.29614107"]}}, {"type": "Feature", "properties": {"sheet_name": "Артилерія та РСЗВ", "date": "2022-8-13", "timestamp": 1660348800000.0}, "geometry": {"type": "Point", "coordinates": ["33.06374279", "47.32182363"]}}, {"type": "Feature", "properties": {"sheet_name": "Артилерія та РСЗВ", "date": "2022-8-13", "timestamp": 1660348800000.0}, "geometry": {"type": "Point", "coordinates": ["33.07798378", "47.28851603"]}}, {"type": "Feature", "properties": {"sheet_name": "Артилерія та РСЗВ", "date": "2022-8-14", "timestamp": 1660435200000.0}, "geometry": {"type": "Point", "coordinates": ["32.05861568", "46.98805554"]}}, {"type": "Feature", "properties": {"sheet_name": "Артилерія та РСЗВ", "date": "2022-8-14", "timestamp": 1660435200000.0}, "geometry": {"type": "Point", "coordinates": ["31.98706397", "46.8103067"]}}, {"type": "Feature", "properties": {"sheet_name": "Артилерія та РСЗВ", "date": "2022-8-14", "timestamp": 1660435200000.0}, "geometry": {"type": "Point", "coordinates": ["32.65955157", "47.10156714"]}}, {"type": "Feature", "properties": {"sheet_name": "Артилерія та РСЗВ", "date": "2022-8-14", "timestamp": 1660435200000.0}, "geometry": {"type": "Point", "coordinates": ["32.86622188", "47.30232267"]}}, {"type": "Feature", "properties": {"sheet_name": "Артилерія та РСЗВ", "date": "2022-8-14", "timestamp": 1660435200000.0}, "geometry": {"type": "Point", "coordinates": ["32.81408722", "47.25490989"]}}, {"type": "Feature", "properties": {"sheet_name": "Артилерія та РСЗВ", "date": "2022-8-14", "timestamp": 1660435200000.0}, "geometry": {"type": "Point", "coordinates": ["32.83782338", "47.27212113"]}}, {"type": "Feature", "properties": {"sheet_name": "Артилерія та РСЗВ", "date": "2022-8-15", "timestamp": 1660521600000.0}, "geometry": {"type": "Point", "coordinates": ["32.05770421", "46.93710676"]}}, {"type": "Feature", "properties": {"sheet_name": "Артилерія та РСЗВ", "date": "2022-8-15", "timestamp": 1660521600000.0}, "geometry": {"type": "Point", "coordinates": ["32.21749356", "46.88211064"]}}, {"type": "Feature", "properties": {"sheet_name": "Артилерія та РСЗВ", "date": "2022-8-15", "timestamp": 1660521600000.0}, "geometry": {"type": "Point", "coordinates": ["32.67235849", "47.09978691"]}}, {"type": "Feature", "properties": {"sheet_name": "Артилерія та РСЗВ", "date": "2022-8-15", "timestamp": 1660521600000.0}, "geometry": {"type": "Point", "coordinates": ["32.679529", "32.68004353"]}}, {"type": "Feature", "properties": {"sheet_name": "Артилерія та РСЗВ", "date": "2022-8-15", "timestamp": 1660521600000.0}, "geometry": {"type": "Point", "coordinates": ["32.44020694", "47.04400018"]}}, {"type": "Feature", "properties": {"sheet_name": "Артилерія та РСЗВ", "date": "2022-8-15", "timestamp": 1660521600000.0}, "geometry": {"type": "Point", "coordinates": ["31.96510816", "46.74774577"]}}, {"type": "Feature", "properties": {"sheet_name": "Артилерія та РСЗВ", "date": "2022-8-15", "timestamp": 1660521600000.0}, "geometry": {"type": "Point", "coordinates": ["32.67551009", "47.09962167"]}}, {"type": "Feature", "properties": {"sheet_name": "Артилерія та РСЗВ", "date": "2022-8-15", "timestamp": 1660521600000.0}, "geometry": {"type": "Point", "coordinates": ["32.66988603", "47.15107515"]}}, {"type": "Feature", "properties": {"sheet_name": "Артилерія та РСЗВ", "date": "2022-8-15", "timestamp": 1660521600000.0}, "geometry": {"type": "Point", "coordinates": ["32.83216667", "47.22721415"]}}, {"type": "Feature", "properties": {"sheet_name": "Артилерія та РСЗВ", "date": "2022-8-15", "timestamp": 1660521600000.0}, "geometry": {"type": "Point", "coordinates": ["33.05835252", "47.31997751"]}}, {"type": "Feature", "properties": {"sheet_name": "Артилерія та РСЗВ", "date": "2022-8-15", "timestamp": 1660521600000.0}, "geometry": {"type": "Point", "coordinates": ["33.0720329", "47.29585733"]}}, {"type": "Feature", "properties": {"sheet_name": "Ракети", "date": "2022-8-16", "timestamp": 1660608000000.0}, "geometry": {"type": "Point", "coordinates": ["32.01512038", "46.97166552"]}}, {"type": "Feature", "properties": {"sheet_name": "Артилерія та РСЗВ", "date": "2022-8-16", "timestamp": 1660608000000.0}, "geometry": {"type": "Point", "coordinates": ["32.66528277", "47.15730584"]}}, {"type": "Feature", "properties": {"sheet_name": "Артилерія та РСЗВ", "date": "2022-8-16", "timestamp": 1660608000000.0}, "geometry": {"type": "Point", "coordinates": ["32.86535395", "47.29154649"]}}, {"type": "Feature", "properties": {"sheet_name": "Артилерія та РСЗВ", "date": "2022-8-16", "timestamp": 1660608000000.0}, "geometry": {"type": "Point", "coordinates": ["32.01520621", "46.97133791"]}}, {"type": "Feature", "properties": {"sheet_name": "Артилерія та РСЗВ", "date": "2022-8-16", "timestamp": 1660608000000.0}, "geometry": {"type": "Point", "coordinates": ["32.43946779", "47.0401349"]}}, {"type": "Feature", "properties": {"sheet_name": "Артилерія та РСЗВ", "date": "2022-8-16", "timestamp": 1660608000000.0}, "geometry": {"type": "Point", "coordinates": ["31.74966742", "46.62930041"]}}, {"type": "Feature", "properties": {"sheet_name": "Артилерія та РСЗВ", "date": "2022-8-16", "timestamp": 1660608000000.0}, "geometry": {"type": "Point", "coordinates": ["32.68156741", "47.09781194"]}}, {"type": "Feature", "properties": {"sheet_name": "Артилерія та РСЗВ", "date": "2022-8-16", "timestamp": 1660608000000.0}, "geometry": {"type": "Point", "coordinates": ["32.82840085", "47.22991714"]}}, {"type": "Feature", "properties": {"sheet_name": "Артилерія та РСЗВ", "date": "2022-8-17", "timestamp": 1660694400000.0}, "geometry": {"type": "Point", "coordinates": ["32.68265601", "47.09378465"]}}, {"type": "Feature", "properties": {"sheet_name": "Артилерія та РСЗВ", "date": "2022-8-17", "timestamp": 1660694400000.0}, "geometry": {"type": "Point", "coordinates": ["32.37457522", "47.05681478"]}}, {"type": "Feature", "properties": {"sheet_name": "Артилерія та РСЗВ", "date": "2022-8-17", "timestamp": 1660694400000.0}, "geometry": {"type": "Point", "coordinates": ["32.21679046", "46.86196622"]}}, {"type": "Feature", "properties": {"sheet_name": "Артилерія та РСЗВ", "date": "2022-8-17", "timestamp": 1660694400000.0}, "geometry": {"type": "Point", "coordinates": ["32.68139537", "47.09330623"]}}, {"type": "Feature", "properties": {"sheet_name": "Артилерія та РСЗВ", "date": "2022-8-17", "timestamp": 1660694400000.0}, "geometry": {"type": "Point", "coordinates": ["32.83546042", "47.22783344"]}}, {"type": "Feature", "properties": {"sheet_name": "Касетні боєприпаси", "date": "2022-8-18", "timestamp": 1660780800000.0}, "geometry": {"type": "Point", "coordinates": ["31.97906004", "46.80223957"]}}, {"type": "Feature", "properties": {"sheet_name": "Артилерія та РСЗВ", "date": "2022-8-18", "timestamp": 1660780800000.0}, "geometry": {"type": "Point", "coordinates": ["32.66071814", "47.10211489"]}}, {"type": "Feature", "properties": {"sheet_name": "Артилерія та РСЗВ", "date": "2022-8-18", "timestamp": 1660780800000.0}, "geometry": {"type": "Point", "coordinates": ["32.01419346", "46.94491264"]}}, {"type": "Feature", "properties": {"sheet_name": "Артилерія та РСЗВ", "date": "2022-8-18", "timestamp": 1660780800000.0}, "geometry": {"type": "Point", "coordinates": ["32.66661314", "47.1523155"]}}, {"type": "Feature", "properties": {"sheet_name": "Артилерія та РСЗВ", "date": "2022-8-18", "timestamp": 1660780800000.0}, "geometry": {"type": "Point", "coordinates": ["32.82440972", "47.22677699"]}}, {"type": "Feature", "properties": {"sheet_name": "Ракети", "date": "2022-8-19", "timestamp": 1660867200000.0}, "geometry": {"type": "Point", "coordinates": ["32.01544365", "46.97174732"]}}, {"type": "Feature", "properties": {"sheet_name": "Касетні боєприпаси", "date": "2022-8-19", "timestamp": 1660867200000.0}, "geometry": {"type": "Point", "coordinates": ["32.43904336", "47.03570829"]}}, {"type": "Feature", "properties": {"sheet_name": "Артилерія та РСЗВ", "date": "2022-8-19", "timestamp": 1660867200000.0}, "geometry": {"type": "Point", "coordinates": ["31.92621719", "47.0981493"]}}, {"type": "Feature", "properties": {"sheet_name": "Артилерія та РСЗВ", "date": "2022-8-19", "timestamp": 1660867200000.0}, "geometry": {"type": "Point", "coordinates": ["32.66243683", "47.14559386"]}}, {"type": "Feature", "properties": {"sheet_name": "Артилерія та РСЗВ", "date": "2022-8-19", "timestamp": 1660867200000.0}, "geometry": {"type": "Point", "coordinates": ["32.67928419", "47.09281706"]}}, {"type": "Feature", "properties": {"sheet_name": "Артилерія та РСЗВ", "date": "2022-8-19", "timestamp": 1660867200000.0}, "geometry": {"type": "Point", "coordinates": ["32.68094876", "47.16815084"]}}, {"type": "Feature", "properties": {"sheet_name": "Артилерія та РСЗВ", "date": "2022-8-19", "timestamp": 1660867200000.0}, "geometry": {"type": "Point", "coordinates": ["32.82391619", "47.2251522"]}}, {"type": "Feature", "properties": {"sheet_name": "Ракети", "date": "2022-8-20", "timestamp": 1660953600000.0}, "geometry": {"type": "Point", "coordinates": ["31.97370913", "46.97162253"]}}, {"type": "Feature", "properties": {"sheet_name": "Ракети", "date": "2022-8-20", "timestamp": 1660953600000.0}, "geometry": {"type": "Point", "coordinates": ["31.32942617", "47.57700492"]}}, {"type": "Feature", "properties": {"sheet_name": "Артилерія та РСЗВ", "date": "2022-8-20", "timestamp": 1660953600000.0}, "geometry": {"type": "Point", "coordinates": ["32.68059122", "47.09376136"]}}, {"type": "Feature", "properties": {"sheet_name": "Артилерія та РСЗВ", "date": "2022-8-20", "timestamp": 1660953600000.0}, "geometry": {"type": "Point", "coordinates": ["32.36977053", "46.88275656"]}}, {"type": "Feature", "properties": {"sheet_name": "Артилерія та РСЗВ", "date": "2022-8-20", "timestamp": 1660953600000.0}, "geometry": {"type": "Point", "coordinates": ["32.29094755", "46.89314396"]}}, {"type": "Feature", "properties": {"sheet_name": "Артилерія та РСЗВ", "date": "2022-8-20", "timestamp": 1660953600000.0}, "geometry": {"type": "Point", "coordinates": ["32.26081145", "46.90843414"]}}, {"type": "Feature", "properties": {"sheet_name": "Артилерія та РСЗВ", "date": "2022-8-20", "timestamp": 1660953600000.0}, "geometry": {"type": "Point", "coordinates": ["32.45931528", "47.16653138"]}}, {"type": "Feature", "properties": {"sheet_name": "Артилерія та РСЗВ", "date": "2022-8-20", "timestamp": 1660953600000.0}, "geometry": {"type": "Point", "coordinates": ["32.66671638", "47.13808584"]}}, {"type": "Feature", "properties": {"sheet_name": "Артилерія та РСЗВ", "date": "2022-8-20", "timestamp": 1660953600000.0}, "geometry": {"type": "Point", "coordinates": ["32.68129396", "47.09339798"]}}, {"type": "Feature", "properties": {"sheet_name": "Артилерія та РСЗВ", "date": "2022-8-20", "timestamp": 1660953600000.0}, "geometry": {"type": "Point", "coordinates": ["32.82376599", "47.22304646"]}}, {"type": "Feature", "properties": {"sheet_name": "Ракети", "date": "2022-8-21", "timestamp": 1661040000000.0}, "geometry": {"type": "Point", "coordinates": ["32.05871304", "46.96505832"]}}, {"type": "Feature", "properties": {"sheet_name": "Артилерія та РСЗВ", "date": "2022-8-21", "timestamp": 1661040000000.0}, "geometry": {"type": "Point", "coordinates": ["32.67630468", "47.09519775"]}}, {"type": "Feature", "properties": {"sheet_name": "Артилерія та РСЗВ", "date": "2022-8-21", "timestamp": 1661040000000.0}, "geometry": {"type": "Point", "coordinates": ["31.92467644", "47.09758802"]}}, {"type": "Feature", "properties": {"sheet_name": "Артилерія та РСЗВ", "date": "2022-8-21", "timestamp": 1661040000000.0}, "geometry": {"type": "Point", "coordinates": ["32.44525026", "47.39343233"]}}, {"type": "Feature", "properties": {"sheet_name": "Артилерія та РСЗВ", "date": "2022-8-21", "timestamp": 1661040000000.0}, "geometry": {"type": "Point", "coordinates": ["32.65938191", "47.15177558"]}}, {"type": "Feature", "properties": {"sheet_name": "Артилерія та РСЗВ", "date": "2022-8-21", "timestamp": 1661040000000.0}, "geometry": {"type": "Point", "coordinates": ["32.67524558", "47.09892518"]}}, {"type": "Feature", "properties": {"sheet_name": "Артилерія та РСЗВ", "date": "2022-8-21", "timestamp": 1661040000000.0}, "geometry": {"type": "Point", "coordinates": ["32.45557583", "47.17451219"]}}, {"type": "Feature", "properties": {"sheet_name": "Артилерія та РСЗВ", "date": "2022-8-21", "timestamp": 1661040000000.0}, "geometry": {"type": "Point", "coordinates": ["32.82859397", "47.22838716"]}}, {"type": "Feature", "properties": {"sheet_name": "Артилерія та РСЗВ", "date": "2022-8-22", "timestamp": 1661126400000.0}, "geometry": {"type": "Point", "coordinates": ["32.03266032", "46.91882428"]}}, {"type": "Feature", "properties": {"sheet_name": "Артилерія та РСЗВ", "date": "2022-8-22", "timestamp": 1661126400000.0}, "geometry": {"type": "Point", "coordinates": ["32.44917592", "47.1756284"]}}, {"type": "Feature", "properties": {"sheet_name": "Артилерія та РСЗВ", "date": "2022-8-22", "timestamp": 1661126400000.0}, "geometry": {"type": "Point", "coordinates": ["32.66140399", "47.15684187"]}}, {"type": "Feature", "properties": {"sheet_name": "Артилерія та РСЗВ", "date": "2022-8-22", "timestamp": 1661126400000.0}, "geometry": {"type": "Point", "coordinates": ["32.86401546", "47.29878866"]}}, {"type": "Feature", "properties": {"sheet_name": "Ракети", "date": "2022-8-23", "timestamp": 1661212800000.0}, "geometry": {"type": "Point", "coordinates": ["32.67484361", "47.09867514"]}}, {"type": "Feature", "properties": {"sheet_name": "Артилерія та РСЗВ", "date": "2022-8-23", "timestamp": 1661212800000.0}, "geometry": {"type": "Point", "coordinates": ["32.67081493", "47.09905127"]}}, {"type": "Feature", "properties": {"sheet_name": "Артилерія та РСЗВ", "date": "2022-8-23", "timestamp": 1661212800000.0}, "geometry": {"type": "Point", "coordinates": ["32.68276647", "47.16722942"]}}, {"type": "Feature", "properties": {"sheet_name": "Артилерія та РСЗВ", "date": "2022-8-23", "timestamp": 1661212800000.0}, "geometry": {"type": "Point", "coordinates": ["32.66674189", "47.15022876"]}}, {"type": "Feature", "properties": {"sheet_name": "Артилерія та РСЗВ", "date": "2022-8-23", "timestamp": 1661212800000.0}, "geometry": {"type": "Point", "coordinates": ["32.67347031", "47.09933611"]}}, {"type": "Feature", "properties": {"sheet_name": "Артилерія та РСЗВ", "date": "2022-8-23", "timestamp": 1661212800000.0}, "geometry": {"type": "Point", "coordinates": ["32.67380291", "47.0991097"]}}, {"type": "Feature", "properties": {"sheet_name": "Артилерія та РСЗВ", "date": "2022-8-23", "timestamp": 1661212800000.0}, "geometry": {"type": "Point", "coordinates": ["32.67026095", "47.15556949"]}}, {"type": "Feature", "properties": {"sheet_name": "Артилерія та РСЗВ", "date": "2022-8-23", "timestamp": 1661212800000.0}, "geometry": {"type": "Point", "coordinates": ["32.83029985", "47.22668227"]}}, {"type": "Feature", "properties": {"sheet_name": "Артилерія та РСЗВ", "date": "2022-8-24", "timestamp": 1661299200000.0}, "geometry": {"type": "Point", "coordinates": ["32.62011517", "47.26588796"]}}, {"type": "Feature", "properties": {"sheet_name": "Артилерія та РСЗВ", "date": "2022-8-24", "timestamp": 1661299200000.0}, "geometry": {"type": "Point", "coordinates": ["32.82189723", "47.25312329"]}}, {"type": "Feature", "properties": {"sheet_name": "Артилерія та РСЗВ", "date": "2022-8-24", "timestamp": 1661299200000.0}, "geometry": {"type": "Point", "coordinates": ["32.83257807", "47.29872055"]}}, {"type": "Feature", "properties": {"sheet_name": "Артилерія та РСЗВ", "date": "2022-8-24", "timestamp": 1661299200000.0}, "geometry": {"type": "Point", "coordinates": ["32.49455251", "47.67207407"]}}, {"type": "Feature", "properties": {"sheet_name": "Артилерія та РСЗВ", "date": "2022-8-24", "timestamp": 1661299200000.0}, "geometry": {"type": "Point", "coordinates": ["31.99655842", "46.94772907"]}}, {"type": "Feature", "properties": {"sheet_name": "Артилерія та РСЗВ", "date": "2022-8-24", "timestamp": 1661299200000.0}, "geometry": {"type": "Point", "coordinates": ["32.21381716", "46.88549401"]}}, {"type": "Feature", "properties": {"sheet_name": "Артилерія та РСЗВ", "date": "2022-8-24", "timestamp": 1661299200000.0}, "geometry": {"type": "Point", "coordinates": ["32.35336664", "46.97050647"]}}, {"type": "Feature", "properties": {"sheet_name": "Артилерія та РСЗВ", "date": "2022-8-24", "timestamp": 1661299200000.0}, "geometry": {"type": "Point", "coordinates": ["32.66870703", "47.13662692"]}}, {"type": "Feature", "properties": {"sheet_name": "Артилерія та РСЗВ", "date": "2022-8-24", "timestamp": 1661299200000.0}, "geometry": {"type": "Point", "coordinates": ["32.66556429", "47.15057027"]}}, {"type": "Feature", "properties": {"sheet_name": "Артилерія та РСЗВ", "date": "2022-8-24", "timestamp": 1661299200000.0}, "geometry": {"type": "Point", "coordinates": ["33.05682807", "47.31713822"]}}, {"type": "Feature", "properties": {"sheet_name": "Артилерія та РСЗВ", "date": "2022-8-24", "timestamp": 1661299200000.0}, "geometry": {"type": "Point", "coordinates": ["33.0777251", "47.29276832"]}}, {"type": "Feature", "properties": {"sheet_name": "Ракети", "date": "2022-8-25", "timestamp": 1661385600000.0}, "geometry": {"type": "Point", "coordinates": ["32.05001151", "46.97651637"]}}, {"type": "Feature", "properties": {"sheet_name": "Артилерія та РСЗВ", "date": "2022-8-25", "timestamp": 1661385600000.0}, "geometry": {"type": "Point", "coordinates": ["32.83146695", "47.30803339"]}}, {"type": "Feature", "properties": {"sheet_name": "Артилерія та РСЗВ", "date": "2022-8-25", "timestamp": 1661385600000.0}, "geometry": {"type": "Point", "coordinates": ["31.9853028", "46.70108039"]}}, {"type": "Feature", "properties": {"sheet_name": "Артилерія та РСЗВ", "date": "2022-8-25", "timestamp": 1661385600000.0}, "geometry": {"type": "Point", "coordinates": ["32.67641525", "47.10143699"]}}, {"type": "Feature", "properties": {"sheet_name": "Артилерія та РСЗВ", "date": "2022-8-25", "timestamp": 1661385600000.0}, "geometry": {"type": "Point", "coordinates": ["32.65811591", "47.15005364"]}}, {"type": "Feature", "properties": {"sheet_name": "Артилерія та РСЗВ", "date": "2022-8-25", "timestamp": 1661385600000.0}, "geometry": {"type": "Point", "coordinates": ["32.8248795", "47.22026394"]}}, {"type": "Feature", "properties": {"sheet_name": "Артилерія та РСЗВ", "date": "2022-8-25", "timestamp": 1661385600000.0}, "geometry": {"type": "Point", "coordinates": ["32.84685187", "47.309488"]}}, {"type": "Feature", "properties": {"sheet_name": "Артилерія та РСЗВ", "date": "2022-8-26", "timestamp": 1661472000000.0}, "geometry": {"type": "Point", "coordinates": ["32.67898847", "47.10000093"]}}, {"type": "Feature", "properties": {"sheet_name": "Артилерія та РСЗВ", "date": "2022-8-26", "timestamp": 1661472000000.0}, "geometry": {"type": "Point", "coordinates": ["32.66269226", "47.14534264"]}}, {"type": "Feature", "properties": {"sheet_name": "Артилерія та РСЗВ", "date": "2022-8-26", "timestamp": 1661472000000.0}, "geometry": {"type": "Point", "coordinates": ["31.94972798", "46.96476704"]}}, {"type": "Feature", "properties": {"sheet_name": "Артилерія та РСЗВ", "date": "2022-8-26", "timestamp": 1661472000000.0}, "geometry": {"type": "Point", "coordinates": ["32.45161401", "47.03909481"]}}, {"type": "Feature", "properties": {"sheet_name": "Артилерія та РСЗВ", "date": "2022-8-26", "timestamp": 1661472000000.0}, "geometry": {"type": "Point", "coordinates": ["32.43876086", "47.03995941"]}}, {"type": "Feature", "properties": {"sheet_name": "Артилерія та РСЗВ", "date": "2022-8-26", "timestamp": 1661472000000.0}, "geometry": {"type": "Point", "coordinates": ["32.66325463", "47.14546672"]}}, {"type": "Feature", "properties": {"sheet_name": "Артилерія та РСЗВ", "date": "2022-8-26", "timestamp": 1661472000000.0}, "geometry": {"type": "Point", "coordinates": ["32.82143554", "47.216737"]}}, {"type": "Feature", "properties": {"sheet_name": "Артилерія та РСЗВ", "date": "2022-8-26", "timestamp": 1661472000000.0}, "geometry": {"type": "Point", "coordinates": ["32.84810542", "47.29920433"]}}, {"type": "Feature", "properties": {"sheet_name": "Артилерія та РСЗВ", "date": "2022-8-27", "timestamp": 1661558400000.0}, "geometry": {"type": "Point", "coordinates": ["31.94641104", "46.94362038"]}}, {"type": "Feature", "properties": {"sheet_name": "Артилерія та РСЗВ", "date": "2022-8-27", "timestamp": 1661558400000.0}, "geometry": {"type": "Point", "coordinates": ["32.67593215", "47.09272214"]}}, {"type": "Feature", "properties": {"sheet_name": "Артилерія та РСЗВ", "date": "2022-8-27", "timestamp": 1661558400000.0}, "geometry": {"type": "Point", "coordinates": ["32.67709839", "47.16843094"]}}, {"type": "Feature", "properties": {"sheet_name": "Артилерія та РСЗВ", "date": "2022-8-27", "timestamp": 1661558400000.0}, "geometry": {"type": "Point", "coordinates": ["32.30452691", "46.93337898"]}}, {"type": "Feature", "properties": {"sheet_name": "Артилерія та РСЗВ", "date": "2022-8-27", "timestamp": 1661558400000.0}, "geometry": {"type": "Point", "coordinates": ["32.38350612", "46.88512234"]}}, {"type": "Feature", "properties": {"sheet_name": "Артилерія та РСЗВ", "date": "2022-8-27", "timestamp": 1661558400000.0}, "geometry": {"type": "Point", "coordinates": ["32.43802035", "47.05664496"]}}, {"type": "Feature", "properties": {"sheet_name": "Артилерія та РСЗВ", "date": "2022-8-27", "timestamp": 1661558400000.0}, "geometry": {"type": "Point", "coordinates": ["32.67490218", "47.09404786"]}}, {"type": "Feature", "properties": {"sheet_name": "Артилерія та РСЗВ", "date": "2022-8-27", "timestamp": 1661558400000.0}, "geometry": {"type": "Point", "coordinates": ["32.67536889", "47.09441672"]}}, {"type": "Feature", "properties": {"sheet_name": "Артилерія та РСЗВ", "date": "2022-8-27", "timestamp": 1661558400000.0}, "geometry": {"type": "Point", "coordinates": ["32.82953581", "47.22036596"]}}, {"type": "Feature", "properties": {"sheet_name": "Артилерія та РСЗВ", "date": "2022-8-28", "timestamp": 1661644800000.0}, "geometry": {"type": "Point", "coordinates": ["32.67197352", "47.10016623"]}}, {"type": "Feature", "properties": {"sheet_name": "Артилерія та РСЗВ", "date": "2022-8-28", "timestamp": 1661644800000.0}, "geometry": {"type": "Point", "coordinates": ["32.01711297", "46.94915181"]}}, {"type": "Feature", "properties": {"sheet_name": "Артилерія та РСЗВ", "date": "2022-8-28", "timestamp": 1661644800000.0}, "geometry": {"type": "Point", "coordinates": ["32.0048966", "46.94997822"]}}, {"type": "Feature", "properties": {"sheet_name": "Артилерія та РСЗВ", "date": "2022-8-28", "timestamp": 1661644800000.0}, "geometry": {"type": "Point", "coordinates": ["32.44436132", "47.03537303"]}}, {"type": "Feature", "properties": {"sheet_name": "Артилерія та РСЗВ", "date": "2022-8-28", "timestamp": 1661644800000.0}, "geometry": {"type": "Point", "coordinates": ["32.28667036", "46.89660523"]}}, {"type": "Feature", "properties": {"sheet_name": "Артилерія та РСЗВ", "date": "2022-8-28", "timestamp": 1661644800000.0}, "geometry": {"type": "Point", "coordinates": ["32.22444897", "46.88682145"]}}, {"type": "Feature", "properties": {"sheet_name": "Артилерія та РСЗВ", "date": "2022-8-28", "timestamp": 1661644800000.0}, "geometry": {"type": "Point", "coordinates": ["31.555068", "46.61130491"]}}, {"type": "Feature", "properties": {"sheet_name": "Артилерія та РСЗВ", "date": "2022-8-28", "timestamp": 1661644800000.0}, "geometry": {"type": "Point", "coordinates": ["32.83676981", "47.31290745"]}}, {"type": "Feature", "properties": {"sheet_name": "Ракети", "date": "2022-8-29", "timestamp": 1661731200000.0}, "geometry": {"type": "Point", "coordinates": ["32.04997372", "46.95374377"]}}, {"type": "Feature", "properties": {"sheet_name": "Ракети", "date": "2022-8-29", "timestamp": 1661731200000.0}, "geometry": {"type": "Point", "coordinates": ["32.42462231", "47.22985632"]}}, {"type": "Feature", "properties": {"sheet_name": "Артилерія та РСЗВ", "date": "2022-8-29", "timestamp": 1661731200000.0}, "geometry": {"type": "Point", "coordinates": ["32.82235427", "47.26237913"]}}, {"type": "Feature", "properties": {"sheet_name": "Артилерія та РСЗВ", "date": "2022-8-29", "timestamp": 1661731200000.0}, "geometry": {"type": "Point", "coordinates": ["32.66215818", "47.15427073"]}}, {"type": "Feature", "properties": {"sheet_name": "Артилерія та РСЗВ", "date": "2022-8-29", "timestamp": 1661731200000.0}, "geometry": {"type": "Point", "coordinates": ["32.67600728", "47.16581137"]}}, {"type": "Feature", "properties": {"sheet_name": "Артилерія та РСЗВ", "date": "2022-8-29", "timestamp": 1661731200000.0}, "geometry": {"type": "Point", "coordinates": ["32.66045479", "47.1486673"]}}, {"type": "Feature", "properties": {"sheet_name": "Артилерія та РСЗВ", "date": "2022-8-29", "timestamp": 1661731200000.0}, "geometry": {"type": "Point", "coordinates": ["31.55407988", "46.61920469"]}}, {"type": "Feature", "properties": {"sheet_name": "Артилерія та РСЗВ", "date": "2022-8-29", "timestamp": 1661731200000.0}, "geometry": {"type": "Point", "coordinates": ["32.37242713", "47.06182852"]}}, {"type": "Feature", "properties": {"sheet_name": "Артилерія та РСЗВ", "date": "2022-8-29", "timestamp": 1661731200000.0}, "geometry": {"type": "Point", "coordinates": ["32.17017937", "47.03698619"]}}, {"type": "Feature", "properties": {"sheet_name": "Артилерія та РСЗВ", "date": "2022-8-29", "timestamp": 1661731200000.0}, "geometry": {"type": "Point", "coordinates": ["32.82353474", "47.22373434"]}}, {"type": "Feature", "properties": {"sheet_name": "Артилерія та РСЗВ", "date": "2022-8-30", "timestamp": 1661817600000.0}, "geometry": {"type": "Point", "coordinates": ["32.36342648", "46.97308152"]}}, {"type": "Feature", "properties": {"sheet_name": "Артилерія та РСЗВ", "date": "2022-8-30", "timestamp": 1661817600000.0}, "geometry": {"type": "Point", "coordinates": ["32.846312", "47.31789221"]}}, {"type": "Feature", "properties": {"sheet_name": "Артилерія та РСЗВ", "date": "2022-8-30", "timestamp": 1661817600000.0}, "geometry": {"type": "Point", "coordinates": ["32.83001757", "47.262742"]}}, {"type": "Feature", "properties": {"sheet_name": "Артилерія та РСЗВ", "date": "2022-8-30", "timestamp": 1661817600000.0}, "geometry": {"type": "Point", "coordinates": ["33.07459451", "47.29308806"]}}, {"type": "Feature", "properties": {"sheet_name": "Артилерія та РСЗВ", "date": "2022-8-30", "timestamp": 1661817600000.0}, "geometry": {"type": "Point", "coordinates": ["32.65629793", "47.13925855"]}}, {"type": "Feature", "properties": {"sheet_name": "Ракети", "date": "2022-8-31", "timestamp": 1661904000000.0}, "geometry": {"type": "Point", "coordinates": ["32.82513778", "47.22692189"]}}, {"type": "Feature", "properties": {"sheet_name": "Артилерія та РСЗВ", "date": "2022-8-31", "timestamp": 1661904000000.0}, "geometry": {"type": "Point", "coordinates": ["32.6568499", "47.15453349"]}}, {"type": "Feature", "properties": {"sheet_name": "Артилерія та РСЗВ", "date": "2022-8-31", "timestamp": 1661904000000.0}, "geometry": {"type": "Point", "coordinates": ["32.66513814", "47.09138968"]}}, {"type": "Feature", "properties": {"sheet_name": "Артилерія та РСЗВ", "date": "2022-8-31", "timestamp": 1661904000000.0}, "geometry": {"type": "Point", "coordinates": ["32.35526803", "46.97287927"]}}, {"type": "Feature", "properties": {"sheet_name": "Артилерія та РСЗВ", "date": "2022-8-31", "timestamp": 1661904000000.0}, "geometry": {"type": "Point", "coordinates": ["32.4522134", "47.04219507"]}}, {"type": "Feature", "properties": {"sheet_name": "Артилерія та РСЗВ", "date": "2022-8-31", "timestamp": 1661904000000.0}, "geometry": {"type": "Point", "coordinates": ["32.87478944", "47.18923189"]}}, {"type": "Feature", "properties": {"sheet_name": "Артилерія та РСЗВ", "date": "2022-8-31", "timestamp": 1661904000000.0}, "geometry": {"type": "Point", "coordinates": ["32.4693093", "46.92561311"]}}, {"type": "Feature", "properties": {"sheet_name": "Артилерія та РСЗВ", "date": "2022-8-31", "timestamp": 1661904000000.0}, "geometry": {"type": "Point", "coordinates": ["31.5962231", "46.64561841"]}}, {"type": "Feature", "properties": {"sheet_name": "Артилерія та РСЗВ", "date": "2022-8-31", "timestamp": 1661904000000.0}, "geometry": {"type": "Point", "coordinates": ["32.85034628", "47.3123737"]}}, {"type": "Feature", "properties": {"sheet_name": "Артилерія та РСЗВ", "date": "2022-8-31", "timestamp": 1661904000000.0}, "geometry": {"type": "Point", "coordinates": ["32.82527359", "47.26616472"]}}, {"type": "Feature", "properties": {"sheet_name": "Артилерія та РСЗВ", "date": "2022-8-31", "timestamp": 1661904000000.0}, "geometry": {"type": "Point", "coordinates": ["33.07338476", "47.2893493"]}}, {"type": "Feature", "properties": {"sheet_name": "Артилерія та РСЗВ", "date": "2022-8-31", "timestamp": 1661904000000.0}, "geometry": {"type": "Point", "coordinates": ["32.66451185", "47.09131168"]}}, {"type": "Feature", "properties": {"sheet_name": "Ракети", "date": "2022-9-1", "timestamp": 1661990400000.0}, "geometry": {"type": "Point", "coordinates": ["31.76187097", "47.11600746"]}}, {"type": "Feature", "properties": {"sheet_name": "Артилерія та РСЗВ", "date": "2022-9-1", "timestamp": 1661990400000.0}, "geometry": {"type": "Point", "coordinates": ["32.65696663", "47.14892497"]}}, {"type": "Feature", "properties": {"sheet_name": "Артилерія та РСЗВ", "date": "2022-9-1", "timestamp": 1661990400000.0}, "geometry": {"type": "Point", "coordinates": ["32.05459317", "46.90281587"]}}, {"type": "Feature", "properties": {"sheet_name": "Артилерія та РСЗВ", "date": "2022-9-1", "timestamp": 1661990400000.0}, "geometry": {"type": "Point", "coordinates": ["32.37873363", "46.89115723"]}}, {"type": "Feature", "properties": {"sheet_name": "Артилерія та РСЗВ", "date": "2022-9-1", "timestamp": 1661990400000.0}, "geometry": {"type": "Point", "coordinates": ["32.3813756", "46.85664842"]}}, {"type": "Feature", "properties": {"sheet_name": "Артилерія та РСЗВ", "date": "2022-9-1", "timestamp": 1661990400000.0}, "geometry": {"type": "Point", "coordinates": ["32.47482921", "46.90299734"]}}, {"type": "Feature", "properties": {"sheet_name": "Артилерія та РСЗВ", "date": "2022-9-1", "timestamp": 1661990400000.0}, "geometry": {"type": "Point", "coordinates": ["32.4672829", "46.92767151"]}}, {"type": "Feature", "properties": {"sheet_name": "Артилерія та РСЗВ", "date": "2022-9-1", "timestamp": 1661990400000.0}, "geometry": {"type": "Point", "coordinates": ["32.24895996", "46.93750841"]}}, {"type": "Feature", "properties": {"sheet_name": "Артилерія та РСЗВ", "date": "2022-9-1", "timestamp": 1661990400000.0}, "geometry": {"type": "Point", "coordinates": ["32.35370965", "46.97287514"]}}, {"type": "Feature", "properties": {"sheet_name": "Артилерія та РСЗВ", "date": "2022-9-1", "timestamp": 1661990400000.0}, "geometry": {"type": "Point", "coordinates": ["31.92801225", "47.09427684"]}}, {"type": "Feature", "properties": {"sheet_name": "Артилерія та РСЗВ", "date": "2022-9-1", "timestamp": 1661990400000.0}, "geometry": {"type": "Point", "coordinates": ["32.84830614", "47.3051215"]}}, {"type": "Feature", "properties": {"sheet_name": "Артилерія та РСЗВ", "date": "2022-9-1", "timestamp": 1661990400000.0}, "geometry": {"type": "Point", "coordinates": ["32.82001308", "47.25979316"]}}, {"type": "Feature", "properties": {"sheet_name": "Артилерія та РСЗВ", "date": "2022-9-1", "timestamp": 1661990400000.0}, "geometry": {"type": "Point", "coordinates": ["33.07474324", "47.28656416"]}}, {"type": "Feature", "properties": {"sheet_name": "Артилерія та РСЗВ", "date": "2022-9-1", "timestamp": 1661990400000.0}, "geometry": {"type": "Point", "coordinates": ["32.67191157", "47.09641574"]}}, {"type": "Feature", "properties": {"sheet_name": "Артилерія та РСЗВ", "date": "2022-9-2", "timestamp": 1662076800000.0}, "geometry": {"type": "Point", "coordinates": ["32.46315613", "46.99829185"]}}, {"type": "Feature", "properties": {"sheet_name": "Артилерія та РСЗВ", "date": "2022-9-2", "timestamp": 1662076800000.0}, "geometry": {"type": "Point", "coordinates": ["32.44984375", "47.0392447"]}}, {"type": "Feature", "properties": {"sheet_name": "Артилерія та РСЗВ", "date": "2022-9-2", "timestamp": 1662076800000.0}, "geometry": {"type": "Point", "coordinates": ["32.36281094", "46.96283661"]}}, {"type": "Feature", "properties": {"sheet_name": "Артилерія та РСЗВ", "date": "2022-9-2", "timestamp": 1662076800000.0}, "geometry": {"type": "Point", "coordinates": ["31.90803787", "47.10797142"]}}, {"type": "Feature", "properties": {"sheet_name": "Артилерія та РСЗВ", "date": "2022-9-2", "timestamp": 1662076800000.0}, "geometry": {"type": "Point", "coordinates": ["31.51593022", "47.19348737"]}}, {"type": "Feature", "properties": {"sheet_name": "Артилерія та РСЗВ", "date": "2022-9-2", "timestamp": 1662076800000.0}, "geometry": {"type": "Point", "coordinates": ["32.83773872", "47.30784383"]}}, {"type": "Feature", "properties": {"sheet_name": "Артилерія та РСЗВ", "date": "2022-9-2", "timestamp": 1662076800000.0}, "geometry": {"type": "Point", "coordinates": ["32.37539738", "46.88661753"]}}, {"type": "Feature", "properties": {"sheet_name": "Артилерія та РСЗВ", "date": "2022-9-2", "timestamp": 1662076800000.0}, "geometry": {"type": "Point", "coordinates": ["31.75651507", "47.11487941"]}}, {"type": "Feature", "properties": {"sheet_name": "Артилерія та РСЗВ", "date": "2022-9-2", "timestamp": 1662076800000.0}, "geometry": {"type": "Point", "coordinates": ["33.06247929", "47.2197728"]}}, {"type": "Feature", "properties": {"sheet_name": "Ракети", "date": "2022-9-3", "timestamp": 1662163200000.0}, "geometry": {"type": "Point", "coordinates": ["32.026953", "46.96660531"]}}, {"type": "Feature", "properties": {"sheet_name": "Ракети", "date": "2022-9-3", "timestamp": 1662163200000.0}, "geometry": {"type": "Point", "coordinates": ["32.82315031", "47.26019575"]}}, {"type": "Feature", "properties": {"sheet_name": "Ракети", "date": "2022-9-3", "timestamp": 1662163200000.0}, "geometry": {"type": "Point", "coordinates": ["31.3098293", "47.58198843"]}}, {"type": "Feature", "properties": {"sheet_name": "Артилерія та РСЗВ", "date": "2022-9-3", "timestamp": 1662163200000.0}, "geometry": {"type": "Point", "coordinates": ["32.44298803", "47.0429918"]}}, {"type": "Feature", "properties": {"sheet_name": "Артилерія та РСЗВ", "date": "2022-9-3", "timestamp": 1662163200000.0}, "geometry": {"type": "Point", "coordinates": ["32.45267601", "47.17509258"]}}, {"type": "Feature", "properties": {"sheet_name": "Ракети", "date": "2022-9-4", "timestamp": 1662249600000.0}, "geometry": {"type": "Point", "coordinates": ["31.98763468", "46.9774024"]}}, {"type": "Feature", "properties": {"sheet_name": "Ракети", "date": "2022-9-4", "timestamp": 1662249600000.0}, "geometry": {"type": "Point", "coordinates": ["31.33316665", "47.57520337"]}}, {"type": "Feature", "properties": {"sheet_name": "Артилерія та РСЗВ", "date": "2022-9-4", "timestamp": 1662249600000.0}, "geometry": {"type": "Point", "coordinates": ["31.53910679", "46.61311803"]}}, {"type": "Feature", "properties": {"sheet_name": "Артилерія та РСЗВ", "date": "2022-9-4", "timestamp": 1662249600000.0}, "geometry": {"type": "Point", "coordinates": ["32.47854164", "46.99834648"]}}, {"type": "Feature", "properties": {"sheet_name": "Артилерія та РСЗВ", "date": "2022-9-4", "timestamp": 1662249600000.0}, "geometry": {"type": "Point", "coordinates": ["32.426378", "47.02356134"]}}, {"type": "Feature", "properties": {"sheet_name": "Артилерія та РСЗВ", "date": "2022-9-4", "timestamp": 1662249600000.0}, "geometry": {"type": "Point", "coordinates": ["32.85968871", "47.31433311"]}}, {"type": "Feature", "properties": {"sheet_name": "Артилерія та РСЗВ", "date": "2022-9-4", "timestamp": 1662249600000.0}, "geometry": {"type": "Point", "coordinates": ["32.37706882", "46.88843665"]}}, {"type": "Feature", "properties": {"sheet_name": "Артилерія та РСЗВ", "date": "2022-9-4", "timestamp": 1662249600000.0}, "geometry": {"type": "Point", "coordinates": ["33.07138021", "47.22018727"]}}, {"type": "Feature", "properties": {"sheet_name": "Ракети", "date": "2022-9-5", "timestamp": 1662336000000.0}, "geometry": {"type": "Point", "coordinates": ["32.06130872", "46.98306034"]}}, {"type": "Feature", "properties": {"sheet_name": "Артилерія та РСЗВ", "date": "2022-9-5", "timestamp": 1662336000000.0}, "geometry": {"type": "Point", "coordinates": ["32.44853468", "47.1690609"]}}, {"type": "Feature", "properties": {"sheet_name": "Артилерія та РСЗВ", "date": "2022-9-5", "timestamp": 1662336000000.0}, "geometry": {"type": "Point", "coordinates": ["32.67815577", "47.0957015"]}}, {"type": "Feature", "properties": {"sheet_name": "Артилерія та РСЗВ", "date": "2022-9-5", "timestamp": 1662336000000.0}, "geometry": {"type": "Point", "coordinates": ["32.82335247", "47.21876972"]}}, {"type": "Feature", "properties": {"sheet_name": "Артилерія та РСЗВ", "date": "2022-9-6", "timestamp": 1662422400000.0}, "geometry": {"type": "Point", "coordinates": ["32.45577161", "47.31222856"]}}, {"type": "Feature", "properties": {"sheet_name": "Артилерія та РСЗВ", "date": "2022-9-6", "timestamp": 1662422400000.0}, "geometry": {"type": "Point", "coordinates": ["31.62973039", "46.65262076"]}}, {"type": "Feature", "properties": {"sheet_name": "Артилерія та РСЗВ", "date": "2022-9-6", "timestamp": 1662422400000.0}, "geometry": {"type": "Point", "coordinates": ["31.8213552", "46.64567361"]}}, {"type": "Feature", "properties": {"sheet_name": "Артилерія та РСЗВ", "date": "2022-9-6", "timestamp": 1662422400000.0}, "geometry": {"type": "Point", "coordinates": ["32.82605054", "47.22337401"]}}, {"type": "Feature", "properties": {"sheet_name": "Артилерія та РСЗВ", "date": "2022-9-6", "timestamp": 1662422400000.0}, "geometry": {"type": "Point", "coordinates": ["32.66567406", "47.14093156"]}}, {"type": "Feature", "properties": {"sheet_name": "Артилерія та РСЗВ", "date": "2022-9-7", "timestamp": 1662508800000.0}, "geometry": {"type": "Point", "coordinates": ["31.52709182", "46.61424839"]}}, {"type": "Feature", "properties": {"sheet_name": "Артилерія та РСЗВ", "date": "2022-9-7", "timestamp": 1662508800000.0}, "geometry": {"type": "Point", "coordinates": ["31.62322866", "46.90231846"]}}, {"type": "Feature", "properties": {"sheet_name": "Артилерія та РСЗВ", "date": "2022-9-7", "timestamp": 1662508800000.0}, "geometry": {"type": "Point", "coordinates": ["32.43249881", "47.02491621"]}}, {"type": "Feature", "properties": {"sheet_name": "Артилерія та РСЗВ", "date": "2022-9-7", "timestamp": 1662508800000.0}, "geometry": {"type": "Point", "coordinates": ["31.91320619", "47.1011224"]}}, {"type": "Feature", "properties": {"sheet_name": "Артилерія та РСЗВ", "date": "2022-9-7", "timestamp": 1662508800000.0}, "geometry": {"type": "Point", "coordinates": ["32.4490069", "47.04170502"]}}, {"type": "Feature", "properties": {"sheet_name": "Артилерія та РСЗВ", "date": "2022-9-7", "timestamp": 1662508800000.0}, "geometry": {"type": "Point", "coordinates": ["32.66965854", "47.10021332"]}}, {"type": "Feature", "properties": {"sheet_name": "Артилерія та РСЗВ", "date": "2022-9-7", "timestamp": 1662508800000.0}, "geometry": {"type": "Point", "coordinates": ["32.84706087", "47.30611661"]}}, {"type": "Feature", "properties": {"sheet_name": "Артилерія та РСЗВ", "date": "2022-9-7", "timestamp": 1662508800000.0}, "geometry": {"type": "Point", "coordinates": ["32.81198055", "47.25432711"]}}, {"type": "Feature", "properties": {"sheet_name": "Артилерія та РСЗВ", "date": "2022-9-7", "timestamp": 1662508800000.0}, "geometry": {"type": "Point", "coordinates": ["32.83825253", "47.27323491"]}}, {"type": "Feature", "properties": {"sheet_name": "Артилерія та РСЗВ", "date": "2022-9-7", "timestamp": 1662508800000.0}, "geometry": {"type": "Point", "coordinates": ["32.98425239", "47.3080463"]}}, {"type": "Feature", "properties": {"sheet_name": "Житлові будинки", "date": "2022-9-7", "timestamp": 1662508800000.0}, "geometry": {"type": "Point", "coordinates": ["32.43305671", "47.025611"]}}, {"type": "Feature", "properties": {"sheet_name": "Артилерія та РСЗВ", "date": "2022-9-8", "timestamp": 1662595200000.0}, "geometry": {"type": "Point", "coordinates": ["32.38873753", "46.85795065"]}}, {"type": "Feature", "properties": {"sheet_name": "Артилерія та РСЗВ", "date": "2022-9-8", "timestamp": 1662595200000.0}, "geometry": {"type": "Point", "coordinates": ["32.30885027", "46.81497757"]}}, {"type": "Feature", "properties": {"sheet_name": "Артилерія та РСЗВ", "date": "2022-9-8", "timestamp": 1662595200000.0}, "geometry": {"type": "Point", "coordinates": ["32.6757847", "47.09965096"]}}, {"type": "Feature", "properties": {"sheet_name": "Артилерія та РСЗВ", "date": "2022-9-8", "timestamp": 1662595200000.0}, "geometry": {"type": "Point", "coordinates": ["32.51050851", "47.22098683"]}}, {"type": "Feature", "properties": {"sheet_name": "Артилерія та РСЗВ", "date": "2022-9-8", "timestamp": 1662595200000.0}, "geometry": {"type": "Point", "coordinates": ["32.21959196", "47.19410462"]}}, {"type": "Feature", "properties": {"sheet_name": "Артилерія та РСЗВ", "date": "2022-9-8", "timestamp": 1662595200000.0}, "geometry": {"type": "Point", "coordinates": ["33.08181087", "47.20897393"]}}, {"type": "Feature", "properties": {"sheet_name": "Артилерія та РСЗВ", "date": "2022-9-8", "timestamp": 1662595200000.0}, "geometry": {"type": "Point", "coordinates": ["32.61778783", "47.26146674"]}}, {"type": "Feature", "properties": {"sheet_name": "Ракети", "date": "2022-9-9", "timestamp": 1662681600000.0}, "geometry": {"type": "Point", "coordinates": ["31.51217762", "47.72909637"]}}, {"type": "Feature", "properties": {"sheet_name": "Артилерія та РСЗВ", "date": "2022-9-9", "timestamp": 1662681600000.0}, "geometry": {"type": "Point", "coordinates": ["32.37763745", "46.88880327"]}}, {"type": "Feature", "properties": {"sheet_name": "Артилерія та РСЗВ", "date": "2022-9-9", "timestamp": 1662681600000.0}, "geometry": {"type": "Point", "coordinates": ["32.29052925", "46.89733571"]}}, {"type": "Feature", "properties": {"sheet_name": "Артилерія та РСЗВ", "date": "2022-9-9", "timestamp": 1662681600000.0}, "geometry": {"type": "Point", "coordinates": ["32.22717869", "46.88493697"]}}, {"type": "Feature", "properties": {"sheet_name": "Артилерія та РСЗВ", "date": "2022-9-9", "timestamp": 1662681600000.0}, "geometry": {"type": "Point", "coordinates": ["32.67749118", "47.09454805"]}}, {"type": "Feature", "properties": {"sheet_name": "Артилерія та РСЗВ", "date": "2022-9-9", "timestamp": 1662681600000.0}, "geometry": {"type": "Point", "coordinates": ["32.42200923", "47.02857077"]}}, {"type": "Feature", "properties": {"sheet_name": "Артилерія та РСЗВ", "date": "2022-9-9", "timestamp": 1662681600000.0}, "geometry": {"type": "Point", "coordinates": ["32.44652723", "47.0442165"]}}, {"type": "Feature", "properties": {"sheet_name": "Артилерія та РСЗВ", "date": "2022-9-9", "timestamp": 1662681600000.0}, "geometry": {"type": "Point", "coordinates": ["32.11356277", "46.92773209"]}}, {"type": "Feature", "properties": {"sheet_name": "Артилерія та РСЗВ", "date": "2022-9-9", "timestamp": 1662681600000.0}, "geometry": {"type": "Point", "coordinates": ["32.66254466", "47.15689132"]}}, {"type": "Feature", "properties": {"sheet_name": "Артилерія та РСЗВ", "date": "2022-9-9", "timestamp": 1662681600000.0}, "geometry": {"type": "Point", "coordinates": ["32.66389644", "47.10320195"]}}, {"type": "Feature", "properties": {"sheet_name": "Артилерія та РСЗВ", "date": "2022-9-9", "timestamp": 1662681600000.0}, "geometry": {"type": "Point", "coordinates": ["32.9495297", "47.35938694"]}}, {"type": "Feature", "properties": {"sheet_name": "Артилерія та РСЗВ", "date": "2022-9-10", "timestamp": 1662768000000.0}, "geometry": {"type": "Point", "coordinates": ["32.04017361", "46.89683397"]}}, {"type": "Feature", "properties": {"sheet_name": "Артилерія та РСЗВ", "date": "2022-9-10", "timestamp": 1662768000000.0}, "geometry": {"type": "Point", "coordinates": ["32.42878663", "47.02187365"]}}, {"type": "Feature", "properties": {"sheet_name": "Артилерія та РСЗВ", "date": "2022-9-10", "timestamp": 1662768000000.0}, "geometry": {"type": "Point", "coordinates": ["32.44134651", "47.04677884"]}}, {"type": "Feature", "properties": {"sheet_name": "Артилерія та РСЗВ", "date": "2022-9-10", "timestamp": 1662768000000.0}, "geometry": {"type": "Point", "coordinates": ["31.5356037", "46.61898375"]}}, {"type": "Feature", "properties": {"sheet_name": "Артилерія та РСЗВ", "date": "2022-9-10", "timestamp": 1662768000000.0}, "geometry": {"type": "Point", "coordinates": ["32.45119037", "47.08749033"]}}, {"type": "Feature", "properties": {"sheet_name": "Артилерія та РСЗВ", "date": "2022-9-10", "timestamp": 1662768000000.0}, "geometry": {"type": "Point", "coordinates": ["32.65641853", "47.13804089"]}}, {"type": "Feature", "properties": {"sheet_name": "Артилерія та РСЗВ", "date": "2022-9-10", "timestamp": 1662768000000.0}, "geometry": {"type": "Point", "coordinates": ["32.67325806", "47.0930282"]}}, {"type": "Feature", "properties": {"sheet_name": "Ракети", "date": "2022-9-11", "timestamp": 1662854400000.0}, "geometry": {"type": "Point", "coordinates": ["31.33323234", "47.57519336"]}}, {"type": "Feature", "properties": {"sheet_name": "Артилерія та РСЗВ", "date": "2022-9-11", "timestamp": 1662854400000.0}, "geometry": {"type": "Point", "coordinates": ["31.94709583", "46.95452558"]}}, {"type": "Feature", "properties": {"sheet_name": "Артилерія та РСЗВ", "date": "2022-9-11", "timestamp": 1662854400000.0}, "geometry": {"type": "Point", "coordinates": ["31.52263547", "46.6209193"]}}, {"type": "Feature", "properties": {"sheet_name": "Артилерія та РСЗВ", "date": "2022-9-11", "timestamp": 1662854400000.0}, "geometry": {"type": "Point", "coordinates": ["32.67549631", "47.1004864"]}}, {"type": "Feature", "properties": {"sheet_name": "Артилерія та РСЗВ", "date": "2022-9-11", "timestamp": 1662854400000.0}, "geometry": {"type": "Point", "coordinates": ["32.84953387", "47.30622756"]}}, {"type": "Feature", "properties": {"sheet_name": "Артилерія та РСЗВ", "date": "2022-9-11", "timestamp": 1662854400000.0}, "geometry": {"type": "Point", "coordinates": ["32.85038145", "47.30804628"]}}, {"type": "Feature", "properties": {"sheet_name": "Артилерія та РСЗВ", "date": "2022-9-11", "timestamp": 1662854400000.0}, "geometry": {"type": "Point", "coordinates": ["32.9249972", "47.31619663"]}}, {"type": "Feature", "properties": {"sheet_name": "Артилерія та РСЗВ", "date": "2022-9-11", "timestamp": 1662854400000.0}, "geometry": {"type": "Point", "coordinates": ["32.67599928", "47.09775387"]}}, {"type": "Feature", "properties": {"sheet_name": "Артилерія та РСЗВ", "date": "2022-9-12", "timestamp": 1662940800000.0}, "geometry": {"type": "Point", "coordinates": ["32.67042028", "47.09936613"]}}, {"type": "Feature", "properties": {"sheet_name": "Артилерія та РСЗВ", "date": "2022-9-12", "timestamp": 1662940800000.0}, "geometry": {"type": "Point", "coordinates": ["32.45479913", "47.17524572"]}}, {"type": "Feature", "properties": {"sheet_name": "Артилерія та РСЗВ", "date": "2022-9-12", "timestamp": 1662940800000.0}, "geometry": {"type": "Point", "coordinates": ["32.43652018", "47.04220024"]}}, {"type": "Feature", "properties": {"sheet_name": "Артилерія та РСЗВ", "date": "2022-9-12", "timestamp": 1662940800000.0}, "geometry": {"type": "Point", "coordinates": ["32.43353756", "47.04558525"]}}, {"type": "Feature", "properties": {"sheet_name": "Артилерія та РСЗВ", "date": "2022-9-12", "timestamp": 1662940800000.0}, "geometry": {"type": "Point", "coordinates": ["32.66779934", "47.10241693"]}}, {"type": "Feature", "properties": {"sheet_name": "Артилерія та РСЗВ", "date": "2022-9-12", "timestamp": 1662940800000.0}, "geometry": {"type": "Point", "coordinates": ["32.67963043", "47.09625102"]}}, {"type": "Feature", "properties": {"sheet_name": "Артилерія та РСЗВ", "date": "2022-9-12", "timestamp": 1662940800000.0}, "geometry": {"type": "Point", "coordinates": ["32.86042766", "47.31782128"]}}, {"type": "Feature", "properties": {"sheet_name": "Артилерія та РСЗВ", "date": "2022-9-12", "timestamp": 1662940800000.0}, "geometry": {"type": "Point", "coordinates": ["32.82058443", "47.22393415"]}}, {"type": "Feature", "properties": {"sheet_name": "Артилерія та РСЗВ", "date": "2022-9-13", "timestamp": 1663027200000.0}, "geometry": {"type": "Point", "coordinates": ["32.98277646", "47.31885903"]}}, {"type": "Feature", "properties": {"sheet_name": "Артилерія та РСЗВ", "date": "2022-9-13", "timestamp": 1663027200000.0}, "geometry": {"type": "Point", "coordinates": ["32.83974846", "47.31841485"]}}, {"type": "Feature", "properties": {"sheet_name": "Артилерія та РСЗВ", "date": "2022-9-13", "timestamp": 1663027200000.0}, "geometry": {"type": "Point", "coordinates": ["32.85395344", "47.31867669"]}}, {"type": "Feature", "properties": {"sheet_name": "Артилерія та РСЗВ", "date": "2022-9-13", "timestamp": 1663027200000.0}, "geometry": {"type": "Point", "coordinates": ["32.66213355", "47.14358057"]}}, {"type": "Feature", "properties": {"sheet_name": "Артилерія та РСЗВ", "date": "2022-9-13", "timestamp": 1663027200000.0}, "geometry": {"type": "Point", "coordinates": ["32.68429022", "47.16668451"]}}, {"type": "Feature", "properties": {"sheet_name": "Артилерія та РСЗВ", "date": "2022-9-13", "timestamp": 1663027200000.0}, "geometry": {"type": "Point", "coordinates": ["32.6780872", "47.09829305"]}}, {"type": "Feature", "properties": {"sheet_name": "Ракети", "date": "2022-9-14", "timestamp": 1663113600000.0}, "geometry": {"type": "Point", "coordinates": ["31.99379286", "46.95905592"]}}, {"type": "Feature", "properties": {"sheet_name": "Артилерія та РСЗВ", "date": "2022-9-14", "timestamp": 1663113600000.0}, "geometry": {"type": "Point", "coordinates": ["32.66889256", "47.09981214"]}}, {"type": "Feature", "properties": {"sheet_name": "Артилерія та РСЗВ", "date": "2022-9-14", "timestamp": 1663113600000.0}, "geometry": {"type": "Point", "coordinates": ["32.18165979", "47.04317113"]}}, {"type": "Feature", "properties": {"sheet_name": "Артилерія та РСЗВ", "date": "2022-9-14", "timestamp": 1663113600000.0}, "geometry": {"type": "Point", "coordinates": ["32.83316284", "47.30564556"]}}, {"type": "Feature", "properties": {"sheet_name": "Артилерія та РСЗВ", "date": "2022-9-14", "timestamp": 1663113600000.0}, "geometry": {"type": "Point", "coordinates": ["32.9830125", "47.31470219"]}}, {"type": "Feature", "properties": {"sheet_name": "Артилерія та РСЗВ", "date": "2022-9-14", "timestamp": 1663113600000.0}, "geometry": {"type": "Point", "coordinates": ["32.86377791", "47.3191963"]}}, {"type": "Feature", "properties": {"sheet_name": "Артилерія та РСЗВ", "date": "2022-9-14", "timestamp": 1663113600000.0}, "geometry": {"type": "Point", "coordinates": ["33.02293255", "47.24236517"]}}, {"type": "Feature", "properties": {"sheet_name": "Артилерія та РСЗВ", "date": "2022-9-14", "timestamp": 1663113600000.0}, "geometry": {"type": "Point", "coordinates": ["32.67226142", "47.09952"]}}, {"type": "Feature", "properties": {"sheet_name": "Артилерія та РСЗВ", "date": "2022-9-14", "timestamp": 1663113600000.0}, "geometry": {"type": "Point", "coordinates": ["32.66273436", "47.15888033"]}}, {"type": "Feature", "properties": {"sheet_name": "Артилерія та РСЗВ", "date": "2022-9-14", "timestamp": 1663113600000.0}, "geometry": {"type": "Point", "coordinates": ["32.68021571", "47.09783969"]}}, {"type": "Feature", "properties": {"sheet_name": "Ракети", "date": "2022-9-15", "timestamp": 1663200000000.0}, "geometry": {"type": "Point", "coordinates": ["31.49627864", "46.64362045"]}}, {"type": "Feature", "properties": {"sheet_name": "Артилерія та РСЗВ", "date": "2022-9-15", "timestamp": 1663200000000.0}, "geometry": {"type": "Point", "coordinates": ["32.03777035", "46.97524934"]}}, {"type": "Feature", "properties": {"sheet_name": "Артилерія та РСЗВ", "date": "2022-9-15", "timestamp": 1663200000000.0}, "geometry": {"type": "Point", "coordinates": ["31.80990753", "46.64450802"]}}, {"type": "Feature", "properties": {"sheet_name": "Артилерія та РСЗВ", "date": "2022-9-15", "timestamp": 1663200000000.0}, "geometry": {"type": "Point", "coordinates": ["31.6280639", "46.89724458"]}}, {"type": "Feature", "properties": {"sheet_name": "Артилерія та РСЗВ", "date": "2022-9-15", "timestamp": 1663200000000.0}, "geometry": {"type": "Point", "coordinates": ["31.69704428", "46.641389"]}}, {"type": "Feature", "properties": {"sheet_name": "Артилерія та РСЗВ", "date": "2022-9-15", "timestamp": 1663200000000.0}, "geometry": {"type": "Point", "coordinates": ["31.60305192", "46.65217622"]}}, {"type": "Feature", "properties": {"sheet_name": "Артилерія та РСЗВ", "date": "2022-9-15", "timestamp": 1663200000000.0}, "geometry": {"type": "Point", "coordinates": ["32.18137838", "46.870732"]}}, {"type": "Feature", "properties": {"sheet_name": "Артилерія та РСЗВ", "date": "2022-9-15", "timestamp": 1663200000000.0}, "geometry": {"type": "Point", "coordinates": ["32.12387451", "46.99286162"]}}, {"type": "Feature", "properties": {"sheet_name": "Артилерія та РСЗВ", "date": "2022-9-15", "timestamp": 1663200000000.0}, "geometry": {"type": "Point", "coordinates": ["31.54646137", "46.62262676"]}}, {"type": "Feature", "properties": {"sheet_name": "Артилерія та РСЗВ", "date": "2022-9-15", "timestamp": 1663200000000.0}, "geometry": {"type": "Point", "coordinates": ["32.4509594", "47.17346621"]}}, {"type": "Feature", "properties": {"sheet_name": "Артилерія та РСЗВ", "date": "2022-9-15", "timestamp": 1663200000000.0}, "geometry": {"type": "Point", "coordinates": ["33.02293255", "47.25091565"]}}, {"type": "Feature", "properties": {"sheet_name": "Артилерія та РСЗВ", "date": "2022-9-15", "timestamp": 1663200000000.0}, "geometry": {"type": "Point", "coordinates": ["32.97857076", "47.31520045"]}}, {"type": "Feature", "properties": {"sheet_name": "Артилерія та РСЗВ", "date": "2022-9-15", "timestamp": 1663200000000.0}, "geometry": {"type": "Point", "coordinates": ["32.85415263", "47.28423246"]}}, {"type": "Feature", "properties": {"sheet_name": "Артилерія та РСЗВ", "date": "2022-9-15", "timestamp": 1663200000000.0}, "geometry": {"type": "Point", "coordinates": ["32.8476295", "47.28705626"]}}, {"type": "Feature", "properties": {"sheet_name": "Артилерія та РСЗВ", "date": "2022-9-15", "timestamp": 1663200000000.0}, "geometry": {"type": "Point", "coordinates": ["32.66464409", "47.14208823"]}}, {"type": "Feature", "properties": {"sheet_name": "Артилерія та РСЗВ", "date": "2022-9-15", "timestamp": 1663200000000.0}, "geometry": {"type": "Point", "coordinates": ["32.67862784", "47.09856274"]}}, {"type": "Feature", "properties": {"sheet_name": "Артилерія та РСЗВ", "date": "2022-9-15", "timestamp": 1663200000000.0}, "geometry": {"type": "Point", "coordinates": ["32.43687184", "47.17054981"]}}, {"type": "Feature", "properties": {"sheet_name": "Артилерія та РСЗВ", "date": "2022-9-15", "timestamp": 1663200000000.0}, "geometry": {"type": "Point", "coordinates": ["32.82205406", "47.22502221"]}}, {"type": "Feature", "properties": {"sheet_name": "Артилерія та РСЗВ", "date": "2022-9-16", "timestamp": 1663286400000.0}, "geometry": {"type": "Point", "coordinates": ["31.53923686", "46.62415974"]}}, {"type": "Feature", "properties": {"sheet_name": "Артилерія та РСЗВ", "date": "2022-9-16", "timestamp": 1663286400000.0}, "geometry": {"type": "Point", "coordinates": ["33.02059366", "47.24755097"]}}, {"type": "Feature", "properties": {"sheet_name": "Артилерія та РСЗВ", "date": "2022-9-16", "timestamp": 1663286400000.0}, "geometry": {"type": "Point", "coordinates": ["32.83346744", "47.30134762"]}}, {"type": "Feature", "properties": {"sheet_name": "Артилерія та РСЗВ", "date": "2022-9-16", "timestamp": 1663286400000.0}, "geometry": {"type": "Point", "coordinates": ["32.6604028", "47.10146308"]}}, {"type": "Feature", "properties": {"sheet_name": "Артилерія та РСЗВ", "date": "2022-9-16", "timestamp": 1663286400000.0}, "geometry": {"type": "Point", "coordinates": ["32.83260073", "47.22915455"]}}, {"type": "Feature", "properties": {"sheet_name": "Ракети", "date": "2022-9-17", "timestamp": 1663372800000.0}, "geometry": {"type": "Point", "coordinates": ["32.08300313", "46.97719106"]}}, {"type": "Feature", "properties": {"sheet_name": "Артилерія та РСЗВ", "date": "2022-9-17", "timestamp": 1663372800000.0}, "geometry": {"type": "Point", "coordinates": ["31.53769191", "46.62819746"]}}, {"type": "Feature", "properties": {"sheet_name": "Артилерія та РСЗВ", "date": "2022-9-17", "timestamp": 1663372800000.0}, "geometry": {"type": "Point", "coordinates": ["31.73364571", "46.62774397"]}}, {"type": "Feature", "properties": {"sheet_name": "Артилерія та РСЗВ", "date": "2022-9-17", "timestamp": 1663372800000.0}, "geometry": {"type": "Point", "coordinates": ["32.83974597", "47.31483699"]}}, {"type": "Feature", "properties": {"sheet_name": "Артилерія та РСЗВ", "date": "2022-9-17", "timestamp": 1663372800000.0}, "geometry": {"type": "Point", "coordinates": ["32.6770572", "47.09619153"]}}, {"type": "Feature", "properties": {"sheet_name": "Артилерія та РСЗВ", "date": "2022-9-17", "timestamp": 1663372800000.0}, "geometry": {"type": "Point", "coordinates": ["31.55966457", "46.62861005"]}}, {"type": "Feature", "properties": {"sheet_name": "Артилерія та РСЗВ", "date": "2022-9-17", "timestamp": 1663372800000.0}, "geometry": {"type": "Point", "coordinates": ["32.37993964", "47.05904772"]}}, {"type": "Feature", "properties": {"sheet_name": "Артилерія та РСЗВ", "date": "2022-9-17", "timestamp": 1663372800000.0}, "geometry": {"type": "Point", "coordinates": ["32.85362908", "47.3169609"]}}, {"type": "Feature", "properties": {"sheet_name": "Артилерія та РСЗВ", "date": "2022-9-17", "timestamp": 1663372800000.0}, "geometry": {"type": "Point", "coordinates": ["32.82925333", "47.22622929"]}}, {"type": "Feature", "properties": {"sheet_name": "Артилерія та РСЗВ", "date": "2022-9-17", "timestamp": 1663372800000.0}, "geometry": {"type": "Point", "coordinates": ["32.67685335", "47.09901075"]}}, {"type": "Feature", "properties": {"sheet_name": "Артилерія та РСЗВ", "date": "2022-9-17", "timestamp": 1663372800000.0}, "geometry": {"type": "Point", "coordinates": ["32.66264853", "47.13851231"]}}, {"type": "Feature", "properties": {"sheet_name": "Артилерія та РСЗВ", "date": "2022-9-17", "timestamp": 1663372800000.0}, "geometry": {"type": "Point", "coordinates": ["32.68526929", "47.17388466"]}}, {"type": "Feature", "properties": {"sheet_name": "Артилерія та РСЗВ", "date": "2022-9-17", "timestamp": 1663372800000.0}, "geometry": {"type": "Point", "coordinates": ["32.43990869", "47.1692943"]}}, {"type": "Feature", "properties": {"sheet_name": "Артилерія та РСЗВ", "date": "2022-9-18", "timestamp": 1663459200000.0}, "geometry": {"type": "Point", "coordinates": ["31.56033048", "46.6237101"]}}, {"type": "Feature", "properties": {"sheet_name": "Артилерія та РСЗВ", "date": "2022-9-18", "timestamp": 1663459200000.0}, "geometry": {"type": "Point", "coordinates": ["32.83099145", "47.21970725"]}}, {"type": "Feature", "properties": {"sheet_name": "Артилерія та РСЗВ", "date": "2022-9-18", "timestamp": 1663459200000.0}, "geometry": {"type": "Point", "coordinates": ["33.01750376", "47.25036217"]}}, {"type": "Feature", "properties": {"sheet_name": "Артилерія та РСЗВ", "date": "2022-9-18", "timestamp": 1663459200000.0}, "geometry": {"type": "Point", "coordinates": ["32.38070589", "46.88375477"]}}, {"type": "Feature", "properties": {"sheet_name": "Артилерія та РСЗВ", "date": "2022-9-18", "timestamp": 1663459200000.0}, "geometry": {"type": "Point", "coordinates": ["32.83359982", "47.30301002"]}}, {"type": "Feature", "properties": {"sheet_name": "Артилерія та РСЗВ", "date": "2022-9-18", "timestamp": 1663459200000.0}, "geometry": {"type": "Point", "coordinates": ["32.43932934", "47.16220422"]}}, {"type": "Feature", "properties": {"sheet_name": "Артилерія та РСЗВ", "date": "2022-9-18", "timestamp": 1663459200000.0}, "geometry": {"type": "Point", "coordinates": ["32.66355583", "47.09748148"]}}, {"type": "Feature", "properties": {"sheet_name": "Ракети", "date": "2022-9-19", "timestamp": 1663545600000.0}, "geometry": {"type": "Point", "coordinates": ["31.77284358", "47.31396248"]}}, {"type": "Feature", "properties": {"sheet_name": "Ракети", "date": "2022-9-19", "timestamp": 1663545600000.0}, "geometry": {"type": "Point", "coordinates": ["31.22783535", "47.81435375"]}}, {"type": "Feature", "properties": {"sheet_name": "Артилерія та РСЗВ", "date": "2022-9-19", "timestamp": 1663545600000.0}, "geometry": {"type": "Point", "coordinates": ["32.01383319", "46.96121739"]}}, {"type": "Feature", "properties": {"sheet_name": "Артилерія та РСЗВ", "date": "2022-9-19", "timestamp": 1663545600000.0}, "geometry": {"type": "Point", "coordinates": ["32.67065632", "47.09955602"]}}, {"type": "Feature", "properties": {"sheet_name": "Артилерія та РСЗВ", "date": "2022-9-19", "timestamp": 1663545600000.0}, "geometry": {"type": "Point", "coordinates": ["31.55949291", "46.63061404"]}}, {"type": "Feature", "properties": {"sheet_name": "Артилерія та РСЗВ", "date": "2022-9-19", "timestamp": 1663545600000.0}, "geometry": {"type": "Point", "coordinates": ["32.66891825", "47.10052736"]}}, {"type": "Feature", "properties": {"sheet_name": "Артилерія та РСЗВ", "date": "2022-9-19", "timestamp": 1663545600000.0}, "geometry": {"type": "Point", "coordinates": ["32.66711173", "47.1449634"]}}, {"type": "Feature", "properties": {"sheet_name": "Артилерія та РСЗВ", "date": "2022-9-19", "timestamp": 1663545600000.0}, "geometry": {"type": "Point", "coordinates": ["32.87451743", "47.32361979"]}}, {"type": "Feature", "properties": {"sheet_name": "Артилерія та РСЗВ", "date": "2022-9-19", "timestamp": 1663545600000.0}, "geometry": {"type": "Point", "coordinates": ["33.02898361", "47.24855603"]}}, {"type": "Feature", "properties": {"sheet_name": "Артилерія та РСЗВ", "date": "2022-9-19", "timestamp": 1663545600000.0}, "geometry": {"type": "Point", "coordinates": ["32.36941057", "46.88920369"]}}, {"type": "Feature", "properties": {"sheet_name": "Артилерія та РСЗВ", "date": "2022-9-19", "timestamp": 1663545600000.0}, "geometry": {"type": "Point", "coordinates": ["32.98588772", "47.31184458"]}}, {"type": "Feature", "properties": {"sheet_name": "Артилерія та РСЗВ", "date": "2022-9-19", "timestamp": 1663545600000.0}, "geometry": {"type": "Point", "coordinates": ["33.04749931", "47.33190432"]}}, {"type": "Feature", "properties": {"sheet_name": "Артилерія та РСЗВ", "date": "2022-9-19", "timestamp": 1663545600000.0}, "geometry": {"type": "Point", "coordinates": ["32.42317031", "47.39704192"]}}, {"type": "Feature", "properties": {"sheet_name": "Дрони-камікадзе", "date": "2022-9-20", "timestamp": 1663632000000.0}, "geometry": {"type": "Point", "coordinates": ["31.57683071", "46.63199911"]}}, {"type": "Feature", "properties": {"sheet_name": "Артилерія та РСЗВ", "date": "2022-9-20", "timestamp": 1663632000000.0}, "geometry": {"type": "Point", "coordinates": ["32.86048265", "47.3178281"]}}, {"type": "Feature", "properties": {"sheet_name": "Артилерія та РСЗВ", "date": "2022-9-20", "timestamp": 1663632000000.0}, "geometry": {"type": "Point", "coordinates": ["32.18187848", "46.86556805"]}}, {"type": "Feature", "properties": {"sheet_name": "Артилерія та РСЗВ", "date": "2022-9-20", "timestamp": 1663632000000.0}, "geometry": {"type": "Point", "coordinates": ["32.43481349", "47.03910046"]}}, {"type": "Feature", "properties": {"sheet_name": "Артилерія та РСЗВ", "date": "2022-9-20", "timestamp": 1663632000000.0}, "geometry": {"type": "Point", "coordinates": ["32.44591173", "47.09091632"]}}, {"type": "Feature", "properties": {"sheet_name": "Артилерія та РСЗВ", "date": "2022-9-20", "timestamp": 1663632000000.0}, "geometry": {"type": "Point", "coordinates": ["32.6135434", "47.28489967"]}}, {"type": "Feature", "properties": {"sheet_name": "Артилерія та РСЗВ", "date": "2022-9-20", "timestamp": 1663632000000.0}, "geometry": {"type": "Point", "coordinates": ["32.8311414", "47.21881623"]}}, {"type": "Feature", "properties": {"sheet_name": "Артилерія та РСЗВ", "date": "2022-9-20", "timestamp": 1663632000000.0}, "geometry": {"type": "Point", "coordinates": ["33.02433803", "47.25114505"]}}, {"type": "Feature", "properties": {"sheet_name": "Артилерія та РСЗВ", "date": "2022-9-20", "timestamp": 1663632000000.0}, "geometry": {"type": "Point", "coordinates": ["32.84788699", "47.31877727"]}}, {"type": "Feature", "properties": {"sheet_name": "Артилерія та РСЗВ", "date": "2022-9-21", "timestamp": 1663718400000.0}, "geometry": {"type": "Point", "coordinates": ["31.90425136", "46.69551413"]}}, {"type": "Feature", "properties": {"sheet_name": "Артилерія та РСЗВ", "date": "2022-9-21", "timestamp": 1663718400000.0}, "geometry": {"type": "Point", "coordinates": ["32.68182573", "47.09223383"]}}, {"type": "Feature", "properties": {"sheet_name": "Артилерія та РСЗВ", "date": "2022-9-21", "timestamp": 1663718400000.0}, "geometry": {"type": "Point", "coordinates": ["32.12003677", "46.97349596"]}}, {"type": "Feature", "properties": {"sheet_name": "Артилерія та РСЗВ", "date": "2022-9-21", "timestamp": 1663718400000.0}, "geometry": {"type": "Point", "coordinates": ["31.90281508", "46.69317809"]}}, {"type": "Feature", "properties": {"sheet_name": "Артилерія та РСЗВ", "date": "2022-9-21", "timestamp": 1663718400000.0}, "geometry": {"type": "Point", "coordinates": ["31.7322484", "46.63692781"]}}, {"type": "Feature", "properties": {"sheet_name": "Артилерія та РСЗВ", "date": "2022-9-21", "timestamp": 1663718400000.0}, "geometry": {"type": "Point", "coordinates": ["31.55001", "46.60267667"]}}, {"type": "Feature", "properties": {"sheet_name": "Артилерія та РСЗВ", "date": "2022-9-21", "timestamp": 1663718400000.0}, "geometry": {"type": "Point", "coordinates": ["32.44124995", "47.03876578"]}}, {"type": "Feature", "properties": {"sheet_name": "Артилерія та РСЗВ", "date": "2022-9-21", "timestamp": 1663718400000.0}, "geometry": {"type": "Point", "coordinates": ["32.44646417", "47.04132483"]}}, {"type": "Feature", "properties": {"sheet_name": "Артилерія та РСЗВ", "date": "2022-9-21", "timestamp": 1663718400000.0}, "geometry": {"type": "Point", "coordinates": ["32.44372832", "47.04413233"]}}, {"type": "Feature", "properties": {"sheet_name": "Артилерія та РСЗВ", "date": "2022-9-21", "timestamp": 1663718400000.0}, "geometry": {"type": "Point", "coordinates": ["32.86891551", "47.32177378"]}}, {"type": "Feature", "properties": {"sheet_name": "Артилерія та РСЗВ", "date": "2022-9-21", "timestamp": 1663718400000.0}, "geometry": {"type": "Point", "coordinates": ["33.05065359", "47.32784668"]}}, {"type": "Feature", "properties": {"sheet_name": "Артилерія та РСЗВ", "date": "2022-9-21", "timestamp": 1663718400000.0}, "geometry": {"type": "Point", "coordinates": ["33.06717179", "47.28761463"]}}, {"type": "Feature", "properties": {"sheet_name": "Артилерія та РСЗВ", "date": "2022-9-21", "timestamp": 1663718400000.0}, "geometry": {"type": "Point", "coordinates": ["32.43952154", "47.1735355"]}}, {"type": "Feature", "properties": {"sheet_name": "Артилерія та РСЗВ", "date": "2022-9-21", "timestamp": 1663718400000.0}, "geometry": {"type": "Point", "coordinates": ["32.66150729", "47.10460803"]}}, {"type": "Feature", "properties": {"sheet_name": "Артилерія та РСЗВ", "date": "2022-9-21", "timestamp": 1663718400000.0}, "geometry": {"type": "Point", "coordinates": ["32.66610322", "47.14562014"]}}, {"type": "Feature", "properties": {"sheet_name": "Ракети", "date": "2022-9-22", "timestamp": 1663804800000.0}, "geometry": {"type": "Point", "coordinates": ["31.99228268", "46.97539569"]}}, {"type": "Feature", "properties": {"sheet_name": "Ракети", "date": "2022-9-22", "timestamp": 1663804800000.0}, "geometry": {"type": "Point", "coordinates": ["32.17782815", "47.04599052"]}}, {"type": "Feature", "properties": {"sheet_name": "Артилерія та РСЗВ", "date": "2022-9-22", "timestamp": 1663804800000.0}, "geometry": {"type": "Point", "coordinates": ["32.14138081", "46.82539711"]}}, {"type": "Feature", "properties": {"sheet_name": "Артилерія та РСЗВ", "date": "2022-9-22", "timestamp": 1663804800000.0}, "geometry": {"type": "Point", "coordinates": ["31.59987619", "46.64554772"]}}, {"type": "Feature", "properties": {"sheet_name": "Артилерія та РСЗВ", "date": "2022-9-22", "timestamp": 1663804800000.0}, "geometry": {"type": "Point", "coordinates": ["33.01632359", "47.24220492"]}}, {"type": "Feature", "properties": {"sheet_name": "Артилерія та РСЗВ", "date": "2022-9-22", "timestamp": 1663804800000.0}, "geometry": {"type": "Point", "coordinates": ["32.85032389", "47.45416123"]}}, {"type": "Feature", "properties": {"sheet_name": "Артилерія та РСЗВ", "date": "2022-9-22", "timestamp": 1663804800000.0}, "geometry": {"type": "Point", "coordinates": ["32.83046017", "47.25896126"]}}, {"type": "Feature", "properties": {"sheet_name": "Артилерія та РСЗВ", "date": "2022-9-22", "timestamp": 1663804800000.0}, "geometry": {"type": "Point", "coordinates": ["32.83022413", "47.25813844"]}}, {"type": "Feature", "properties": {"sheet_name": "Ракети", "date": "2022-9-23", "timestamp": 1663891200000.0}, "geometry": {"type": "Point", "coordinates": ["31.98002087", "46.9611755"]}}, {"type": "Feature", "properties": {"sheet_name": "Ракети", "date": "2022-9-23", "timestamp": 1663891200000.0}, "geometry": {"type": "Point", "coordinates": ["31.63549493", "46.65275103"]}}, {"type": "Feature", "properties": {"sheet_name": "Ракети", "date": "2022-9-23", "timestamp": 1663891200000.0}, "geometry": {"type": "Point", "coordinates": ["32.18970817", "47.04973559"]}}, {"type": "Feature", "properties": {"sheet_name": "Артилерія та РСЗВ", "date": "2022-9-23", "timestamp": 1663891200000.0}, "geometry": {"type": "Point", "coordinates": ["32.19620147", "46.8600075"]}}, {"type": "Feature", "properties": {"sheet_name": "Артилерія та РСЗВ", "date": "2022-9-23", "timestamp": 1663891200000.0}, "geometry": {"type": "Point", "coordinates": ["32.22213614", "46.88776736"]}}, {"type": "Feature", "properties": {"sheet_name": "Артилерія та РСЗВ", "date": "2022-9-23", "timestamp": 1663891200000.0}, "geometry": {"type": "Point", "coordinates": ["31.8991947", "46.69972267"]}}, {"type": "Feature", "properties": {"sheet_name": "Артилерія та РСЗВ", "date": "2022-9-24", "timestamp": 1663977600000.0}, "geometry": {"type": "Point", "coordinates": ["32.01685729", "46.84831817"]}}, {"type": "Feature", "properties": {"sheet_name": "Артилерія та РСЗВ", "date": "2022-9-24", "timestamp": 1663977600000.0}, "geometry": {"type": "Point", "coordinates": ["32.61833393", "47.26090194"]}}, {"type": "Feature", "properties": {"sheet_name": "Артилерія та РСЗВ", "date": "2022-9-24", "timestamp": 1663977600000.0}, "geometry": {"type": "Point", "coordinates": ["32.68702987", "47.27478991"]}}, {"type": "Feature", "properties": {"sheet_name": "Артилерія та РСЗВ", "date": "2022-9-24", "timestamp": 1663977600000.0}, "geometry": {"type": "Point", "coordinates": ["32.44362979", "47.17057789"]}}, {"type": "Feature", "properties": {"sheet_name": "Артилерія та РСЗВ", "date": "2022-9-24", "timestamp": 1663977600000.0}, "geometry": {"type": "Point", "coordinates": ["32.67822551", "47.09809349"]}}, {"type": "Feature", "properties": {"sheet_name": "Артилерія та РСЗВ", "date": "2022-9-24", "timestamp": 1663977600000.0}, "geometry": {"type": "Point", "coordinates": ["32.82850888", "47.21773121"]}}, {"type": "Feature", "properties": {"sheet_name": "Артилерія та РСЗВ", "date": "2022-9-24", "timestamp": 1663977600000.0}, "geometry": {"type": "Point", "coordinates": ["32.84084888", "47.32186105"]}}, {"type": "Feature", "properties": {"sheet_name": "Артилерія та РСЗВ", "date": "2022-9-24", "timestamp": 1663977600000.0}, "geometry": {"type": "Point", "coordinates": ["33.03462471", "47.32741036"]}}, {"type": "Feature", "properties": {"sheet_name": "Артилерія та РСЗВ", "date": "2022-9-24", "timestamp": 1663977600000.0}, "geometry": {"type": "Point", "coordinates": ["32.65989529", "47.09939899"]}}, {"type": "Feature", "properties": {"sheet_name": "Ракети", "date": "2022-9-25", "timestamp": 1664064000000.0}, "geometry": {"type": "Point", "coordinates": ["32.00585431", "46.95391333"]}}, {"type": "Feature", "properties": {"sheet_name": "Артилерія та РСЗВ", "date": "2022-9-25", "timestamp": 1664064000000.0}, "geometry": {"type": "Point", "coordinates": ["31.51569391", "46.95368274"]}}, {"type": "Feature", "properties": {"sheet_name": "Артилерія та РСЗВ", "date": "2022-9-25", "timestamp": 1664064000000.0}, "geometry": {"type": "Point", "coordinates": ["32.66427266", "47.09792003"]}}, {"type": "Feature", "properties": {"sheet_name": "Артилерія та РСЗВ", "date": "2022-9-25", "timestamp": 1664064000000.0}, "geometry": {"type": "Point", "coordinates": ["32.84775825", "47.31997008"]}}, {"type": "Feature", "properties": {"sheet_name": "Артилерія та РСЗВ", "date": "2022-9-25", "timestamp": 1664064000000.0}, "geometry": {"type": "Point", "coordinates": ["32.67263042", "47.09853353"]}}, {"type": "Feature", "properties": {"sheet_name": "Артилерія та РСЗВ", "date": "2022-9-26", "timestamp": 1664150400000.0}, "geometry": {"type": "Point", "coordinates": ["32.06599884", "46.91931422"]}}, {"type": "Feature", "properties": {"sheet_name": "Артилерія та РСЗВ", "date": "2022-9-26", "timestamp": 1664150400000.0}, "geometry": {"type": "Point", "coordinates": ["31.49168666", "46.62672387"]}}, {"type": "Feature", "properties": {"sheet_name": "Артилерія та РСЗВ", "date": "2022-9-26", "timestamp": 1664150400000.0}, "geometry": {"type": "Point", "coordinates": ["32.2572952", "47.2655971"]}}, {"type": "Feature", "properties": {"sheet_name": "Артилерія та РСЗВ", "date": "2022-9-26", "timestamp": 1664150400000.0}, "geometry": {"type": "Point", "coordinates": ["32.67290937", "47.09756215"]}}, {"type": "Feature", "properties": {"sheet_name": "Артилерія та РСЗВ", "date": "2022-9-26", "timestamp": 1664150400000.0}, "geometry": {"type": "Point", "coordinates": ["33.03055002", "47.24795882"]}}, {"type": "Feature", "properties": {"sheet_name": "Артилерія та РСЗВ", "date": "2022-9-26", "timestamp": 1664150400000.0}, "geometry": {"type": "Point", "coordinates": ["32.83787228", "47.29978721"]}}, {"type": "Feature", "properties": {"sheet_name": "Артилерія та РСЗВ", "date": "2022-9-26", "timestamp": 1664150400000.0}, "geometry": {"type": "Point", "coordinates": ["32.43340702", "47.17699603"]}}, {"type": "Feature", "properties": {"sheet_name": "Артилерія та РСЗВ", "date": "2022-9-26", "timestamp": 1664150400000.0}, "geometry": {"type": "Point", "coordinates": ["32.66786682", "47.10072455"]}}, {"type": "Feature", "properties": {"sheet_name": "Артилерія та РСЗВ", "date": "2022-9-26", "timestamp": 1664150400000.0}, "geometry": {"type": "Point", "coordinates": ["32.66037402", "47.143358"]}}, {"type": "Feature", "properties": {"sheet_name": "Ракети", "date": "2022-9-27", "timestamp": 1664236800000.0}, "geometry": {"type": "Point", "coordinates": ["31.89104703", "46.97991812"]}}, {"type": "Feature", "properties": {"sheet_name": "Касетні боєприпаси", "date": "2022-9-27", "timestamp": 1664236800000.0}, "geometry": {"type": "Point", "coordinates": ["31.89643003", "46.69978197"]}}, {"type": "Feature", "properties": {"sheet_name": "Артилерія та РСЗВ", "date": "2022-9-27", "timestamp": 1664236800000.0}, "geometry": {"type": "Point", "coordinates": ["31.99390261", "46.97373782"]}}, {"type": "Feature", "properties": {"sheet_name": "Артилерія та РСЗВ", "date": "2022-9-27", "timestamp": 1664236800000.0}, "geometry": {"type": "Point", "coordinates": ["31.99470727", "46.9736335"]}}, {"type": "Feature", "properties": {"sheet_name": "Артилерія та РСЗВ", "date": "2022-9-27", "timestamp": 1664236800000.0}, "geometry": {"type": "Point", "coordinates": ["31.48700889", "46.62713648"]}}, {"type": "Feature", "properties": {"sheet_name": "Артилерія та РСЗВ", "date": "2022-9-27", "timestamp": 1664236800000.0}, "geometry": {"type": "Point", "coordinates": ["31.51134189", "46.62684176"]}}, {"type": "Feature", "properties": {"sheet_name": "Артилерія та РСЗВ", "date": "2022-9-27", "timestamp": 1664236800000.0}, "geometry": {"type": "Point", "coordinates": ["33.02921965", "47.24443372"]}}, {"type": "Feature", "properties": {"sheet_name": "Артилерія та РСЗВ", "date": "2022-9-27", "timestamp": 1664236800000.0}, "geometry": {"type": "Point", "coordinates": ["32.91191183", "47.32296071"]}}, {"type": "Feature", "properties": {"sheet_name": "Артилерія та РСЗВ", "date": "2022-9-27", "timestamp": 1664236800000.0}, "geometry": {"type": "Point", "coordinates": ["32.83999057", "47.29465357"]}}, {"type": "Feature", "properties": {"sheet_name": "Артилерія та РСЗВ", "date": "2022-9-27", "timestamp": 1664236800000.0}, "geometry": {"type": "Point", "coordinates": ["33.05290665", "47.33849186"]}}, {"type": "Feature", "properties": {"sheet_name": "Артилерія та РСЗВ", "date": "2022-9-27", "timestamp": 1664236800000.0}, "geometry": {"type": "Point", "coordinates": ["33.07117645", "47.28261634"]}}, {"type": "Feature", "properties": {"sheet_name": "Артилерія та РСЗВ", "date": "2022-9-27", "timestamp": 1664236800000.0}, "geometry": {"type": "Point", "coordinates": ["32.92270659", "47.31753314"]}}, {"type": "Feature", "properties": {"sheet_name": "Артилерія та РСЗВ", "date": "2022-9-27", "timestamp": 1664236800000.0}, "geometry": {"type": "Point", "coordinates": ["32.44413586", "47.15563485"]}}, {"type": "Feature", "properties": {"sheet_name": "Артилерія та РСЗВ", "date": "2022-9-27", "timestamp": 1664236800000.0}, "geometry": {"type": "Point", "coordinates": ["32.67855164", "47.09260743"]}}, {"type": "Feature", "properties": {"sheet_name": "Ракети", "date": "2022-9-28", "timestamp": 1664323200000.0}, "geometry": {"type": "Point", "coordinates": ["31.99560532", "46.94951697"]}}, {"type": "Feature", "properties": {"sheet_name": "Артилерія та РСЗВ", "date": "2022-9-28", "timestamp": 1664323200000.0}, "geometry": {"type": "Point", "coordinates": ["32.86196323", "47.29948502"]}}, {"type": "Feature", "properties": {"sheet_name": "Артилерія та РСЗВ", "date": "2022-9-28", "timestamp": 1664323200000.0}, "geometry": {"type": "Point", "coordinates": ["32.44381727", "47.15740196"]}}, {"type": "Feature", "properties": {"sheet_name": "Артилерія та РСЗВ", "date": "2022-9-28", "timestamp": 1664323200000.0}, "geometry": {"type": "Point", "coordinates": ["32.66671883", "47.09813548"]}}, {"type": "Feature", "properties": {"sheet_name": "Касетні боєприпаси", "date": "2022-9-29", "timestamp": 1664409600000.0}, "geometry": {"type": "Point", "coordinates": ["32.07423767", "46.96244803"]}}, {"type": "Feature", "properties": {"sheet_name": "Дрони-камікадзе", "date": "2022-9-29", "timestamp": 1664409600000.0}, "geometry": {"type": "Point", "coordinates": ["32.07362612", "46.96266769"]}}, {"type": "Feature", "properties": {"sheet_name": "Дрони-камікадзе", "date": "2022-9-29", "timestamp": 1664409600000.0}, "geometry": {"type": "Point", "coordinates": ["31.76792253", "47.16545369"]}}, {"type": "Feature", "properties": {"sheet_name": "Артилерія та РСЗВ", "date": "2022-9-29", "timestamp": 1664409600000.0}, "geometry": {"type": "Point", "coordinates": ["32.91095697", "47.32406615"]}}, {"type": "Feature", "properties": {"sheet_name": "Артилерія та РСЗВ", "date": "2022-9-29", "timestamp": 1664409600000.0}, "geometry": {"type": "Point", "coordinates": ["32.97991294", "47.3097268"]}}, {"type": "Feature", "properties": {"sheet_name": "Артилерія та РСЗВ", "date": "2022-9-29", "timestamp": 1664409600000.0}, "geometry": {"type": "Point", "coordinates": ["32.81249554", "47.25058396"]}}, {"type": "Feature", "properties": {"sheet_name": "Артилерія та РСЗВ", "date": "2022-9-29", "timestamp": 1664409600000.0}, "geometry": {"type": "Point", "coordinates": ["32.87131877", "47.2957305"]}}, {"type": "Feature", "properties": {"sheet_name": "Артилерія та РСЗВ", "date": "2022-9-29", "timestamp": 1664409600000.0}, "geometry": {"type": "Point", "coordinates": ["32.45479698", "47.16935769"]}}, {"type": "Feature", "properties": {"sheet_name": "Артилерія та РСЗВ", "date": "2022-9-29", "timestamp": 1664409600000.0}, "geometry": {"type": "Point", "coordinates": ["32.66823914", "47.10139554"]}}, {"type": "Feature", "properties": {"sheet_name": "Артилерія та РСЗВ", "date": "2022-9-29", "timestamp": 1664409600000.0}, "geometry": {"type": "Point", "coordinates": ["32.65553744", "47.1369901"]}}, {"type": "Feature", "properties": {"sheet_name": "Ракети", "date": "2022-9-30", "timestamp": 1664496000000.0}, "geometry": {"type": "Point", "coordinates": ["32.13384727", "46.97712257"]}}, {"type": "Feature", "properties": {"sheet_name": "Ракети", "date": "2022-9-30", "timestamp": 1664496000000.0}, "geometry": {"type": "Point", "coordinates": ["32.43642198", "47.04908896"]}}, {"type": "Feature", "properties": {"sheet_name": "Артилерія та РСЗВ", "date": "2022-9-30", "timestamp": 1664496000000.0}, "geometry": {"type": "Point", "coordinates": ["32.6555675", "47.1399573"]}}, {"type": "Feature", "properties": {"sheet_name": "Артилерія та РСЗВ", "date": "2022-9-30", "timestamp": 1664496000000.0}, "geometry": {"type": "Point", "coordinates": ["32.47028008", "46.99537949"]}}, {"type": "Feature", "properties": {"sheet_name": "Артилерія та РСЗВ", "date": "2022-9-30", "timestamp": 1664496000000.0}, "geometry": {"type": "Point", "coordinates": ["32.43524181", "47.04642793"]}}, {"type": "Feature", "properties": {"sheet_name": "Артилерія та РСЗВ", "date": "2022-9-30", "timestamp": 1664496000000.0}, "geometry": {"type": "Point", "coordinates": ["32.22738254", "46.88515329"]}}, {"type": "Feature", "properties": {"sheet_name": "Артилерія та РСЗВ", "date": "2022-9-30", "timestamp": 1664496000000.0}, "geometry": {"type": "Point", "coordinates": ["32.42983805", "47.01732777"]}}, {"type": "Feature", "properties": {"sheet_name": "Артилерія та РСЗВ", "date": "2022-9-30", "timestamp": 1664496000000.0}, "geometry": {"type": "Point", "coordinates": ["32.47905627", "46.99952114"]}}, {"type": "Feature", "properties": {"sheet_name": "Артилерія та РСЗВ", "date": "2022-9-30", "timestamp": 1664496000000.0}, "geometry": {"type": "Point", "coordinates": ["33.05204834", "47.33519092"]}}, {"type": "Feature", "properties": {"sheet_name": "Артилерія та РСЗВ", "date": "2022-9-30", "timestamp": 1664496000000.0}, "geometry": {"type": "Point", "coordinates": ["33.07296817", "47.28900262"]}}, {"type": "Feature", "properties": {"sheet_name": "Артилерія та РСЗВ", "date": "2022-9-30", "timestamp": 1664496000000.0}, "geometry": {"type": "Point", "coordinates": ["32.82751591", "47.26083695"]}}, {"type": "Feature", "properties": {"sheet_name": "Артилерія та РСЗВ", "date": "2022-9-30", "timestamp": 1664496000000.0}, "geometry": {"type": "Point", "coordinates": ["32.86543937", "47.31316928"]}}, {"type": "Feature", "properties": {"sheet_name": "Артилерія та РСЗВ", "date": "2022-9-30", "timestamp": 1664496000000.0}, "geometry": {"type": "Point", "coordinates": ["32.45246143", "47.16178112"]}}, {"type": "Feature", "properties": {"sheet_name": "Артилерія та РСЗВ", "date": "2022-9-30", "timestamp": 1664496000000.0}, "geometry": {"type": "Point", "coordinates": ["31.51267228", "47.19337834"]}}, {"type": "Feature", "properties": {"sheet_name": "Ракети", "date": "2022-10-1", "timestamp": 1664582400000.0}, "geometry": {"type": "Point", "coordinates": ["31.99038778", "46.97602078"]}}, {"type": "Feature", "properties": {"sheet_name": "Дрони-камікадзе", "date": "2022-10-1", "timestamp": 1664582400000.0}, "geometry": {"type": "Point", "coordinates": ["31.99023632", "46.97626593"]}}, {"type": "Feature", "properties": {"sheet_name": "Артилерія та РСЗВ", "date": "2022-10-1", "timestamp": 1664582400000.0}, "geometry": {"type": "Point", "coordinates": ["32.67636406", "47.09515919"]}}, {"type": "Feature", "properties": {"sheet_name": "Артилерія та РСЗВ", "date": "2022-10-1", "timestamp": 1664582400000.0}, "geometry": {"type": "Point", "coordinates": ["31.56524549", "46.61778963"]}}, {"type": "Feature", "properties": {"sheet_name": "Артилерія та РСЗВ", "date": "2022-10-1", "timestamp": 1664582400000.0}, "geometry": {"type": "Point", "coordinates": ["32.85907717", "47.29539942"]}}, {"type": "Feature", "properties": {"sheet_name": "Артилерія та РСЗВ", "date": "2022-10-1", "timestamp": 1664582400000.0}, "geometry": {"type": "Point", "coordinates": ["32.82740797", "47.22330752"]}}, {"type": "Feature", "properties": {"sheet_name": "Артилерія та РСЗВ", "date": "2022-10-1", "timestamp": 1664582400000.0}, "geometry": {"type": "Point", "coordinates": ["32.82575413", "47.25745219"]}}, {"type": "Feature", "properties": {"sheet_name": "Артилерія та РСЗВ", "date": "2022-10-1", "timestamp": 1664582400000.0}, "geometry": {"type": "Point", "coordinates": ["32.82121743", "47.22026172"]}}, {"type": "Feature", "properties": {"sheet_name": "Артилерія та РСЗВ", "date": "2022-10-1", "timestamp": 1664582400000.0}, "geometry": {"type": "Point", "coordinates": ["32.6750015", "47.09572159"]}}, {"type": "Feature", "properties": {"sheet_name": "Ракети", "date": "2022-10-2", "timestamp": 1664668800000.0}, "geometry": {"type": "Point", "coordinates": ["32.06522545", "46.9514984"]}}, {"type": "Feature", "properties": {"sheet_name": "Артилерія та РСЗВ", "date": "2022-10-2", "timestamp": 1664668800000.0}, "geometry": {"type": "Point", "coordinates": ["32.20491329", "46.86766594"]}}, {"type": "Feature", "properties": {"sheet_name": "Артилерія та РСЗВ", "date": "2022-10-2", "timestamp": 1664668800000.0}, "geometry": {"type": "Point", "coordinates": ["32.44711847", "47.17210965"]}}, {"type": "Feature", "properties": {"sheet_name": "Артилерія та РСЗВ", "date": "2022-10-2", "timestamp": 1664668800000.0}, "geometry": {"type": "Point", "coordinates": ["32.43910955", "47.0410671"]}}, {"type": "Feature", "properties": {"sheet_name": "Артилерія та РСЗВ", "date": "2022-10-2", "timestamp": 1664668800000.0}, "geometry": {"type": "Point", "coordinates": ["32.82984341", "47.22477936"]}}, {"type": "Feature", "properties": {"sheet_name": "Артилерія та РСЗВ", "date": "2022-10-2", "timestamp": 1664668800000.0}, "geometry": {"type": "Point", "coordinates": ["32.86196323", "47.31281285"]}}, {"type": "Feature", "properties": {"sheet_name": "Артилерія та РСЗВ", "date": "2022-10-2", "timestamp": 1664668800000.0}, "geometry": {"type": "Point", "coordinates": ["32.82889928", "47.21953303"]}}, {"type": "Feature", "properties": {"sheet_name": "Артилерія та РСЗВ", "date": "2022-10-3", "timestamp": 1664755200000.0}, "geometry": {"type": "Point", "coordinates": ["31.52764972", "46.61349667"]}}, {"type": "Feature", "properties": {"sheet_name": "Артилерія та РСЗВ", "date": "2022-10-3", "timestamp": 1664755200000.0}, "geometry": {"type": "Point", "coordinates": ["32.67492437", "47.09845753"]}}, {"type": "Feature", "properties": {"sheet_name": "Артилерія та РСЗВ", "date": "2022-10-3", "timestamp": 1664755200000.0}, "geometry": {"type": "Point", "coordinates": ["31.53416989", "46.61599801"]}}, {"type": "Feature", "properties": {"sheet_name": "Артилерія та РСЗВ", "date": "2022-10-3", "timestamp": 1664755200000.0}, "geometry": {"type": "Point", "coordinates": ["32.43720503", "47.16631834"]}}, {"type": "Feature", "properties": {"sheet_name": "Артилерія та РСЗВ", "date": "2022-10-3", "timestamp": 1664755200000.0}, "geometry": {"type": "Point", "coordinates": ["32.67724584", "47.09985611"]}}, {"type": "Feature", "properties": {"sheet_name": "Ракети", "date": "2022-10-4", "timestamp": 1664841600000.0}, "geometry": {"type": "Point", "coordinates": ["32.82993997", "47.21906302"]}}, {"type": "Feature", "properties": {"sheet_name": "Ракети", "date": "2022-10-4", "timestamp": 1664841600000.0}, "geometry": {"type": "Point", "coordinates": ["31.49640295", "47.73455044"]}}, {"type": "Feature", "properties": {"sheet_name": "Артилерія та РСЗВ", "date": "2022-10-4", "timestamp": 1664841600000.0}, "geometry": {"type": "Point", "coordinates": ["32.85185421", "47.30747228"]}}, {"type": "Feature", "properties": {"sheet_name": "Артилерія та РСЗВ", "date": "2022-10-4", "timestamp": 1664841600000.0}, "geometry": {"type": "Point", "coordinates": ["32.45442928", "47.16276819"]}}, {"type": "Feature", "properties": {"sheet_name": "Артилерія та РСЗВ", "date": "2022-10-4", "timestamp": 1664841600000.0}, "geometry": {"type": "Point", "coordinates": ["32.68238032", "47.10259677"]}}, {"type": "Feature", "properties": {"sheet_name": "Артилерія та РСЗВ", "date": "2022-10-4", "timestamp": 1664841600000.0}, "geometry": {"type": "Point", "coordinates": ["31.53537063", "46.6200462"]}}, {"type": "Feature", "properties": {"sheet_name": "Артилерія та РСЗВ", "date": "2022-10-4", "timestamp": 1664841600000.0}, "geometry": {"type": "Point", "coordinates": ["33.04226364", "47.32701766"]}}, {"type": "Feature", "properties": {"sheet_name": "Артилерія та РСЗВ", "date": "2022-10-4", "timestamp": 1664841600000.0}, "geometry": {"type": "Point", "coordinates": ["33.02417709", "47.24137456"]}}, {"type": "Feature", "properties": {"sheet_name": "Артилерія та РСЗВ", "date": "2022-10-4", "timestamp": 1664841600000.0}, "geometry": {"type": "Point", "coordinates": ["32.85049165", "47.30784329"]}}, {"type": "Feature", "properties": {"sheet_name": "Артилерія та РСЗВ", "date": "2022-10-5", "timestamp": 1664928000000.0}, "geometry": {"type": "Point", "coordinates": ["32.67523291", "47.10355307"]}}, {"type": "Feature", "properties": {"sheet_name": "Артилерія та РСЗВ", "date": "2022-10-5", "timestamp": 1664928000000.0}, "geometry": {"type": "Point", "coordinates": ["32.82491888", "47.21603154"]}}, {"type": "Feature", "properties": {"sheet_name": "Артилерія та РСЗВ", "date": "2022-10-5", "timestamp": 1664928000000.0}, "geometry": {"type": "Point", "coordinates": ["32.66198334", "47.12998019"]}}, {"type": "Feature", "properties": {"sheet_name": "Ракети", "date": "2022-10-6", "timestamp": 1665014400000.0}, "geometry": {"type": "Point", "coordinates": ["32.82270874", "47.22003947"]}}, {"type": "Feature", "properties": {"sheet_name": "Артилерія та РСЗВ", "date": "2022-10-6", "timestamp": 1665014400000.0}, "geometry": {"type": "Point", "coordinates": ["32.28745044", "46.89390396"]}}, {"type": "Feature", "properties": {"sheet_name": "Артилерія та РСЗВ", "date": "2022-10-6", "timestamp": 1665014400000.0}, "geometry": {"type": "Point", "coordinates": ["32.47142539", "47.00380932"]}}, {"type": "Feature", "properties": {"sheet_name": "Артилерія та РСЗВ", "date": "2022-10-6", "timestamp": 1665014400000.0}, "geometry": {"type": "Point", "coordinates": ["32.82496179", "47.21763475"]}}, {"type": "Feature", "properties": {"sheet_name": "Артилерія та РСЗВ", "date": "2022-10-6", "timestamp": 1665014400000.0}, "geometry": {"type": "Point", "coordinates": ["32.65700516", "47.13822038"]}}, {"type": "Feature", "properties": {"sheet_name": "Дрони-камікадзе", "date": "2022-10-7", "timestamp": 1665100800000.0}, "geometry": {"type": "Point", "coordinates": ["31.9610403", "46.95276335"]}}, {"type": "Feature", "properties": {"sheet_name": "Артилерія та РСЗВ", "date": "2022-10-7", "timestamp": 1665100800000.0}, "geometry": {"type": "Point", "coordinates": ["31.52048286", "46.62993623"]}}, {"type": "Feature", "properties": {"sheet_name": "Артилерія та РСЗВ", "date": "2022-10-7", "timestamp": 1665100800000.0}, "geometry": {"type": "Point", "coordinates": ["32.82075609", "47.22516188"]}}, {"type": "Feature", "properties": {"sheet_name": "Артилерія та РСЗВ", "date": "2022-10-7", "timestamp": 1665100800000.0}, "geometry": {"type": "Point", "coordinates": ["32.66242107", "47.15213297"]}}, {"type": "Feature", "properties": {"sheet_name": "Артилерія та РСЗВ", "date": "2022-10-7", "timestamp": 1665100800000.0}, "geometry": {"type": "Point", "coordinates": ["31.94812253", "46.79264975"]}}, {"type": "Feature", "properties": {"sheet_name": "Артилерія та РСЗВ", "date": "2022-10-8", "timestamp": 1665187200000.0}, "geometry": {"type": "Point", "coordinates": ["32.66141058", "47.14394796"]}}, {"type": "Feature", "properties": {"sheet_name": "Артилерія та РСЗВ", "date": "2022-10-8", "timestamp": 1665187200000.0}, "geometry": {"type": "Point", "coordinates": ["32.55477873", "47.39115415"]}}, {"type": "Feature", "properties": {"sheet_name": "Артилерія та РСЗВ", "date": "2022-10-8", "timestamp": 1665187200000.0}, "geometry": {"type": "Point", "coordinates": ["32.66633511", "47.14702004"]}}, {"type": "Feature", "properties": {"sheet_name": "Артилерія та РСЗВ", "date": "2022-10-9", "timestamp": 1665273600000.0}, "geometry": {"type": "Point", "coordinates": ["32.66177146", "47.15936926"]}}, {"type": "Feature", "properties": {"sheet_name": "Артилерія та РСЗВ", "date": "2022-10-9", "timestamp": 1665273600000.0}, "geometry": {"type": "Point", "coordinates": ["32.82489647", "47.22499568"]}}, {"type": "Feature", "properties": {"sheet_name": "Артилерія та РСЗВ", "date": "2022-10-9", "timestamp": 1665273600000.0}, "geometry": {"type": "Point", "coordinates": ["31.61150529", "46.65234868"]}}, {"type": "Feature", "properties": {"sheet_name": "Артилерія та РСЗВ", "date": "2022-10-9", "timestamp": 1665273600000.0}, "geometry": {"type": "Point", "coordinates": ["32.82449951", "47.22753121"]}}, {"type": "Feature", "properties": {"sheet_name": "Ракети", "date": "2022-10-10", "timestamp": 1665360000000.0}, "geometry": {"type": "Point", "coordinates": ["32.00134575", "46.98759813"]}}, {"type": "Feature", "properties": {"sheet_name": "Артилерія та РСЗВ", "date": "2022-10-10", "timestamp": 1665360000000.0}, "geometry": {"type": "Point", "coordinates": ["31.58674409", "46.64510579"]}}, {"type": "Feature", "properties": {"sheet_name": "Артилерія та РСЗВ", "date": "2022-10-10", "timestamp": 1665360000000.0}, "geometry": {"type": "Point", "coordinates": ["32.66181168", "47.14960784"]}}, {"type": "Feature", "properties": {"sheet_name": "Артилерія та РСЗВ", "date": "2022-10-11", "timestamp": 1665446400000.0}, "geometry": {"type": "Point", "coordinates": ["32.67743287", "47.14410962"]}}, {"type": "Feature", "properties": {"sheet_name": "Артилерія та РСЗВ", "date": "2022-10-11", "timestamp": 1665446400000.0}, "geometry": {"type": "Point", "coordinates": ["32.46128932", "47.00639879"]}}, {"type": "Feature", "properties": {"sheet_name": "Артилерія та РСЗВ", "date": "2022-10-12", "timestamp": 1665532800000.0}, "geometry": {"type": "Point", "coordinates": ["32.09291158", "46.9617803"]}}, {"type": "Feature", "properties": {"sheet_name": "Артилерія та РСЗВ", "date": "2022-10-12", "timestamp": 1665532800000.0}, "geometry": {"type": "Point", "coordinates": ["31.63125803", "46.65719492"]}}, {"type": "Feature", "properties": {"sheet_name": "Артилерія та РСЗВ", "date": "2022-10-12", "timestamp": 1665532800000.0}, "geometry": {"type": "Point", "coordinates": ["32.66112504", "47.12852033"]}}, {"type": "Feature", "properties": {"sheet_name": "Артилерія та РСЗВ", "date": "2022-10-12", "timestamp": 1665532800000.0}, "geometry": {"type": "Point", "coordinates": ["32.82566512", "47.224426"]}}, {"type": "Feature", "properties": {"sheet_name": "Ракети", "date": "2022-10-13", "timestamp": 1665619200000.0}, "geometry": {"type": "Point", "coordinates": ["31.99992934", "46.95858802"]}}, {"type": "Feature", "properties": {"sheet_name": "Артилерія та РСЗВ", "date": "2022-10-13", "timestamp": 1665619200000.0}, "geometry": {"type": "Point", "coordinates": ["32.65473065", "47.14920289"]}}, {"type": "Feature", "properties": {"sheet_name": "Артилерія та РСЗВ", "date": "2022-10-13", "timestamp": 1665619200000.0}, "geometry": {"type": "Point", "coordinates": ["32.66292748", "47.14301502"]}}, {"type": "Feature", "properties": {"sheet_name": "Артилерія та РСЗВ", "date": "2022-10-13", "timestamp": 1665619200000.0}, "geometry": {"type": "Point", "coordinates": ["32.21937738", "47.20912077"]}}, {"type": "Feature", "properties": {"sheet_name": "Артилерія та РСЗВ", "date": "2022-10-13", "timestamp": 1665619200000.0}, "geometry": {"type": "Point", "coordinates": ["32.22918349", "47.21489815"]}}, {"type": "Feature", "properties": {"sheet_name": "Артилерія та РСЗВ", "date": "2022-10-14", "timestamp": 1665705600000.0}, "geometry": {"type": "Point", "coordinates": ["32.82835995", "47.22098469"]}}, {"type": "Feature", "properties": {"sheet_name": "Артилерія та РСЗВ", "date": "2022-10-14", "timestamp": 1665705600000.0}, "geometry": {"type": "Point", "coordinates": ["32.82759711", "47.22268645"]}}, {"type": "Feature", "properties": {"sheet_name": "Артилерія та РСЗВ", "date": "2022-10-15", "timestamp": 1665792000000.0}, "geometry": {"type": "Point", "coordinates": ["31.53018173", "46.63373777"]}}, {"type": "Feature", "properties": {"sheet_name": "Артилерія та РСЗВ", "date": "2022-10-15", "timestamp": 1665792000000.0}, "geometry": {"type": "Point", "coordinates": ["32.18408769", "47.04435839"]}}, {"type": "Feature", "properties": {"sheet_name": "Артилерія та РСЗВ", "date": "2022-10-15", "timestamp": 1665792000000.0}, "geometry": {"type": "Point", "coordinates": ["32.20727526", "47.20810768"]}}, {"type": "Feature", "properties": {"sheet_name": "Артилерія та РСЗВ", "date": "2022-10-15", "timestamp": 1665792000000.0}, "geometry": {"type": "Point", "coordinates": ["32.66278801", "47.14699562"]}}, {"type": "Feature", "properties": {"sheet_name": "Артилерія та РСЗВ", "date": "2022-10-15", "timestamp": 1665792000000.0}, "geometry": {"type": "Point", "coordinates": ["32.82146419", "47.2186258"]}}, {"type": "Feature", "properties": {"sheet_name": "Дрони-камікадзе", "date": "2022-10-16", "timestamp": 1665878400000.0}, "geometry": {"type": "Point", "coordinates": ["32.07560234", "46.96091694"]}}, {"type": "Feature", "properties": {"sheet_name": "Дрони-камікадзе", "date": "2022-10-16", "timestamp": 1665878400000.0}, "geometry": {"type": "Point", "coordinates": ["31.20882094", "46.65336867"]}}, {"type": "Feature", "properties": {"sheet_name": "Артилерія та РСЗВ", "date": "2022-10-16", "timestamp": 1665878400000.0}, "geometry": {"type": "Point", "coordinates": ["32.46654875", "47.00658232"]}}, {"type": "Feature", "properties": {"sheet_name": "Артилерія та РСЗВ", "date": "2022-10-16", "timestamp": 1665878400000.0}, "geometry": {"type": "Point", "coordinates": ["32.6662105", "47.14826162"]}}, {"type": "Feature", "properties": {"sheet_name": "Артилерія та РСЗВ", "date": "2022-10-17", "timestamp": 1665964800000.0}, "geometry": {"type": "Point", "coordinates": ["32.8230306", "47.21730318"]}}, {"type": "Feature", "properties": {"sheet_name": "Артилерія та РСЗВ", "date": "2022-10-17", "timestamp": 1665964800000.0}, "geometry": {"type": "Point", "coordinates": ["32.82372798", "47.21656717"]}}, {"type": "Feature", "properties": {"sheet_name": "Артилерія та РСЗВ", "date": "2022-10-17", "timestamp": 1665964800000.0}, "geometry": {"type": "Point", "coordinates": ["32.66171078", "47.15904228"]}}, {"type": "Feature", "properties": {"sheet_name": "Ракети", "date": "2022-10-18", "timestamp": 1666051200000.0}, "geometry": {"type": "Point", "coordinates": ["31.99204419", "46.97300909"]}}, {"type": "Feature", "properties": {"sheet_name": "Дрони-камікадзе", "date": "2022-10-18", "timestamp": 1666051200000.0}, "geometry": {"type": "Point", "coordinates": ["31.79619301", "47.18542554"]}}, {"type": "Feature", "properties": {"sheet_name": "Артилерія та РСЗВ", "date": "2022-10-18", "timestamp": 1666051200000.0}, "geometry": {"type": "Point", "coordinates": ["31.63498094", "46.65194792"]}}, {"type": "Feature", "properties": {"sheet_name": "Артилерія та РСЗВ", "date": "2022-10-18", "timestamp": 1666051200000.0}, "geometry": {"type": "Point", "coordinates": ["32.66759452", "47.1391673"]}}, {"type": "Feature", "properties": {"sheet_name": "Артилерія та РСЗВ", "date": "2022-10-18", "timestamp": 1666051200000.0}, "geometry": {"type": "Point", "coordinates": ["32.82151784", "47.22630944"]}}, {"type": "Feature", "properties": {"sheet_name": "Артилерія та РСЗВ", "date": "2022-10-18", "timestamp": 1666051200000.0}, "geometry": {"type": "Point", "coordinates": ["32.67355976", "47.1427742"]}}, {"type": "Feature", "properties": {"sheet_name": "Артилерія та РСЗВ", "date": "2022-10-19", "timestamp": 1666137600000.0}, "geometry": {"type": "Point", "coordinates": ["32.83165659", "47.21616272"]}}, {"type": "Feature", "properties": {"sheet_name": "Артилерія та РСЗВ", "date": "2022-10-19", "timestamp": 1666137600000.0}, "geometry": {"type": "Point", "coordinates": ["32.83232178", "47.22111791"]}}, {"type": "Feature", "properties": {"sheet_name": "Артилерія та РСЗВ", "date": "2022-10-19", "timestamp": 1666137600000.0}, "geometry": {"type": "Point", "coordinates": ["32.66560969", "47.13390156"]}}, {"type": "Feature", "properties": {"sheet_name": "Ракети", "date": "2022-10-20", "timestamp": 1666224000000.0}, "geometry": {"type": "Point", "coordinates": ["32.00256073", "46.98625754"]}}, {"type": "Feature", "properties": {"sheet_name": "Артилерія та РСЗВ", "date": "2022-10-20", "timestamp": 1666224000000.0}, "geometry": {"type": "Point", "coordinates": ["31.60302688", "46.61631841"]}}, {"type": "Feature", "properties": {"sheet_name": "Артилерія та РСЗВ", "date": "2022-10-20", "timestamp": 1666224000000.0}, "geometry": {"type": "Point", "coordinates": ["32.06844851", "47.00978289"]}}, {"type": "Feature", "properties": {"sheet_name": "Артилерія та РСЗВ", "date": "2022-10-20", "timestamp": 1666224000000.0}, "geometry": {"type": "Point", "coordinates": ["32.82483305", "47.22750069"]}}, {"type": "Feature", "properties": {"sheet_name": "Артилерія та РСЗВ", "date": "2022-10-20", "timestamp": 1666224000000.0}, "geometry": {"type": "Point", "coordinates": ["32.65945134", "47.14619661"]}}, {"type": "Feature", "properties": {"sheet_name": "Артилерія та РСЗВ", "date": "2022-10-21", "timestamp": 1666310400000.0}, "geometry": {"type": "Point", "coordinates": ["31.61230018", "46.65884072"]}}, {"type": "Feature", "properties": {"sheet_name": "Артилерія та РСЗВ", "date": "2022-10-21", "timestamp": 1666310400000.0}, "geometry": {"type": "Point", "coordinates": ["31.97836028", "46.8031233"]}}, {"type": "Feature", "properties": {"sheet_name": "Артилерія та РСЗВ", "date": "2022-10-21", "timestamp": 1666310400000.0}, "geometry": {"type": "Point", "coordinates": ["31.60590579", "46.65208048"]}}, {"type": "Feature", "properties": {"sheet_name": "Артилерія та РСЗВ", "date": "2022-10-21", "timestamp": 1666310400000.0}, "geometry": {"type": "Point", "coordinates": ["32.46015206", "47.00454045"]}}, {"type": "Feature", "properties": {"sheet_name": "Артилерія та РСЗВ", "date": "2022-10-21", "timestamp": 1666310400000.0}, "geometry": {"type": "Point", "coordinates": ["32.82987687", "47.21749768"]}}, {"type": "Feature", "properties": {"sheet_name": "Артилерія та РСЗВ", "date": "2022-10-21", "timestamp": 1666310400000.0}, "geometry": {"type": "Point", "coordinates": ["32.2202184", "47.20555336"]}}, {"type": "Feature", "properties": {"sheet_name": "Артилерія та РСЗВ", "date": "2022-10-21", "timestamp": 1666310400000.0}, "geometry": {"type": "Point", "coordinates": ["32.65863595", "47.14623309"]}}, {"type": "Feature", "properties": {"sheet_name": "Ракети", "date": "2022-10-22", "timestamp": 1666396800000.0}, "geometry": {"type": "Point", "coordinates": ["30.80616813", "48.13981669"]}}, {"type": "Feature", "properties": {"sheet_name": "Артилерія та РСЗВ", "date": "2022-10-22", "timestamp": 1666396800000.0}, "geometry": {"type": "Point", "coordinates": ["31.97985159", "46.80102288"]}}, {"type": "Feature", "properties": {"sheet_name": "Артилерія та РСЗВ", "date": "2022-10-22", "timestamp": 1666396800000.0}, "geometry": {"type": "Point", "coordinates": ["32.82521929", "47.22266267"]}}, {"type": "Feature", "properties": {"sheet_name": "Артилерія та РСЗВ", "date": "2022-10-22", "timestamp": 1666396800000.0}, "geometry": {"type": "Point", "coordinates": ["32.66301331", "47.14386881"]}}, {"type": "Feature", "properties": {"sheet_name": "Ракети", "date": "2022-10-23", "timestamp": 1666483200000.0}, "geometry": {"type": "Point", "coordinates": ["32.0088776", "46.86028666"]}}, {"type": "Feature", "properties": {"sheet_name": "Ракети", "date": "2022-10-23", "timestamp": 1666483200000.0}, "geometry": {"type": "Point", "coordinates": ["31.97742411", "46.80640468"]}}, {"type": "Feature", "properties": {"sheet_name": "Дрони-камікадзе", "date": "2022-10-23", "timestamp": 1666483200000.0}, "geometry": {"type": "Point", "coordinates": ["31.75212616", "47.1626507"]}}, {"type": "Feature", "properties": {"sheet_name": "Дрони-камікадзе", "date": "2022-10-23", "timestamp": 1666483200000.0}, "geometry": {"type": "Point", "coordinates": ["32.29077601", "46.89240898"]}}, {"type": "Feature", "properties": {"sheet_name": "Артилерія та РСЗВ", "date": "2022-10-23", "timestamp": 1666483200000.0}, "geometry": {"type": "Point", "coordinates": ["31.54648956", "46.62698912"]}}, {"type": "Feature", "properties": {"sheet_name": "Артилерія та РСЗВ", "date": "2022-10-23", "timestamp": 1666483200000.0}, "geometry": {"type": "Point", "coordinates": ["32.82356705", "47.22573749"]}}, {"type": "Feature", "properties": {"sheet_name": "Артилерія та РСЗВ", "date": "2022-10-23", "timestamp": 1666483200000.0}, "geometry": {"type": "Point", "coordinates": ["32.66861376", "47.14540487"]}}, {"type": "Feature", "properties": {"sheet_name": "Артилерія та РСЗВ", "date": "2022-10-24", "timestamp": 1666569600000.0}, "geometry": {"type": "Point", "coordinates": ["32.28367352", "46.89626536"]}}, {"type": "Feature", "properties": {"sheet_name": "Артилерія та РСЗВ", "date": "2022-10-24", "timestamp": 1666569600000.0}, "geometry": {"type": "Point", "coordinates": ["32.55118208", "47.39099283"]}}, {"type": "Feature", "properties": {"sheet_name": "Артилерія та РСЗВ", "date": "2022-10-24", "timestamp": 1666569600000.0}, "geometry": {"type": "Point", "coordinates": ["32.23045078", "47.21410674"]}}, {"type": "Feature", "properties": {"sheet_name": "Артилерія та РСЗВ", "date": "2022-10-24", "timestamp": 1666569600000.0}, "geometry": {"type": "Point", "coordinates": ["31.5558451", "46.60305264"]}}, {"type": "Feature", "properties": {"sheet_name": "Артилерія та РСЗВ", "date": "2022-10-24", "timestamp": 1666569600000.0}, "geometry": {"type": "Point", "coordinates": ["32.83026184", "47.23034209"]}}, {"type": "Feature", "properties": {"sheet_name": "Артилерія та РСЗВ", "date": "2022-10-24", "timestamp": 1666569600000.0}, "geometry": {"type": "Point", "coordinates": ["32.66287384", "47.14795333"]}}, {"type": "Feature", "properties": {"sheet_name": "Артилерія та РСЗВ", "date": "2022-10-25", "timestamp": 1666656000000.0}, "geometry": {"type": "Point", "coordinates": ["32.47045174", "47.0049648"]}}, {"type": "Feature", "properties": {"sheet_name": "Артилерія та РСЗВ", "date": "2022-10-25", "timestamp": 1666656000000.0}, "geometry": {"type": "Point", "coordinates": ["32.82959665", "47.21387443"]}}, {"type": "Feature", "properties": {"sheet_name": "Артилерія та РСЗВ", "date": "2022-10-26", "timestamp": 1666742400000.0}, "geometry": {"type": "Point", "coordinates": ["32.67086682", "47.15529519"]}}, {"type": "Feature", "properties": {"sheet_name": "Артилерія та РСЗВ", "date": "2022-10-26", "timestamp": 1666742400000.0}, "geometry": {"type": "Point", "coordinates": ["32.29117298", "46.8911919"]}}, {"type": "Feature", "properties": {"sheet_name": "Артилерія та РСЗВ", "date": "2022-10-26", "timestamp": 1666742400000.0}, "geometry": {"type": "Point", "coordinates": ["32.8297254", "47.22799612"]}}, {"type": "Feature", "properties": {"sheet_name": "Артилерія та РСЗВ", "date": "2022-10-27", "timestamp": 1666828800000.0}, "geometry": {"type": "Point", "coordinates": ["32.66746578", "47.15534261"]}}, {"type": "Feature", "properties": {"sheet_name": "Артилерія та РСЗВ", "date": "2022-10-27", "timestamp": 1666828800000.0}, "geometry": {"type": "Point", "coordinates": ["32.21027933", "47.21073876"]}}, {"type": "Feature", "properties": {"sheet_name": "Артилерія та РСЗВ", "date": "2022-10-27", "timestamp": 1666828800000.0}, "geometry": {"type": "Point", "coordinates": ["32.82776202", "47.23181737"]}}, {"type": "Feature", "properties": {"sheet_name": "Ракети", "date": "2022-10-28", "timestamp": 1666915200000.0}, "geometry": {"type": "Point", "coordinates": ["32.02821096", "46.95457426"]}}, {"type": "Feature", "properties": {"sheet_name": "Артилерія та РСЗВ", "date": "2022-10-28", "timestamp": 1666915200000.0}, "geometry": {"type": "Point", "coordinates": ["31.95648142", "46.79574818"]}}, {"type": "Feature", "properties": {"sheet_name": "Артилерія та РСЗВ", "date": "2022-10-28", "timestamp": 1666915200000.0}, "geometry": {"type": "Point", "coordinates": ["31.55483659", "46.62508078"]}}, {"type": "Feature", "properties": {"sheet_name": "Артилерія та РСЗВ", "date": "2022-10-28", "timestamp": 1666915200000.0}, "geometry": {"type": "Point", "coordinates": ["32.83197845", "47.23071"]}}, {"type": "Feature", "properties": {"sheet_name": "Артилерія та РСЗВ", "date": "2022-10-28", "timestamp": 1666915200000.0}, "geometry": {"type": "Point", "coordinates": ["32.66618905", "47.15487568"]}}, {"type": "Feature", "properties": {"sheet_name": "Артилерія та РСЗВ", "date": "2022-10-29", "timestamp": 1667001600000.0}, "geometry": {"type": "Point", "coordinates": ["32.04852507", "47.01615083"]}}, {"type": "Feature", "properties": {"sheet_name": "Артилерія та РСЗВ", "date": "2022-10-29", "timestamp": 1667001600000.0}, "geometry": {"type": "Point", "coordinates": ["31.95397087", "46.81078858"]}}, {"type": "Feature", "properties": {"sheet_name": "Артилерія та РСЗВ", "date": "2022-10-29", "timestamp": 1667001600000.0}, "geometry": {"type": "Point", "coordinates": ["31.49898227", "46.6248671"]}}, {"type": "Feature", "properties": {"sheet_name": "Артилерія та РСЗВ", "date": "2022-10-29", "timestamp": 1667001600000.0}, "geometry": {"type": "Point", "coordinates": ["32.29140901", "46.89457181"]}}, {"type": "Feature", "properties": {"sheet_name": "Артилерія та РСЗВ", "date": "2022-10-29", "timestamp": 1667001600000.0}, "geometry": {"type": "Point", "coordinates": ["32.83202137", "47.22888862"]}}, {"type": "Feature", "properties": {"sheet_name": "Артилерія та РСЗВ", "date": "2022-10-29", "timestamp": 1667001600000.0}, "geometry": {"type": "Point", "coordinates": ["32.67054495", "47.15707532"]}}, {"type": "Feature", "properties": {"sheet_name": "Артилерія та РСЗВ", "date": "2022-10-30", "timestamp": 1667088000000.0}, "geometry": {"type": "Point", "coordinates": ["31.56389173", "46.6265802"]}}, {"type": "Feature", "properties": {"sheet_name": "Артилерія та РСЗВ", "date": "2022-10-30", "timestamp": 1667088000000.0}, "geometry": {"type": "Point", "coordinates": ["32.29351186", "46.89531229"]}}, {"type": "Feature", "properties": {"sheet_name": "Артилерія та РСЗВ", "date": "2022-10-30", "timestamp": 1667088000000.0}, "geometry": {"type": "Point", "coordinates": ["32.82373871", "47.21376147"]}}, {"type": "Feature", "properties": {"sheet_name": "Артилерія та РСЗВ", "date": "2022-10-30", "timestamp": 1667088000000.0}, "geometry": {"type": "Point", "coordinates": ["32.66589937", "47.15673608"]}}, {"type": "Feature", "properties": {"sheet_name": "Артилерія та РСЗВ", "date": "2022-10-30", "timestamp": 1667088000000.0}, "geometry": {"type": "Point", "coordinates": ["31.5930741", "46.64290346"]}}, {"type": "Feature", "properties": {"sheet_name": "Артилерія та РСЗВ", "date": "2022-10-30", "timestamp": 1667088000000.0}, "geometry": {"type": "Point", "coordinates": ["31.56137045", "46.62706648"]}}, {"type": "Feature", "properties": {"sheet_name": "Артилерія та РСЗВ", "date": "2022-10-30", "timestamp": 1667088000000.0}, "geometry": {"type": "Point", "coordinates": ["32.23637271", "47.19569537"]}}, {"type": "Feature", "properties": {"sheet_name": "Артилерія та РСЗВ", "date": "2022-10-30", "timestamp": 1667088000000.0}, "geometry": {"type": "Point", "coordinates": ["32.6659101", "47.15650262"]}}, {"type": "Feature", "properties": {"sheet_name": "Артилерія та РСЗВ", "date": "2022-10-31", "timestamp": 1667174400000.0}, "geometry": {"type": "Point", "coordinates": ["31.61905934", "46.64867795"]}}, {"type": "Feature", "properties": {"sheet_name": "Артилерія та РСЗВ", "date": "2022-10-31", "timestamp": 1667174400000.0}, "geometry": {"type": "Point", "coordinates": ["32.66523219", "47.13237673"]}}, {"type": "Feature", "properties": {"sheet_name": "Артилерія та РСЗВ", "date": "2022-10-31", "timestamp": 1667174400000.0}, "geometry": {"type": "Point", "coordinates": ["31.59623644", "46.64525657"]}}, {"type": "Feature", "properties": {"sheet_name": "Артилерія та РСЗВ", "date": "2022-10-31", "timestamp": 1667174400000.0}, "geometry": {"type": "Point", "coordinates": ["32.48005685", "46.9970314"]}}, {"type": "Feature", "properties": {"sheet_name": "Артилерія та РСЗВ", "date": "2022-10-31", "timestamp": 1667174400000.0}, "geometry": {"type": "Point", "coordinates": ["32.82469357", "47.21908852"]}}, {"type": "Feature", "properties": {"sheet_name": "Артилерія та РСЗВ", "date": "2022-10-31", "timestamp": 1667174400000.0}, "geometry": {"type": "Point", "coordinates": ["32.66568632", "47.1342451"]}}, {"type": "Feature", "properties": {"sheet_name": "Ракети", "date": "2022-11-1", "timestamp": 1667260800000.0}, "geometry": {"type": "Point", "coordinates": ["31.9858655", "46.97710772"]}}, {"type": "Feature", "properties": {"sheet_name": "Касетні боєприпаси", "date": "2022-11-1", "timestamp": 1667260800000.0}, "geometry": {"type": "Point", "coordinates": ["31.95554329", "46.79756153"]}}, {"type": "Feature", "properties": {"sheet_name": "Артилерія та РСЗВ", "date": "2022-11-1", "timestamp": 1667260800000.0}, "geometry": {"type": "Point", "coordinates": ["32.28463284", "46.89278265"]}}, {"type": "Feature", "properties": {"sheet_name": "Артилерія та РСЗВ", "date": "2022-11-1", "timestamp": 1667260800000.0}, "geometry": {"type": "Point", "coordinates": ["32.46513522", "46.998607"]}}, {"type": "Feature", "properties": {"sheet_name": "Артилерія та РСЗВ", "date": "2022-11-1", "timestamp": 1667260800000.0}, "geometry": {"type": "Point", "coordinates": ["32.66608353", "47.13481192"]}}, {"type": "Feature", "properties": {"sheet_name": "Артилерія та РСЗВ", "date": "2022-11-1", "timestamp": 1667260800000.0}, "geometry": {"type": "Point", "coordinates": ["32.82819614", "47.20353534"]}}, {"type": "Feature", "properties": {"sheet_name": "Артилерія та РСЗВ", "date": "2022-11-4", "timestamp": 1667520000000.0}, "geometry": {"type": "Point", "coordinates": ["32.65854692", "47.14726913"]}}, {"type": "Feature", "properties": {"sheet_name": "Артилерія та РСЗВ", "date": "2022-11-4", "timestamp": 1667520000000.0}, "geometry": {"type": "Point", "coordinates": ["32.82352413", "47.23402839"]}}, {"type": "Feature", "properties": {"sheet_name": "Артилерія та РСЗВ", "date": "2022-11-5", "timestamp": 1667606400000.0}, "geometry": {"type": "Point", "coordinates": ["32.66032037", "47.144303"]}}, {"type": "Feature", "properties": {"sheet_name": "Артилерія та РСЗВ", "date": "2022-11-5", "timestamp": 1667606400000.0}, "geometry": {"type": "Point", "coordinates": ["32.82500471", "47.22062241"]}}, {"type": "Feature", "properties": {"sheet_name": "Артилерія та РСЗВ", "date": "2022-11-6", "timestamp": 1667692800000.0}, "geometry": {"type": "Point", "coordinates": ["31.94800363", "46.77456697"]}}, {"type": "Feature", "properties": {"sheet_name": "Артилерія та РСЗВ", "date": "2022-11-6", "timestamp": 1667692800000.0}, "geometry": {"type": "Point", "coordinates": ["32.66290479", "47.1403472"]}}, {"type": "Feature", "properties": {"sheet_name": "Артилерія та РСЗВ", "date": "2022-11-7", "timestamp": 1667779200000.0}, "geometry": {"type": "Point", "coordinates": ["32.66318453", "47.14905426"]}}, {"type": "Feature", "properties": {"sheet_name": "Артилерія та РСЗВ", "date": "2022-11-7", "timestamp": 1667779200000.0}, "geometry": {"type": "Point", "coordinates": ["32.48185228", "46.99696006"]}}, {"type": "Feature", "properties": {"sheet_name": "Артилерія та РСЗВ", "date": "2022-11-7", "timestamp": 1667779200000.0}, "geometry": {"type": "Point", "coordinates": ["31.63510968", "46.65332508"]}}, {"type": "Feature", "properties": {"sheet_name": "Артилерія та РСЗВ", "date": "2022-11-7", "timestamp": 1667779200000.0}, "geometry": {"type": "Point", "coordinates": ["32.28781711", "46.89084378"]}}, {"type": "Feature", "properties": {"sheet_name": "Артилерія та РСЗВ", "date": "2022-11-7", "timestamp": 1667779200000.0}, "geometry": {"type": "Point", "coordinates": ["31.9589619", "46.80573676"]}}, {"type": "Feature", "properties": {"sheet_name": "Артилерія та РСЗВ", "date": "2022-11-7", "timestamp": 1667779200000.0}, "geometry": {"type": "Point", "coordinates": ["32.82096124", "47.21651474"]}}, {"type": "Feature", "properties": {"sheet_name": "Артилерія та РСЗВ", "date": "2022-11-8", "timestamp": 1667865600000.0}, "geometry": {"type": "Point", "coordinates": ["32.29089403", "46.8979002"]}}, {"type": "Feature", "properties": {"sheet_name": "Артилерія та РСЗВ", "date": "2022-11-8", "timestamp": 1667865600000.0}, "geometry": {"type": "Point", "coordinates": ["32.66470247", "47.15574184"]}}, {"type": "Feature", "properties": {"sheet_name": "Артилерія та РСЗВ", "date": "2022-11-9", "timestamp": 1667952000000.0}, "geometry": {"type": "Point", "coordinates": ["32.06775567", "46.95097385"]}}, {"type": "Feature", "properties": {"sheet_name": "Артилерія та РСЗВ", "date": "2022-11-9", "timestamp": 1667952000000.0}, "geometry": {"type": "Point", "coordinates": ["32.82613124", "47.21677121"]}}, {"type": "Feature", "properties": {"sheet_name": "Артилерія та РСЗВ", "date": "2022-11-10", "timestamp": 1668038400000.0}, "geometry": {"type": "Point", "coordinates": ["32.29289638", "46.89336424"]}}, {"type": "Feature", "properties": {"sheet_name": "Артилерія та РСЗВ", "date": "2022-11-10", "timestamp": 1668038400000.0}, "geometry": {"type": "Point", "coordinates": ["32.13928112", "46.99013924"]}}, {"type": "Feature", "properties": {"sheet_name": "Артилерія та РСЗВ", "date": "2022-11-10", "timestamp": 1668038400000.0}, "geometry": {"type": "Point", "coordinates": ["32.82270874", "47.22502345"]}}, {"type": "Feature", "properties": {"sheet_name": "Артилерія та РСЗВ", "date": "2022-11-11", "timestamp": 1668124800000.0}, "geometry": {"type": "Point", "coordinates": ["31.63101127", "46.65543861"]}}, {"type": "Feature", "properties": {"sheet_name": "Артилерія та РСЗВ", "date": "2022-11-12", "timestamp": 1668211200000.0}, "geometry": {"type": "Point", "coordinates": ["31.54759648", "46.60727898"]}}, {"type": "Feature", "properties": {"sheet_name": "Артилерія та РСЗВ", "date": "2022-11-13", "timestamp": 1668297600000.0}, "geometry": {"type": "Point", "coordinates": ["31.55141594", "46.60871624"]}}, {"type": "Feature", "properties": {"sheet_name": "Артилерія та РСЗВ", "date": "2022-11-14", "timestamp": 1668384000000.0}, "geometry": {"type": "Point", "coordinates": ["31.63485124", "46.65718727"]}}, {"type": "Feature", "properties": {"sheet_name": "Артилерія та РСЗВ", "date": "2022-11-14", "timestamp": 1668384000000.0}, "geometry": {"type": "Point", "coordinates": ["31.55770835", "46.61274324"]}}, {"type": "Feature", "properties": {"sheet_name": "Артилерія та РСЗВ", "date": "2022-11-17", "timestamp": 1668643200000.0}, "geometry": {"type": "Point", "coordinates": ["31.62613462", "46.65007284"]}}, {"type": "Feature", "properties": {"sheet_name": "Артилерія та РСЗВ", "date": "2022-11-18", "timestamp": 1668729600000.0}, "geometry": {"type": "Point", "coordinates": ["31.55602392", "46.61381923"]}}, {"type": "Feature", "properties": {"sheet_name": "Артилерія та РСЗВ", "date": "2022-11-20", "timestamp": 1668902400000.0}, "geometry": {"type": "Point", "coordinates": ["31.55095991", "46.61557321"]}}, {"type": "Feature", "properties": {"sheet_name": "Артилерія та РСЗВ", "date": "2022-11-20", "timestamp": 1668902400000.0}, "geometry": {"type": "Point", "coordinates": ["31.55739721", "46.61541108"]}}, {"type": "Feature", "properties": {"sheet_name": "Артилерія та РСЗВ", "date": "2022-11-20", "timestamp": 1668902400000.0}, "geometry": {"type": "Point", "coordinates": ["31.55387816", "46.61924311"]}}, {"type": "Feature", "properties": {"sheet_name": "Артилерія та РСЗВ", "date": "2022-11-25", "timestamp": 1669334400000.0}, "geometry": {"type": "Point", "coordinates": ["31.54614266", "46.62208748"]}}, {"type": "Feature", "properties": {"sheet_name": "Артилерія та РСЗВ", "date": "2022-11-25", "timestamp": 1669334400000.0}, "geometry": {"type": "Point", "coordinates": ["31.54746231", "46.62429803"]}}, {"type": "Feature", "properties": {"sheet_name": "Артилерія та РСЗВ", "date": "2022-11-27", "timestamp": 1669507200000.0}, "geometry": {"type": "Point", "coordinates": ["31.6164955", "46.65602232"]}}, {"type": "Feature", "properties": {"sheet_name": "Артилерія та РСЗВ", "date": "2022-11-27", "timestamp": 1669507200000.0}, "geometry": {"type": "Point", "coordinates": ["31.53264722", "46.62016898"]}}, {"type": "Feature", "properties": {"sheet_name": "Артилерія та РСЗВ", "date": "2022-11-30", "timestamp": 1669766400000.0}, "geometry": {"type": "Point", "coordinates": ["31.53382739", "46.61739083"]}}, {"type": "Feature", "properties": {"sheet_name": "Артилерія та РСЗВ", "date": "2022-12-1", "timestamp": 1669852800000.0}, "geometry": {"type": "Point", "coordinates": ["31.53215759", "46.61290007"]}}, {"type": "Feature", "properties": {"sheet_name": "Артилерія та РСЗВ", "date": "2022-12-2", "timestamp": 1669939200000.0}, "geometry": {"type": "Point", "coordinates": ["31.54019466", "46.60697787"]}}, {"type": "Feature", "properties": {"sheet_name": "Артилерія та РСЗВ", "date": "2022-12-3", "timestamp": 1670025600000.0}, "geometry": {"type": "Point", "coordinates": ["31.59500529", "46.6485601"]}}, {"type": "Feature", "properties": {"sheet_name": "Артилерія та РСЗВ", "date": "2022-12-4", "timestamp": 1670112000000.0}, "geometry": {"type": "Point", "coordinates": ["31.55025723", "46.60473605"]}}, {"type": "Feature", "properties": {"sheet_name": "Ракети", "date": "2022-12-5", "timestamp": 1670198400000.0}, "geometry": {"type": "Point", "coordinates": ["31.78954113", "47.18535262"]}}, {"type": "Feature", "properties": {"sheet_name": "Артилерія та РСЗВ", "date": "2022-12-5", "timestamp": 1670198400000.0}, "geometry": {"type": "Point", "coordinates": ["31.57229997", "46.6362046"]}}, {"type": "Feature", "properties": {"sheet_name": "Артилерія та РСЗВ", "date": "2022-12-6", "timestamp": 1670284800000.0}, "geometry": {"type": "Point", "coordinates": ["31.57013275", "46.62808586"]}}, {"type": "Feature", "properties": {"sheet_name": "Артилерія та РСЗВ", "date": "2022-12-6", "timestamp": 1670284800000.0}, "geometry": {"type": "Point", "coordinates": ["31.5895765", "46.6410988"]}}, {"type": "Feature", "properties": {"sheet_name": "Артилерія та РСЗВ", "date": "2022-12-7", "timestamp": 1670371200000.0}, "geometry": {"type": "Point", "coordinates": ["31.59798791", "46.65361965"]}}, {"type": "Feature", "properties": {"sheet_name": "Артилерія та РСЗВ", "date": "2022-12-8", "timestamp": 1670457600000.0}, "geometry": {"type": "Point", "coordinates": ["31.52964528", "46.62652125"]}}, {"type": "Feature", "properties": {"sheet_name": "Артилерія та РСЗВ", "date": "2022-12-8", "timestamp": 1670457600000.0}, "geometry": {"type": "Point", "coordinates": ["31.65583113", "46.65243935"]}}, {"type": "Feature", "properties": {"sheet_name": "Артилерія та РСЗВ", "date": "2022-12-8", "timestamp": 1670457600000.0}, "geometry": {"type": "Point", "coordinates": ["31.53224166", "46.63037092"]}}, {"type": "Feature", "properties": {"sheet_name": "Артилерія та РСЗВ", "date": "2022-12-10", "timestamp": 1670630400000.0}, "geometry": {"type": "Point", "coordinates": ["31.55507668", "46.61900229"]}}, {"type": "Feature", "properties": {"sheet_name": "Артилерія та РСЗВ", "date": "2022-12-11", "timestamp": 1670716800000.0}, "geometry": {"type": "Point", "coordinates": ["31.61744335", "46.65125001"]}}, {"type": "Feature", "properties": {"sheet_name": "Артилерія та РСЗВ", "date": "2022-12-11", "timestamp": 1670716800000.0}, "geometry": {"type": "Point", "coordinates": ["31.56595572", "46.63546964"]}}, {"type": "Feature", "properties": {"sheet_name": "Артилерія та РСЗВ", "date": "2022-12-12", "timestamp": 1670803200000.0}, "geometry": {"type": "Point", "coordinates": ["31.53495527", "46.61153114"]}}, {"type": "Feature", "properties": {"sheet_name": "Артилерія та РСЗВ", "date": "2022-12-12", "timestamp": 1670803200000.0}, "geometry": {"type": "Point", "coordinates": ["31.53480507", "46.61215759"]}}, {"type": "Feature", "properties": {"sheet_name": "Артилерія та РСЗВ", "date": "2022-12-13", "timestamp": 1670889600000.0}, "geometry": {"type": "Point", "coordinates": ["31.55604816", "46.61376423"]}}, {"type": "Feature", "properties": {"sheet_name": "Артилерія та РСЗВ", "date": "2022-12-14", "timestamp": 1670976000000.0}, "geometry": {"type": "Point", "coordinates": ["31.54866672", "46.61180383"]}}, {"type": "Feature", "properties": {"sheet_name": "Артилерія та РСЗВ", "date": "2022-12-14", "timestamp": 1670976000000.0}, "geometry": {"type": "Point", "coordinates": ["31.55082322", "46.60955592"]}}, {"type": "Feature", "properties": {"sheet_name": "Артилерія та РСЗВ", "date": "2022-12-15", "timestamp": 1671062400000.0}, "geometry": {"type": "Point", "coordinates": ["31.48487888", "46.62717558"]}}, {"type": "Feature", "properties": {"sheet_name": "Артилерія та РСЗВ", "date": "2022-12-17", "timestamp": 1671235200000.0}, "geometry": {"type": "Point", "coordinates": ["31.52706935", "46.63430784"]}}, {"type": "Feature", "properties": {"sheet_name": "Артилерія та РСЗВ", "date": "2022-12-18", "timestamp": 1671321600000.0}, "geometry": {"type": "Point", "coordinates": ["31.59762602", "46.6520311"]}}, {"type": "Feature", "properties": {"sheet_name": "Артилерія та РСЗВ", "date": "2022-12-19", "timestamp": 1671408000000.0}, "geometry": {"type": "Point", "coordinates": ["31.52762725", "46.62783925"]}}, {"type": "Feature", "properties": {"sheet_name": "Артилерія та РСЗВ", "date": "2022-12-19", "timestamp": 1671408000000.0}, "geometry": {"type": "Point", "coordinates": ["31.63097124", "46.64949763"]}}, {"type": "Feature", "properties": {"sheet_name": "Артилерія та РСЗВ", "date": "2022-12-20", "timestamp": 1671494400000.0}, "geometry": {"type": "Point", "coordinates": ["31.51016071", "46.62506886"]}}, {"type": "Feature", "properties": {"sheet_name": "Артилерія та РСЗВ", "date": "2022-12-21", "timestamp": 1671580800000.0}, "geometry": {"type": "Point", "coordinates": ["31.56372623", "46.62684095"]}}, {"type": "Feature", "properties": {"sheet_name": "Артилерія та РСЗВ", "date": "2022-12-21", "timestamp": 1671580800000.0}, "geometry": {"type": "Point", "coordinates": ["31.56265715", "46.62580658"]}}, {"type": "Feature", "properties": {"sheet_name": "Артилерія та РСЗВ", "date": "2022-12-21", "timestamp": 1671580800000.0}, "geometry": {"type": "Point", "coordinates": ["31.60244374", "46.64534493"]}}, {"type": "Feature", "properties": {"sheet_name": "Артилерія та РСЗВ", "date": "2022-12-22", "timestamp": 1671667200000.0}, "geometry": {"type": "Point", "coordinates": ["31.55975113", "46.62492634"]}}, {"type": "Feature", "properties": {"sheet_name": "Артилерія та РСЗВ", "date": "2022-12-23", "timestamp": 1671753600000.0}, "geometry": {"type": "Point", "coordinates": ["31.53700219", "46.61533142"]}}, {"type": "Feature", "properties": {"sheet_name": "Артилерія та РСЗВ", "date": "2022-12-24", "timestamp": 1671840000000.0}, "geometry": {"type": "Point", "coordinates": ["31.53835821", "46.62375736"]}}, {"type": "Feature", "properties": {"sheet_name": "Артилерія та РСЗВ", "date": "2022-12-24", "timestamp": 1671840000000.0}, "geometry": {"type": "Point", "coordinates": ["31.54235102", "46.62091569"]}}, {"type": "Feature", "properties": {"sheet_name": "Артилерія та РСЗВ", "date": "2022-12-26", "timestamp": 1672012800000.0}, "geometry": {"type": "Point", "coordinates": ["31.56560972", "46.62483426"]}}, {"type": "Feature", "properties": {"sheet_name": "Артилерія та РСЗВ", "date": "2022-12-27", "timestamp": 1672099200000.0}, "geometry": {"type": "Point", "coordinates": ["31.56130624", "46.6227951"]}}, {"type": "Feature", "properties": {"sheet_name": "Ракети", "date": "2022-12-29", "timestamp": 1672272000000.0}, "geometry": {"type": "Point", "coordinates": ["31.20457232", "46.66927708"]}}, {"type": "Feature", "properties": {"sheet_name": "Ракети", "date": "2022-12-29", "timestamp": 1672272000000.0}, "geometry": {"type": "Point", "coordinates": ["32.1454567", "47.01744305"]}}, {"type": "Feature", "properties": {"sheet_name": "Артилерія та РСЗВ", "date": "2022-12-29", "timestamp": 1672272000000.0}, "geometry": {"type": "Point", "coordinates": ["31.53494981", "46.61025978"]}}, {"type": "Feature", "properties": {"sheet_name": "Артилерія та РСЗВ", "date": "2022-12-30", "timestamp": 1672358400000.0}, "geometry": {"type": "Point", "coordinates": ["31.61872604", "46.65835544"]}}, {"type": "Feature", "properties": {"sheet_name": "Ракети", "date": "2022-12-31", "timestamp": 1672444800000.0}, "geometry": {"type": "Point", "coordinates": ["32.0018137", "46.85588893"]}}, {"type": "Feature", "properties": {"sheet_name": "Артилерія та РСЗВ", "date": "2022-12-31", "timestamp": 1672444800000.0}, "geometry": {"type": "Point", "coordinates": ["31.54563125", "46.61195544"]}}, {"type": "Feature", "properties": {"sheet_name": "медичні заклади", "date": "2023-01-09", "timestamp": 1673222400000.0}, "geometry": {"type": "Point", "coordinates": ["31.529999588058583", "46.622776938730674"]}}]}