{"type": "FeatureCollection", "features": [{"type": "Feature", "properties": {"sheet_name": "Ракети", "date": "2022-7-1", "timestamp": 1656633600000}, "geometry": {"type": "Point", "coordinates": [32.006337, 46.959632]}}, {"type": "Feature", "properties": {"sheet_name": "Ракети", "date": "2022-7-1", "timestamp": 1656633600000}, "geometry": {"type": "Point", "coordinates": [32.011807, 46.959077]}}, {"type": "Feature", "properties": {"sheet_name": "Ракети", "date": "2022-7-5", "timestamp": 1656979200000}, "geometry": {"type": "Point", "coordinates": [32.011807, 46.959077]}}, {"type": "Feature", "properties": {"sheet_name": "Ракети", "date": "2022-7-11", "timestamp": 1657497600000}, "geometry": {"type": "Point", "coordinates": [32.011807, 46.959077]}}, {"type": "Feature", "properties": {"sheet_name": "Ракети", "date": "2022-7-12", "timestamp": 1657584000000}, "geometry": {"type": "Point", "coordinates": [32.011807, 46.959077]}}, {"type": "Feature", "properties": {"sheet_name": "Ракети", "date": "2022-7-12", "timestamp": 1657584000000}, "geometry": {"type": "Point", "coordinates": [32.438221, 47.40372]}}, {"type": "Feature", "properties": {"sheet_name": "Ракети", "date": "2022-7-14", "timestamp": 1657756800000}, "geometry": {"type": "Point", "coordinates": [32.011807, 46.959077]}}, {"type": "Feature", "properties": {"sheet_name": "Ракети", "date": "2022-7-15", "timestamp": 1657843200000}, "geometry": {"type": "Point", "coordinates": [32.011808, 46.959077]}}, {"type": "Feature", "properties": {"sheet_name": "Ракети", "date": "2022-7-17", "timestamp": 1658016000000}, "geometry": {"type": "Point", "coordinates": [32.011809, 46.959077]}}, {"type": "Feature", "properties": {"sheet_name": "Ракети", "date": "2022-7-18", "timestamp": 1658102400000}, "geometry": {"type": "Point", "coordinates": [32.01181, 46.959077]}}, {"type": "Feature", "properties": {"sheet_name": "Ракети", "date": "2022-7-20", "timestamp": 1658275200000}, "geometry": {"type": "Point", "coordinates": [32.846669, 47.307953]}}, {"type": "Feature", "properties": {"sheet_name": "Ракети", "date": "2022-7-21", "timestamp": 1658361600000}, "geometry": {"type": "Point", "coordinates": [32.01181, 46.959077]}}, {"type": "Feature", "properties": {"sheet_name": "Ракети", "date": "2022-7-22", "timestamp": 1658448000000}, "geometry": {"type": "Point", "coordinates": [32.011811, 46.959077]}}, {"type": "Feature", "properties": {"sheet_name": "Ракети", "date": "2022-7-23", "timestamp": 1658534400000}, "geometry": {"type": "Point", "coordinates": [32.011811, 46.959077]}}, {"type": "Feature", "properties": {"sheet_name": "Ракети", "date": "2022-7-24", "timestamp": 1658620800000}, "geometry": {"type": "Point", "coordinates": [32.011812, 46.959077]}}, {"type": "Feature", "properties": {"sheet_name": "Ракети", "date": "2022-7-26", "timestamp": 1658793600000}, "geometry": {"type": "Point", "coordinates": [32.011812, 46.959077]}}, {"type": "Feature", "properties": {"sheet_name": "Ракети", "date": "2022-7-28", "timestamp": 1658966400000}, "geometry": {"type": "Point", "coordinates": [32.011812, 46.959077]}}, {"type": "Feature", "properties": {"sheet_name": "Касетні боєприпаси", "date": "2022-7-1", "timestamp": 1656633600000}, "geometry": {"type": "Point", "coordinates": [31.8806, 46.710101]}}, {"type": "Feature", "properties": {"sheet_name": "Касетні боєприпаси", "date": "2022-7-1", "timestamp": 1656633600000}, "geometry": {"type": "Point", "coordinates": [32.048909, 46.892573]}}, {"type": "Feature", "properties": {"sheet_name": "Касетні боєприпаси", "date": "2022-7-6", "timestamp": 1657065600000}, "geometry": {"type": "Point", "coordinates": [31.97235, 46.72796]}}, {"type": "Feature", "properties": {"sheet_name": "Касетні боєприпаси", "date": "2022-7-18", "timestamp": 1658102400000}, "geometry": {"type": "Point", "coordinates": [32.025611, 46.870032]}}, {"type": "Feature", "properties": {"sheet_name": "Касетні боєприпаси", "date": "2022-7-29", "timestamp": 1659052800000}, "geometry": {"type": "Point", "coordinates": [32.011812, 46.959077]}}, {"type": "Feature", "properties": {"sheet_name": "Артилерія та РСЗВ", "date": "2022-7-1", "timestamp": 1656633600000}, "geometry": {"type": "Point", "coordinates": [32.300632, 47.186537]}}, {"type": "Feature", "properties": {"sheet_name": "Артилерія та РСЗВ", "date": "2022-7-1", "timestamp": 1656633600000}, "geometry": {"type": "Point", "coordinates": [32.668365, 47.10046]}}, {"type": "Feature", "properties": {"sheet_name": "Артилерія та РСЗВ", "date": "2022-7-1", "timestamp": 1656633600000}, "geometry": {"type": "Point", "coordinates": [32.835408, 47.290478]}}, {"type": "Feature", "properties": {"sheet_name": "Артилерія та РСЗВ", "date": "2022-7-1", "timestamp": 1656633600000}, "geometry": {"type": "Point", "coordinates": [32.426633, 47.023607]}}, {"type": "Feature", "properties": {"sheet_name": "Артилерія та РСЗВ", "date": "2022-7-1", "timestamp": 1656633600000}, "geometry": {"type": "Point", "coordinates": [31.97235, 46.72796]}}, {"type": "Feature", "properties": {"sheet_name": "Артилерія та РСЗВ", "date": "2022-7-1", "timestamp": 1656633600000}, "geometry": {"type": "Point", "coordinates": [31.908865, 46.844166]}}, {"type": "Feature", "properties": {"sheet_name": "Артилерія та РСЗВ", "date": "2022-7-1", "timestamp": 1656633600000}, "geometry": {"type": "Point", "coordinates": [32.621648, 47.123866]}}, {"type": "Feature", "properties": {"sheet_name": "Артилерія та РСЗВ", "date": "2022-7-1", "timestamp": 1656633600000}, "geometry": {"type": "Point", "coordinates": [32.448873, 47.090263]}}, {"type": "Feature", "properties": {"sheet_name": "Артилерія та РСЗВ", "date": "2022-7-2", "timestamp": 1656720000000}, "geometry": {"type": "Point", "coordinates": [32.446554, 47.168671]}}, {"type": "Feature", "properties": {"sheet_name": "Артилерія та РСЗВ", "date": "2022-7-2", "timestamp": 1656720000000}, "geometry": {"type": "Point", "coordinates": [33.048818, 47.331542]}}, {"type": "Feature", "properties": {"sheet_name": "Артилерія та РСЗВ", "date": "2022-7-2", "timestamp": 1656720000000}, "geometry": {"type": "Point", "coordinates": [32.829574, 47.198526]}}, {"type": "Feature", "properties": {"sheet_name": "Артилерія та РСЗВ", "date": "2022-7-2", "timestamp": 1656720000000}, "geometry": {"type": "Point", "coordinates": [32.219268, 46.826064]}}, {"type": "Feature", "properties": {"sheet_name": "Артилерія та РСЗВ", "date": "2022-7-2", "timestamp": 1656720000000}, "geometry": {"type": "Point", "coordinates": [32.196443, 46.86215]}}, {"type": "Feature", "properties": {"sheet_name": "Артилерія та РСЗВ", "date": "2022-7-2", "timestamp": 1656720000000}, "geometry": {"type": "Point", "coordinates": [32.227655, 46.885644]}}, {"type": "Feature", "properties": {"sheet_name": "Артилерія та РСЗВ", "date": "2022-7-2", "timestamp": 1656720000000}, "geometry": {"type": "Point", "coordinates": [32.427847, 47.023995]}}, {"type": "Feature", "properties": {"sheet_name": "Артилерія та РСЗВ", "date": "2022-7-2", "timestamp": 1656720000000}, "geometry": {"type": "Point", "coordinates": [31.909975, 46.842564]}}, {"type": "Feature", "properties": {"sheet_name": "Артилерія та РСЗВ", "date": "2022-7-2", "timestamp": 1656720000000}, "geometry": {"type": "Point", "coordinates": [31.968707, 46.808807]}}, {"type": "Feature", "properties": {"sheet_name": "Артилерія та РСЗВ", "date": "2022-7-2", "timestamp": 1656720000000}, "geometry": {"type": "Point", "coordinates": [32.43914, 47.041483]}}, {"type": "Feature", "properties": {"sheet_name": "Артилерія та РСЗВ", "date": "2022-7-3", "timestamp": 1656806400000}, "geometry": {"type": "Point", "coordinates": [32.439141, 47.041483]}}, {"type": "Feature", "properties": {"sheet_name": "Артилерія та РСЗВ", "date": "2022-7-3", "timestamp": 1656806400000}, "geometry": {"type": "Point", "coordinates": [33.048818, 47.331542]}}, {"type": "Feature", "properties": {"sheet_name": "Артилерія та РСЗВ", "date": "2022-7-3", "timestamp": 1656806400000}, "geometry": {"type": "Point", "coordinates": [32.846669, 47.307953]}}, {"type": "Feature", "properties": {"sheet_name": "Артилерія та РСЗВ", "date": "2022-7-3", "timestamp": 1656806400000}, "geometry": {"type": "Point", "coordinates": [32.621648, 47.123866]}}, {"type": "Feature", "properties": {"sheet_name": "Артилерія та РСЗВ", "date": "2022-7-3", "timestamp": 1656806400000}, "geometry": {"type": "Point", "coordinates": [31.873512, 46.63574]}}, {"type": "Feature", "properties": {"sheet_name": "Артилерія та РСЗВ", "date": "2022-7-3", "timestamp": 1656806400000}, "geometry": {"type": "Point", "coordinates": [32.427847, 47.023995]}}, {"type": "Feature", "properties": {"sheet_name": "Артилерія та РСЗВ", "date": "2022-7-3", "timestamp": 1656806400000}, "geometry": {"type": "Point", "coordinates": [32.379444, 47.109722]}}, {"type": "Feature", "properties": {"sheet_name": "Артилерія та РСЗВ", "date": "2022-7-4", "timestamp": 1656892800000}, "geometry": {"type": "Point", "coordinates": [32.621648, 47.123866]}}, {"type": "Feature", "properties": {"sheet_name": "Артилерія та РСЗВ", "date": "2022-7-5", "timestamp": 1656979200000}, "geometry": {"type": "Point", "coordinates": [32.621648, 47.123866]}}, {"type": "Feature", "properties": {"sheet_name": "Артилерія та РСЗВ", "date": "2022-7-5", "timestamp": 1656979200000}, "geometry": {"type": "Point", "coordinates": [32.225665, 47.19975]}}, {"type": "Feature", "properties": {"sheet_name": "Артилерія та РСЗВ", "date": "2022-7-5", "timestamp": 1656979200000}, "geometry": {"type": "Point", "coordinates": [32.829574, 47.198526]}}, {"type": "Feature", "properties": {"sheet_name": "Артилерія та РСЗВ", "date": "2022-7-4", "timestamp": 1656892800000}, "geometry": {"type": "Point", "coordinates": [31.97235, 46.72796]}}, {"type": "Feature", "properties": {"sheet_name": "Артилерія та РСЗВ", "date": "2022-7-5", "timestamp": 1656979200000}, "geometry": {"type": "Point", "coordinates": [32.621648, 47.123866]}}, {"type": "Feature", "properties": {"sheet_name": "Артилерія та РСЗВ", "date": "2022-7-6", "timestamp": 1657065600000}, "geometry": {"type": "Point", "coordinates": [32.829574, 47.198526]}}, {"type": "Feature", "properties": {"sheet_name": "Артилерія та РСЗВ", "date": "2022-7-5", "timestamp": 1656979200000}, "geometry": {"type": "Point", "coordinates": [32.427847, 47.023995]}}, {"type": "Feature", "properties": {"sheet_name": "Артилерія та РСЗВ", "date": "2022-7-5", "timestamp": 1656979200000}, "geometry": {"type": "Point", "coordinates": [31.565892, 46.606658]}}, {"type": "Feature", "properties": {"sheet_name": "Артилерія та РСЗВ", "date": "2022-7-5", "timestamp": 1656979200000}, "geometry": {"type": "Point", "coordinates": [31.634256, 46.659323]}}, {"type": "Feature", "properties": {"sheet_name": "Артилерія та РСЗВ", "date": "2022-7-5", "timestamp": 1656979200000}, "geometry": {"type": "Point", "coordinates": [32.455243, 47.022603]}}, {"type": "Feature", "properties": {"sheet_name": "Артилерія та РСЗВ", "date": "2022-7-6", "timestamp": 1657065600000}, "geometry": {"type": "Point", "coordinates": [31.552642, 46.942736]}}, {"type": "Feature", "properties": {"sheet_name": "Артилерія та РСЗВ", "date": "2022-7-6", "timestamp": 1657065600000}, "geometry": {"type": "Point", "coordinates": [32.025611, 46.870032]}}, {"type": "Feature", "properties": {"sheet_name": "Артилерія та РСЗВ", "date": "2022-7-6", "timestamp": 1657065600000}, "geometry": {"type": "Point", "coordinates": [32.621648, 47.123866]}}, {"type": "Feature", "properties": {"sheet_name": "Артилерія та РСЗВ", "date": "2022-7-6", "timestamp": 1657065600000}, "geometry": {"type": "Point", "coordinates": [32.829574, 47.198526]}}, {"type": "Feature", "properties": {"sheet_name": "Артилерія та РСЗВ", "date": "2022-7-5", "timestamp": 1656979200000}, "geometry": {"type": "Point", "coordinates": [32.829574, 47.198526]}}, {"type": "Feature", "properties": {"sheet_name": "Артилерія та РСЗВ", "date": "2022-7-6", "timestamp": 1657065600000}, "geometry": {"type": "Point", "coordinates": [32.359167, 46.966356]}}, {"type": "Feature", "properties": {"sheet_name": "Артилерія та РСЗВ", "date": "2022-7-6", "timestamp": 1657065600000}, "geometry": {"type": "Point", "coordinates": [32.448873, 47.090263]}}, {"type": "Feature", "properties": {"sheet_name": "Артилерія та РСЗВ", "date": "2022-7-6", "timestamp": 1657065600000}, "geometry": {"type": "Point", "coordinates": [32.438662, 47.04128]}}, {"type": "Feature", "properties": {"sheet_name": "Артилерія та РСЗВ", "date": "2022-7-6", "timestamp": 1657065600000}, "geometry": {"type": "Point", "coordinates": [32.196443, 46.86215]}}, {"type": "Feature", "properties": {"sheet_name": "Артилерія та РСЗВ", "date": "2022-7-7", "timestamp": 1657152000000}, "geometry": {"type": "Point", "coordinates": [31.544722, 46.619291]}}, {"type": "Feature", "properties": {"sheet_name": "Артилерія та РСЗВ", "date": "2022-7-7", "timestamp": 1657152000000}, "geometry": {"type": "Point", "coordinates": [31.709332, 46.717996]}}, {"type": "Feature", "properties": {"sheet_name": "Артилерія та РСЗВ", "date": "2022-7-7", "timestamp": 1657152000000}, "geometry": {"type": "Point", "coordinates": [32.011807, 46.959077]}}, {"type": "Feature", "properties": {"sheet_name": "Артилерія та РСЗВ", "date": "2022-7-7", "timestamp": 1657152000000}, "geometry": {"type": "Point", "coordinates": [32.846669, 47.307953]}}, {"type": "Feature", "properties": {"sheet_name": "Артилерія та РСЗВ", "date": "2022-7-8", "timestamp": 1657238400000}, "geometry": {"type": "Point", "coordinates": [32.846669, 47.307953]}}, {"type": "Feature", "properties": {"sheet_name": "Артилерія та РСЗВ", "date": "2022-7-7", "timestamp": 1657152000000}, "geometry": {"type": "Point", "coordinates": [32.91042, 47.32143]}}, {"type": "Feature", "properties": {"sheet_name": "Артилерія та РСЗВ", "date": "2022-7-7", "timestamp": 1657152000000}, "geometry": {"type": "Point", "coordinates": [32.621648, 47.123866]}}, {"type": "Feature", "properties": {"sheet_name": "Артилерія та РСЗВ", "date": "2022-7-7", "timestamp": 1657152000000}, "geometry": {"type": "Point", "coordinates": [32.141298, 46.824849]}}, {"type": "Feature", "properties": {"sheet_name": "Артилерія та РСЗВ", "date": "2022-7-7", "timestamp": 1657152000000}, "geometry": {"type": "Point", "coordinates": [31.954482, 46.80328]}}, {"type": "Feature", "properties": {"sheet_name": "Артилерія та РСЗВ", "date": "2022-7-7", "timestamp": 1657152000000}, "geometry": {"type": "Point", "coordinates": [32.127128, 46.97565]}}, {"type": "Feature", "properties": {"sheet_name": "Артилерія та РСЗВ", "date": "2022-7-8", "timestamp": 1657238400000}, "geometry": {"type": "Point", "coordinates": [32.453223, 47.314146]}}, {"type": "Feature", "properties": {"sheet_name": "Артилерія та РСЗВ", "date": "2022-7-8", "timestamp": 1657238400000}, "geometry": {"type": "Point", "coordinates": [33.021857, 47.246213]}}, {"type": "Feature", "properties": {"sheet_name": "Артилерія та РСЗВ", "date": "2022-7-8", "timestamp": 1657238400000}, "geometry": {"type": "Point", "coordinates": [32.846669, 47.307953]}}, {"type": "Feature", "properties": {"sheet_name": "Артилерія та РСЗВ", "date": "2022-7-8", "timestamp": 1657238400000}, "geometry": {"type": "Point", "coordinates": [32.970812, 47.236213]}}, {"type": "Feature", "properties": {"sheet_name": "Артилерія та РСЗВ", "date": "2022-7-8", "timestamp": 1657238400000}, "geometry": {"type": "Point", "coordinates": [32.359167, 46.966356]}}, {"type": "Feature", "properties": {"sheet_name": "Артилерія та РСЗВ", "date": "2022-7-8", "timestamp": 1657238400000}, "geometry": {"type": "Point", "coordinates": [31.826792, 46.497864]}}, {"type": "Feature", "properties": {"sheet_name": "Артилерія та РСЗВ", "date": "2022-7-9", "timestamp": 1657324800000}, "geometry": {"type": "Point", "coordinates": [32.621648, 47.123866]}}, {"type": "Feature", "properties": {"sheet_name": "Артилерія та РСЗВ", "date": "2022-7-9", "timestamp": 1657324800000}, "geometry": {"type": "Point", "coordinates": [32.846669, 47.307953]}}, {"type": "Feature", "properties": {"sheet_name": "Артилерія та РСЗВ", "date": "2022-7-9", "timestamp": 1657324800000}, "geometry": {"type": "Point", "coordinates": [33.021857, 47.246213]}}, {"type": "Feature", "properties": {"sheet_name": "Артилерія та РСЗВ", "date": "2022-7-9", "timestamp": 1657324800000}, "geometry": {"type": "Point", "coordinates": [32.874432, 47.187785]}}, {"type": "Feature", "properties": {"sheet_name": "Артилерія та РСЗВ", "date": "2022-7-9", "timestamp": 1657324800000}, "geometry": {"type": "Point", "coordinates": [32.427847, 47.023995]}}, {"type": "Feature", "properties": {"sheet_name": "Артилерія та РСЗВ", "date": "2022-7-10", "timestamp": 1657411200000}, "geometry": {"type": "Point", "coordinates": [32.621648, 47.123866]}}, {"type": "Feature", "properties": {"sheet_name": "Артилерія та РСЗВ", "date": "2022-7-10", "timestamp": 1657411200000}, "geometry": {"type": "Point", "coordinates": [32.846669, 47.307953]}}, {"type": "Feature", "properties": {"sheet_name": "Артилерія та РСЗВ", "date": "2022-7-10", "timestamp": 1657411200000}, "geometry": {"type": "Point", "coordinates": [32.359167, 46.966356]}}, {"type": "Feature", "properties": {"sheet_name": "Артилерія та РСЗВ", "date": "2022-7-10", "timestamp": 1657411200000}, "geometry": {"type": "Point", "coordinates": [32.196443, 46.86215]}}, {"type": "Feature", "properties": {"sheet_name": "Артилерія та РСЗВ", "date": "2022-7-10", "timestamp": 1657411200000}, "geometry": {"type": "Point", "coordinates": [31.97235, 46.72796]}}, {"type": "Feature", "properties": {"sheet_name": "Артилерія та РСЗВ", "date": "2022-7-11", "timestamp": 1657497600000}, "geometry": {"type": "Point", "coordinates": [32.621648, 47.123866]}}, {"type": "Feature", "properties": {"sheet_name": "Артилерія та РСЗВ", "date": "2022-7-12", "timestamp": 1657584000000}, "geometry": {"type": "Point", "coordinates": [32.621648, 47.123866]}}, {"type": "Feature", "properties": {"sheet_name": "Артилерія та РСЗВ", "date": "2022-7-11", "timestamp": 1657497600000}, "geometry": {"type": "Point", "coordinates": [32.829574, 47.198526]}}, {"type": "Feature", "properties": {"sheet_name": "Артилерія та РСЗВ", "date": "2022-7-11", "timestamp": 1657497600000}, "geometry": {"type": "Point", "coordinates": [32.438662, 47.04128]}}, {"type": "Feature", "properties": {"sheet_name": "Артилерія та РСЗВ", "date": "2022-7-13", "timestamp": 1657670400000}, "geometry": {"type": "Point", "coordinates": [32.446554, 47.168671]}}, {"type": "Feature", "properties": {"sheet_name": "Артилерія та РСЗВ", "date": "2022-7-13", "timestamp": 1657670400000}, "geometry": {"type": "Point", "coordinates": [32.674144, 47.098634]}}, {"type": "Feature", "properties": {"sheet_name": "Артилерія та РСЗВ", "date": "2022-7-12", "timestamp": 1657584000000}, "geometry": {"type": "Point", "coordinates": [32.829574, 47.198526]}}, {"type": "Feature", "properties": {"sheet_name": "Артилерія та РСЗВ", "date": "2022-7-12", "timestamp": 1657584000000}, "geometry": {"type": "Point", "coordinates": [32.846669, 47.307953]}}, {"type": "Feature", "properties": {"sheet_name": "Артилерія та РСЗВ", "date": "2022-7-12", "timestamp": 1657584000000}, "geometry": {"type": "Point", "coordinates": [33.071037, 47.286823]}}, {"type": "Feature", "properties": {"sheet_name": "Артилерія та РСЗВ", "date": "2022-7-12", "timestamp": 1657584000000}, "geometry": {"type": "Point", "coordinates": [32.821056, 47.261436]}}, {"type": "Feature", "properties": {"sheet_name": "Артилерія та РСЗВ", "date": "2022-7-12", "timestamp": 1657584000000}, "geometry": {"type": "Point", "coordinates": [32.837025, 47.27598]}}, {"type": "Feature", "properties": {"sheet_name": "Артилерія та РСЗВ", "date": "2022-7-13", "timestamp": 1657670400000}, "geometry": {"type": "Point", "coordinates": [32.846669, 47.307953]}}, {"type": "Feature", "properties": {"sheet_name": "Артилерія та РСЗВ", "date": "2022-7-12", "timestamp": 1657584000000}, "geometry": {"type": "Point", "coordinates": [31.97235, 46.72796]}}, {"type": "Feature", "properties": {"sheet_name": "Артилерія та РСЗВ", "date": "2022-7-12", "timestamp": 1657584000000}, "geometry": {"type": "Point", "coordinates": [32.288157, 46.896352]}}, {"type": "Feature", "properties": {"sheet_name": "Артилерія та РСЗВ", "date": "2022-7-12", "timestamp": 1657584000000}, "geometry": {"type": "Point", "coordinates": [32.196443, 46.86215]}}, {"type": "Feature", "properties": {"sheet_name": "Артилерія та РСЗВ", "date": "2022-7-13", "timestamp": 1657670400000}, "geometry": {"type": "Point", "coordinates": [32.395752, 46.999938]}}, {"type": "Feature", "properties": {"sheet_name": "Артилерія та РСЗВ", "date": "2022-7-14", "timestamp": 1657756800000}, "geometry": {"type": "Point", "coordinates": [32.438221, 47.40372]}}, {"type": "Feature", "properties": {"sheet_name": "Артилерія та РСЗВ", "date": "2022-7-14", "timestamp": 1657756800000}, "geometry": {"type": "Point", "coordinates": [32.621648, 47.123866]}}, {"type": "Feature", "properties": {"sheet_name": "Артилерія та РСЗВ", "date": "2022-7-14", "timestamp": 1657756800000}, "geometry": {"type": "Point", "coordinates": [32.829574, 47.198526]}}, {"type": "Feature", "properties": {"sheet_name": "Артилерія та РСЗВ", "date": "2022-7-14", "timestamp": 1657756800000}, "geometry": {"type": "Point", "coordinates": [32.025611, 46.870032]}}, {"type": "Feature", "properties": {"sheet_name": "Артилерія та РСЗВ", "date": "2022-7-14", "timestamp": 1657756800000}, "geometry": {"type": "Point", "coordinates": [31.97235, 46.72796]}}, {"type": "Feature", "properties": {"sheet_name": "Артилерія та РСЗВ", "date": "2022-7-14", "timestamp": 1657756800000}, "geometry": {"type": "Point", "coordinates": [32.196443, 46.86215]}}, {"type": "Feature", "properties": {"sheet_name": "Артилерія та РСЗВ", "date": "2022-7-14", "timestamp": 1657756800000}, "geometry": {"type": "Point", "coordinates": [32.227655, 46.885644]}}, {"type": "Feature", "properties": {"sheet_name": "Артилерія та РСЗВ", "date": "2022-7-14", "timestamp": 1657756800000}, "geometry": {"type": "Point", "coordinates": [31.544722, 46.619291]}}, {"type": "Feature", "properties": {"sheet_name": "Артилерія та РСЗВ", "date": "2022-7-14", "timestamp": 1657756800000}, "geometry": {"type": "Point", "coordinates": [32.621648, 47.123866]}}, {"type": "Feature", "properties": {"sheet_name": "Артилерія та РСЗВ", "date": "2022-7-14", "timestamp": 1657756800000}, "geometry": {"type": "Point", "coordinates": [32.846669, 47.307953]}}, {"type": "Feature", "properties": {"sheet_name": "Артилерія та РСЗВ", "date": "2022-7-14", "timestamp": 1657756800000}, "geometry": {"type": "Point", "coordinates": [33.048818, 47.331542]}}, {"type": "Feature", "properties": {"sheet_name": "Артилерія та РСЗВ", "date": "2022-7-14", "timestamp": 1657756800000}, "geometry": {"type": "Point", "coordinates": [32.297098, 47.490558]}}, {"type": "Feature", "properties": {"sheet_name": "Артилерія та РСЗВ", "date": "2022-7-14", "timestamp": 1657756800000}, "geometry": {"type": "Point", "coordinates": [32.588849, 47.368058]}}, {"type": "Feature", "properties": {"sheet_name": "Артилерія та РСЗВ", "date": "2022-7-15", "timestamp": 1657843200000}, "geometry": {"type": "Point", "coordinates": [32.438662, 47.04128]}}, {"type": "Feature", "properties": {"sheet_name": "Артилерія та РСЗВ", "date": "2022-7-15", "timestamp": 1657843200000}, "geometry": {"type": "Point", "coordinates": [31.97235, 46.72796]}}, {"type": "Feature", "properties": {"sheet_name": "Артилерія та РСЗВ", "date": "2022-7-15", "timestamp": 1657843200000}, "geometry": {"type": "Point", "coordinates": [32.621648, 47.123866]}}, {"type": "Feature", "properties": {"sheet_name": "Артилерія та РСЗВ", "date": "2022-7-15", "timestamp": 1657843200000}, "geometry": {"type": "Point", "coordinates": [32.973923, 47.55982]}}, {"type": "Feature", "properties": {"sheet_name": "Артилерія та РСЗВ", "date": "2022-7-15", "timestamp": 1657843200000}, "geometry": {"type": "Point", "coordinates": [32.829574, 47.198526]}}, {"type": "Feature", "properties": {"sheet_name": "Артилерія та РСЗВ", "date": "2022-7-15", "timestamp": 1657843200000}, "geometry": {"type": "Point", "coordinates": [32.225665, 47.19975]}}, {"type": "Feature", "properties": {"sheet_name": "Артилерія та РСЗВ", "date": "2022-7-16", "timestamp": 1657929600000}, "geometry": {"type": "Point", "coordinates": [32.196443, 46.86215]}}, {"type": "Feature", "properties": {"sheet_name": "Артилерія та РСЗВ", "date": "2022-7-16", "timestamp": 1657929600000}, "geometry": {"type": "Point", "coordinates": [32.288157, 46.896352]}}, {"type": "Feature", "properties": {"sheet_name": "Артилерія та РСЗВ", "date": "2022-7-16", "timestamp": 1657929600000}, "geometry": {"type": "Point", "coordinates": [32.2575, 46.908381]}}, {"type": "Feature", "properties": {"sheet_name": "Артилерія та РСЗВ", "date": "2022-7-16", "timestamp": 1657929600000}, "geometry": {"type": "Point", "coordinates": [31.97235, 46.72796]}}, {"type": "Feature", "properties": {"sheet_name": "Артилерія та РСЗВ", "date": "2022-7-16", "timestamp": 1657929600000}, "geometry": {"type": "Point", "coordinates": [32.621648, 47.123866]}}, {"type": "Feature", "properties": {"sheet_name": "Артилерія та РСЗВ", "date": "2022-7-16", "timestamp": 1657929600000}, "geometry": {"type": "Point", "coordinates": [32.225665, 47.19975]}}, {"type": "Feature", "properties": {"sheet_name": "Артилерія та РСЗВ", "date": "2022-7-16", "timestamp": 1657929600000}, "geometry": {"type": "Point", "coordinates": [32.922111, 47.52284]}}, {"type": "Feature", "properties": {"sheet_name": "Артилерія та РСЗВ", "date": "2022-7-16", "timestamp": 1657929600000}, "geometry": {"type": "Point", "coordinates": [32.829574, 47.198526]}}, {"type": "Feature", "properties": {"sheet_name": "Артилерія та РСЗВ", "date": "2022-7-17", "timestamp": 1658016000000}, "geometry": {"type": "Point", "coordinates": [31.97235, 46.72796]}}, {"type": "Feature", "properties": {"sheet_name": "Артилерія та РСЗВ", "date": "2022-7-17", "timestamp": 1658016000000}, "geometry": {"type": "Point", "coordinates": [32.141298, 46.824849]}}, {"type": "Feature", "properties": {"sheet_name": "Артилерія та РСЗВ", "date": "2022-7-17", "timestamp": 1658016000000}, "geometry": {"type": "Point", "coordinates": [32.829574, 47.198526]}}, {"type": "Feature", "properties": {"sheet_name": "Артилерія та РСЗВ", "date": "2022-7-18", "timestamp": 1658102400000}, "geometry": {"type": "Point", "coordinates": [31.97235, 46.72796]}}, {"type": "Feature", "properties": {"sheet_name": "Артилерія та РСЗВ", "date": "2022-7-18", "timestamp": 1658102400000}, "geometry": {"type": "Point", "coordinates": [32.621648, 47.123866]}}, {"type": "Feature", "properties": {"sheet_name": "Артилерія та РСЗВ", "date": "2022-7-18", "timestamp": 1658102400000}, "geometry": {"type": "Point", "coordinates": [32.829574, 47.198526]}}, {"type": "Feature", "properties": {"sheet_name": "Артилерія та РСЗВ", "date": "2022-7-19", "timestamp": 1658188800000}, "geometry": {"type": "Point", "coordinates": [32.288157, 46.896352]}}, {"type": "Feature", "properties": {"sheet_name": "Артилерія та РСЗВ", "date": "2022-7-19", "timestamp": 1658188800000}, "geometry": {"type": "Point", "coordinates": [32.227655, 46.885644]}}, {"type": "Feature", "properties": {"sheet_name": "Артилерія та РСЗВ", "date": "2022-7-19", "timestamp": 1658188800000}, "geometry": {"type": "Point", "coordinates": [32.309469, 46.813882]}}, {"type": "Feature", "properties": {"sheet_name": "Артилерія та РСЗВ", "date": "2022-7-19", "timestamp": 1658188800000}, "geometry": {"type": "Point", "coordinates": [31.954482, 46.80328]}}, {"type": "Feature", "properties": {"sheet_name": "Артилерія та РСЗВ", "date": "2022-7-19", "timestamp": 1658188800000}, "geometry": {"type": "Point", "coordinates": [31.97235, 46.72796]}}, {"type": "Feature", "properties": {"sheet_name": "Артилерія та РСЗВ", "date": "2022-7-19", "timestamp": 1658188800000}, "geometry": {"type": "Point", "coordinates": [32.621648, 47.123866]}}, {"type": "Feature", "properties": {"sheet_name": "Артилерія та РСЗВ", "date": "2022-7-20", "timestamp": 1658275200000}, "geometry": {"type": "Point", "coordinates": [32.51341, 47.3838]}}, {"type": "Feature", "properties": {"sheet_name": "Артилерія та РСЗВ", "date": "2022-7-20", "timestamp": 1658275200000}, "geometry": {"type": "Point", "coordinates": [32.94025, 47.364476]}}, {"type": "Feature", "properties": {"sheet_name": "Артилерія та РСЗВ", "date": "2022-7-20", "timestamp": 1658275200000}, "geometry": {"type": "Point", "coordinates": [32.821056, 47.261436]}}, {"type": "Feature", "properties": {"sheet_name": "Артилерія та РСЗВ", "date": "2022-7-20", "timestamp": 1658275200000}, "geometry": {"type": "Point", "coordinates": [31.97235, 46.72796]}}, {"type": "Feature", "properties": {"sheet_name": "Артилерія та РСЗВ", "date": "2022-7-20", "timestamp": 1658275200000}, "geometry": {"type": "Point", "coordinates": [32.237155, 46.912469]}}, {"type": "Feature", "properties": {"sheet_name": "Артилерія та РСЗВ", "date": "2022-7-20", "timestamp": 1658275200000}, "geometry": {"type": "Point", "coordinates": [31.954482, 46.80328]}}, {"type": "Feature", "properties": {"sheet_name": "Артилерія та РСЗВ", "date": "2022-7-20", "timestamp": 1658275200000}, "geometry": {"type": "Point", "coordinates": [32.663701, 47.14444]}}, {"type": "Feature", "properties": {"sheet_name": "Артилерія та РСЗВ", "date": "2022-7-21", "timestamp": 1658361600000}, "geometry": {"type": "Point", "coordinates": [32.674144, 47.098634]}}, {"type": "Feature", "properties": {"sheet_name": "Артилерія та РСЗВ", "date": "2022-7-21", "timestamp": 1658361600000}, "geometry": {"type": "Point", "coordinates": [32.51341, 47.3838]}}, {"type": "Feature", "properties": {"sheet_name": "Артилерія та РСЗВ", "date": "2022-7-20", "timestamp": 1658275200000}, "geometry": {"type": "Point", "coordinates": [32.829574, 47.198526]}}, {"type": "Feature", "properties": {"sheet_name": "Артилерія та РСЗВ", "date": "2022-7-21", "timestamp": 1658361600000}, "geometry": {"type": "Point", "coordinates": [32.141298, 46.824849]}}, {"type": "Feature", "properties": {"sheet_name": "Артилерія та РСЗВ", "date": "2022-7-21", "timestamp": 1658361600000}, "geometry": {"type": "Point", "coordinates": [31.97235, 46.72796]}}, {"type": "Feature", "properties": {"sheet_name": "Артилерія та РСЗВ", "date": "2022-7-21", "timestamp": 1658361600000}, "geometry": {"type": "Point", "coordinates": [32.179163, 47.049012]}}, {"type": "Feature", "properties": {"sheet_name": "Артилерія та РСЗВ", "date": "2022-7-22", "timestamp": 1658448000000}, "geometry": {"type": "Point", "coordinates": [32.438662, 47.04128]}}, {"type": "Feature", "properties": {"sheet_name": "Артилерія та РСЗВ", "date": "2022-7-22", "timestamp": 1658448000000}, "geometry": {"type": "Point", "coordinates": [32.359167, 46.966356]}}, {"type": "Feature", "properties": {"sheet_name": "Артилерія та РСЗВ", "date": "2022-7-22", "timestamp": 1658448000000}, "geometry": {"type": "Point", "coordinates": [32.468069, 47.002349]}}, {"type": "Feature", "properties": {"sheet_name": "Артилерія та РСЗВ", "date": "2022-7-22", "timestamp": 1658448000000}, "geometry": {"type": "Point", "coordinates": [32.482437, 46.961971]}}, {"type": "Feature", "properties": {"sheet_name": "Артилерія та РСЗВ", "date": "2022-7-22", "timestamp": 1658448000000}, "geometry": {"type": "Point", "coordinates": [32.674144, 47.098634]}}, {"type": "Feature", "properties": {"sheet_name": "Артилерія та РСЗВ", "date": "2022-7-21", "timestamp": 1658361600000}, "geometry": {"type": "Point", "coordinates": [32.555622, 47.418487]}}, {"type": "Feature", "properties": {"sheet_name": "Артилерія та РСЗВ", "date": "2022-7-21", "timestamp": 1658361600000}, "geometry": {"type": "Point", "coordinates": [32.829574, 47.198526]}}, {"type": "Feature", "properties": {"sheet_name": "Артилерія та РСЗВ", "date": "2022-7-22", "timestamp": 1658448000000}, "geometry": {"type": "Point", "coordinates": [31.954482, 46.80328]}}, {"type": "Feature", "properties": {"sheet_name": "Артилерія та РСЗВ", "date": "2022-7-22", "timestamp": 1658448000000}, "geometry": {"type": "Point", "coordinates": [31.952911, 46.780528]}}, {"type": "Feature", "properties": {"sheet_name": "Артилерія та РСЗВ", "date": "2022-7-22", "timestamp": 1658448000000}, "geometry": {"type": "Point", "coordinates": [32.829574, 47.198526]}}, {"type": "Feature", "properties": {"sheet_name": "Артилерія та РСЗВ", "date": "2022-7-22", "timestamp": 1658448000000}, "geometry": {"type": "Point", "coordinates": [32.621648, 47.123866]}}, {"type": "Feature", "properties": {"sheet_name": "Артилерія та РСЗВ", "date": "2022-7-23", "timestamp": 1658534400000}, "geometry": {"type": "Point", "coordinates": [31.97235, 46.72796]}}, {"type": "Feature", "properties": {"sheet_name": "Артилерія та РСЗВ", "date": "2022-7-23", "timestamp": 1658534400000}, "geometry": {"type": "Point", "coordinates": [32.196443, 46.86215]}}, {"type": "Feature", "properties": {"sheet_name": "Артилерія та РСЗВ", "date": "2022-7-23", "timestamp": 1658534400000}, "geometry": {"type": "Point", "coordinates": [32.674144, 47.098634]}}, {"type": "Feature", "properties": {"sheet_name": "Артилерія та РСЗВ", "date": "2022-7-23", "timestamp": 1658534400000}, "geometry": {"type": "Point", "coordinates": [32.829574, 47.198526]}}, {"type": "Feature", "properties": {"sheet_name": "Артилерія та РСЗВ", "date": "2022-7-25", "timestamp": 1658707200000}, "geometry": {"type": "Point", "coordinates": [32.011812, 46.959077]}}, {"type": "Feature", "properties": {"sheet_name": "Артилерія та РСЗВ", "date": "2022-7-24", "timestamp": 1658620800000}, "geometry": {"type": "Point", "coordinates": [32.427847, 47.023995]}}, {"type": "Feature", "properties": {"sheet_name": "Артилерія та РСЗВ", "date": "2022-7-25", "timestamp": 1658707200000}, "geometry": {"type": "Point", "coordinates": [32.112717, 46.995222]}}, {"type": "Feature", "properties": {"sheet_name": "Артилерія та РСЗВ", "date": "2022-7-24", "timestamp": 1658620800000}, "geometry": {"type": "Point", "coordinates": [32.829574, 47.198526]}}, {"type": "Feature", "properties": {"sheet_name": "Артилерія та РСЗВ", "date": "2022-7-24", "timestamp": 1658620800000}, "geometry": {"type": "Point", "coordinates": [32.621648, 47.123866]}}, {"type": "Feature", "properties": {"sheet_name": "Артилерія та РСЗВ", "date": "2022-7-25", "timestamp": 1658707200000}, "geometry": {"type": "Point", "coordinates": [32.359167, 46.966356]}}, {"type": "Feature", "properties": {"sheet_name": "Артилерія та РСЗВ", "date": "2022-7-25", "timestamp": 1658707200000}, "geometry": {"type": "Point", "coordinates": [31.788057, 47.161138]}}, {"type": "Feature", "properties": {"sheet_name": "Артилерія та РСЗВ", "date": "2022-7-25", "timestamp": 1658707200000}, "geometry": {"type": "Point", "coordinates": [32.674144, 47.098634]}}, {"type": "Feature", "properties": {"sheet_name": "Артилерія та РСЗВ", "date": "2022-7-26", "timestamp": 1658793600000}, "geometry": {"type": "Point", "coordinates": [32.663701, 47.14444]}}, {"type": "Feature", "properties": {"sheet_name": "Артилерія та РСЗВ", "date": "2022-7-25", "timestamp": 1658707200000}, "geometry": {"type": "Point", "coordinates": [32.829574, 47.198526]}}, {"type": "Feature", "properties": {"sheet_name": "Артилерія та РСЗВ", "date": "2022-7-25", "timestamp": 1658707200000}, "geometry": {"type": "Point", "coordinates": [32.73034, 47.483595]}}, {"type": "Feature", "properties": {"sheet_name": "Артилерія та РСЗВ", "date": "2022-7-27", "timestamp": 1658880000000}, "geometry": {"type": "Point", "coordinates": [32.011812, 46.959077]}}, {"type": "Feature", "properties": {"sheet_name": "Артилерія та РСЗВ", "date": "2022-7-26", "timestamp": 1658793600000}, "geometry": {"type": "Point", "coordinates": [32.196443, 46.86215]}}, {"type": "Feature", "properties": {"sheet_name": "Артилерія та РСЗВ", "date": "2022-7-26", "timestamp": 1658793600000}, "geometry": {"type": "Point", "coordinates": [32.227655, 46.885644]}}, {"type": "Feature", "properties": {"sheet_name": "Артилерія та РСЗВ", "date": "2022-7-26", "timestamp": 1658793600000}, "geometry": {"type": "Point", "coordinates": [31.908865, 46.844166]}}, {"type": "Feature", "properties": {"sheet_name": "Артилерія та РСЗВ", "date": "2022-7-26", "timestamp": 1658793600000}, "geometry": {"type": "Point", "coordinates": [31.97235, 46.72796]}}, {"type": "Feature", "properties": {"sheet_name": "Артилерія та РСЗВ", "date": "2022-7-26", "timestamp": 1658793600000}, "geometry": {"type": "Point", "coordinates": [31.892919, 46.97526]}}, {"type": "Feature", "properties": {"sheet_name": "Артилерія та РСЗВ", "date": "2022-7-27", "timestamp": 1658880000000}, "geometry": {"type": "Point", "coordinates": [32.674144, 47.098634]}}, {"type": "Feature", "properties": {"sheet_name": "Артилерія та РСЗВ", "date": "2022-7-26", "timestamp": 1658793600000}, "geometry": {"type": "Point", "coordinates": [32.674144, 47.098634]}}, {"type": "Feature", "properties": {"sheet_name": "Артилерія та РСЗВ", "date": "2022-7-26", "timestamp": 1658793600000}, "geometry": {"type": "Point", "coordinates": [32.846669, 47.307953]}}, {"type": "Feature", "properties": {"sheet_name": "Артилерія та РСЗВ", "date": "2022-7-26", "timestamp": 1658793600000}, "geometry": {"type": "Point", "coordinates": [33.048818, 47.331542]}}, {"type": "Feature", "properties": {"sheet_name": "Артилерія та РСЗВ", "date": "2022-7-26", "timestamp": 1658793600000}, "geometry": {"type": "Point", "coordinates": [33.071037, 47.286823]}}, {"type": "Feature", "properties": {"sheet_name": "Артилерія та РСЗВ", "date": "2022-7-27", "timestamp": 1658880000000}, "geometry": {"type": "Point", "coordinates": [31.97235, 46.72796]}}, {"type": "Feature", "properties": {"sheet_name": "Артилерія та РСЗВ", "date": "2022-7-27", "timestamp": 1658880000000}, "geometry": {"type": "Point", "coordinates": [32.196443, 46.86215]}}, {"type": "Feature", "properties": {"sheet_name": "Артилерія та РСЗВ", "date": "2022-7-27", "timestamp": 1658880000000}, "geometry": {"type": "Point", "coordinates": [32.674144, 47.098634]}}, {"type": "Feature", "properties": {"sheet_name": "Артилерія та РСЗВ", "date": "2022-7-28", "timestamp": 1658966400000}, "geometry": {"type": "Point", "coordinates": [32.674144, 47.098634]}}, {"type": "Feature", "properties": {"sheet_name": "Артилерія та РСЗВ", "date": "2022-7-27", "timestamp": 1658880000000}, "geometry": {"type": "Point", "coordinates": [32.829574, 47.198526]}}, {"type": "Feature", "properties": {"sheet_name": "Артилерія та РСЗВ", "date": "2022-7-28", "timestamp": 1658966400000}, "geometry": {"type": "Point", "coordinates": [32.011812, 46.959077]}}, {"type": "Feature", "properties": {"sheet_name": "Артилерія та РСЗВ", "date": "2022-7-28", "timestamp": 1658966400000}, "geometry": {"type": "Point", "coordinates": [32.339906, 46.980092]}}, {"type": "Feature", "properties": {"sheet_name": "Артилерія та РСЗВ", "date": "2022-7-28", "timestamp": 1658966400000}, "geometry": {"type": "Point", "coordinates": [31.738128, 46.632603]}}, {"type": "Feature", "properties": {"sheet_name": "Артилерія та РСЗВ", "date": "2022-7-28", "timestamp": 1658966400000}, "geometry": {"type": "Point", "coordinates": [31.826792, 46.497864]}}, {"type": "Feature", "properties": {"sheet_name": "Артилерія та РСЗВ", "date": "2022-7-28", "timestamp": 1658966400000}, "geometry": {"type": "Point", "coordinates": [31.772931, 46.662214]}}, {"type": "Feature", "properties": {"sheet_name": "Артилерія та РСЗВ", "date": "2022-7-28", "timestamp": 1658966400000}, "geometry": {"type": "Point", "coordinates": [32.829574, 47.198526]}}, {"type": "Feature", "properties": {"sheet_name": "Артилерія та РСЗВ", "date": "2022-7-30", "timestamp": 1659139200000}, "geometry": {"type": "Point", "coordinates": [32.011812, 46.959077]}}, {"type": "Feature", "properties": {"sheet_name": "Артилерія та РСЗВ", "date": "2022-7-29", "timestamp": 1659052800000}, "geometry": {"type": "Point", "coordinates": [32.674144, 47.098634]}}, {"type": "Feature", "properties": {"sheet_name": "Артилерія та РСЗВ", "date": "2022-7-30", "timestamp": 1659139200000}, "geometry": {"type": "Point", "coordinates": [33.071037, 47.286823]}}, {"type": "Feature", "properties": {"sheet_name": "Артилерія та РСЗВ", "date": "2022-7-30", "timestamp": 1659139200000}, "geometry": {"type": "Point", "coordinates": [33.048818, 47.331542]}}, {"type": "Feature", "properties": {"sheet_name": "Артилерія та РСЗВ", "date": "2022-7-31", "timestamp": 1659225600000}, "geometry": {"type": "Point", "coordinates": [32.011812, 46.959077]}}, {"type": "Feature", "properties": {"sheet_name": "Артилерія та РСЗВ", "date": "2022-7-30", "timestamp": 1659139200000}, "geometry": {"type": "Point", "coordinates": [31.979453, 46.696826]}}, {"type": "Feature", "properties": {"sheet_name": "Артилерія та РСЗВ", "date": "2022-7-30", "timestamp": 1659139200000}, "geometry": {"type": "Point", "coordinates": [32.663701, 47.14444]}}, {"type": "Feature", "properties": {"sheet_name": "Артилерія та РСЗВ", "date": "2022-7-30", "timestamp": 1659139200000}, "geometry": {"type": "Point", "coordinates": [32.829574, 47.198526]}}, {"type": "Feature", "properties": {"sheet_name": "Артилерія та РСЗВ", "date": "2022-7-1", "timestamp": 1656633600000}, "geometry": {"type": "Point", "coordinates": [32.011812, 46.959077]}}, {"type": "Feature", "properties": {"sheet_name": "Артилерія та РСЗВ", "date": "2022-7-31", "timestamp": 1659225600000}, "geometry": {"type": "Point", "coordinates": [32.359167, 46.966356]}}, {"type": "Feature", "properties": {"sheet_name": "Артилерія та РСЗВ", "date": "2022-7-31", "timestamp": 1659225600000}, "geometry": {"type": "Point", "coordinates": [31.952911, 46.780528]}}, {"type": "Feature", "properties": {"sheet_name": "Артилерія та РСЗВ", "date": "2022-7-31", "timestamp": 1659225600000}, "geometry": {"type": "Point", "coordinates": [32.446554, 47.168671]}}, {"type": "Feature", "properties": {"sheet_name": "Артилерія та РСЗВ", "date": "2022-7-31", "timestamp": 1659225600000}, "geometry": {"type": "Point", "coordinates": [33.048818, 47.331542]}}, {"type": "Feature", "properties": {"sheet_name": "Артилерія та РСЗВ", "date": "2022-7-31", "timestamp": 1659225600000}, "geometry": {"type": "Point", "coordinates": [33.071037, 47.286823]}}, {"type": "Feature", "properties": {"sheet_name": "Артилерія та РСЗВ", "date": "2022-7-31", "timestamp": 1659225600000}, "geometry": {"type": "Point", "coordinates": [33.062555, 47.366277]}}, {"type": "Feature", "properties": {"sheet_name": "Артилерія та РСЗВ", "date": "2022-7-31", "timestamp": 1659225600000}, "geometry": {"type": "Point", "coordinates": [32.98571, 47.312209]}}, {"type": "Feature", "properties": {"sheet_name": "Артилерія та РСЗВ", "date": "2022-7-31", "timestamp": 1659225600000}, "geometry": {"type": "Point", "coordinates": [32.940963, 47.365991]}}, {"type": "Feature", "properties": {"sheet_name": "Артилерія та РСЗВ", "date": "2022-7-31", "timestamp": 1659225600000}, "geometry": {"type": "Point", "coordinates": [32.91042, 47.32143]}}, {"type": "Feature", "properties": {"sheet_name": "Ракети", "date": "2022-8-2", "timestamp": 1659398400000}, "geometry": {"type": "Point", "coordinates": [32.011812, 46.959077]}}, {"type": "Feature", "properties": {"sheet_name": "Ракети", "date": "2022-8-6", "timestamp": 1659744000000}, "geometry": {"type": "Point", "coordinates": [32.011812, 46.959077]}}, {"type": "Feature", "properties": {"sheet_name": "Ракети", "date": "2022-8-16", "timestamp": 1660608000000}, "geometry": {"type": "Point", "coordinates": [32.011812, 46.959077]}}, {"type": "Feature", "properties": {"sheet_name": "Ракети", "date": "2022-8-19", "timestamp": 1660867200000}, "geometry": {"type": "Point", "coordinates": [32.011812, 46.959077]}}, {"type": "Feature", "properties": {"sheet_name": "Ракети", "date": "2022-8-20", "timestamp": 1660953600000}, "geometry": {"type": "Point", "coordinates": [32.011812, 46.959077]}}, {"type": "Feature", "properties": {"sheet_name": "Ракети", "date": "2022-8-21", "timestamp": 1661040000000}, "geometry": {"type": "Point", "coordinates": [32.011812, 46.959077]}}, {"type": "Feature", "properties": {"sheet_name": "Ракети", "date": "2022-8-20", "timestamp": 1660953600000}, "geometry": {"type": "Point", "coordinates": [31.332095, 47.569273]}}, {"type": "Feature", "properties": {"sheet_name": "Ракети", "date": "2022-8-23", "timestamp": 1661212800000}, "geometry": {"type": "Point", "coordinates": [32.674144, 47.098634]}}, {"type": "Feature", "properties": {"sheet_name": "Ракети", "date": "2022-8-25", "timestamp": 1661385600000}, "geometry": {"type": "Point", "coordinates": [32.011812, 46.959077]}}, {"type": "Feature", "properties": {"sheet_name": "Ракети", "date": "2022-8-29", "timestamp": 1661731200000}, "geometry": {"type": "Point", "coordinates": [32.011812, 46.959077]}}, {"type": "Feature", "properties": {"sheet_name": "Ракети", "date": "2022-8-29", "timestamp": 1661731200000}, "geometry": {"type": "Point", "coordinates": [32.53217, 47.402978]}}, {"type": "Feature", "properties": {"sheet_name": "Ракети", "date": "2022-8-31", "timestamp": 1661904000000}, "geometry": {"type": "Point", "coordinates": [32.829574, 47.198526]}}, {"type": "Feature", "properties": {"sheet_name": "Касетні боєприпаси", "date": "2022-8-18", "timestamp": 1660780800000}, "geometry": {"type": "Point", "coordinates": [31.952911, 46.780528]}}, {"type": "Feature", "properties": {"sheet_name": "Касетні боєприпаси", "date": "2022-8-19", "timestamp": 1660867200000}, "geometry": {"type": "Point", "coordinates": [32.438662, 47.04128]}}, {"type": "Feature", "properties": {"sheet_name": "Артилерія та РСЗВ", "date": "2022-8-2", "timestamp": 1659398400000}, "geometry": {"type": "Point", "coordinates": [32.011812, 46.959077]}}, {"type": "Feature", "properties": {"sheet_name": "Артилерія та РСЗВ", "date": "2022-8-1", "timestamp": 1659312000000}, "geometry": {"type": "Point", "coordinates": [32.227655, 46.885644]}}, {"type": "Feature", "properties": {"sheet_name": "Артилерія та РСЗВ", "date": "2022-8-1", "timestamp": 1659312000000}, "geometry": {"type": "Point", "coordinates": [31.952911, 46.780528]}}, {"type": "Feature", "properties": {"sheet_name": "Артилерія та РСЗВ", "date": "2022-8-1", "timestamp": 1659312000000}, "geometry": {"type": "Point", "coordinates": [32.674144, 47.098634]}}, {"type": "Feature", "properties": {"sheet_name": "Артилерія та РСЗВ", "date": "2022-8-2", "timestamp": 1659398400000}, "geometry": {"type": "Point", "coordinates": [32.6054, 47.26453]}}, {"type": "Feature", "properties": {"sheet_name": "Артилерія та РСЗВ", "date": "2022-8-2", "timestamp": 1659398400000}, "geometry": {"type": "Point", "coordinates": [32.829574, 47.198526]}}, {"type": "Feature", "properties": {"sheet_name": "Артилерія та РСЗВ", "date": "2022-8-2", "timestamp": 1659398400000}, "geometry": {"type": "Point", "coordinates": [32.011812, 46.959077]}}, {"type": "Feature", "properties": {"sheet_name": "Артилерія та РСЗВ", "date": "2022-8-3", "timestamp": 1659484800000}, "geometry": {"type": "Point", "coordinates": [32.011812, 46.959077]}}, {"type": "Feature", "properties": {"sheet_name": "Артилерія та РСЗВ", "date": "2022-8-2", "timestamp": 1659398400000}, "geometry": {"type": "Point", "coordinates": [32.359167, 46.966356]}}, {"type": "Feature", "properties": {"sheet_name": "Артилерія та РСЗВ", "date": "2022-8-2", "timestamp": 1659398400000}, "geometry": {"type": "Point", "coordinates": [31.987211, 46.902901]}}, {"type": "Feature", "properties": {"sheet_name": "Артилерія та РСЗВ", "date": "2022-8-3", "timestamp": 1659484800000}, "geometry": {"type": "Point", "coordinates": [31.952911, 46.780528]}}, {"type": "Feature", "properties": {"sheet_name": "Артилерія та РСЗВ", "date": "2022-8-3", "timestamp": 1659484800000}, "geometry": {"type": "Point", "coordinates": [32.829574, 47.198526]}}, {"type": "Feature", "properties": {"sheet_name": "Артилерія та РСЗВ", "date": "2022-8-4", "timestamp": 1659571200000}, "geometry": {"type": "Point", "coordinates": [32.011812, 46.959077]}}, {"type": "Feature", "properties": {"sheet_name": "Артилерія та РСЗВ", "date": "2022-8-3", "timestamp": 1659484800000}, "geometry": {"type": "Point", "coordinates": [31.544722, 46.619291]}}, {"type": "Feature", "properties": {"sheet_name": "Артилерія та РСЗВ", "date": "2022-8-3", "timestamp": 1659484800000}, "geometry": {"type": "Point", "coordinates": [31.979453, 46.696826]}}, {"type": "Feature", "properties": {"sheet_name": "Артилерія та РСЗВ", "date": "2022-8-3", "timestamp": 1659484800000}, "geometry": {"type": "Point", "coordinates": [32.288157, 46.896352]}}, {"type": "Feature", "properties": {"sheet_name": "Артилерія та РСЗВ", "date": "2022-8-3", "timestamp": 1659484800000}, "geometry": {"type": "Point", "coordinates": [32.196443, 46.86215]}}, {"type": "Feature", "properties": {"sheet_name": "Артилерія та РСЗВ", "date": "2022-8-3", "timestamp": 1659484800000}, "geometry": {"type": "Point", "coordinates": [31.634256, 46.659323]}}, {"type": "Feature", "properties": {"sheet_name": "Артилерія та РСЗВ", "date": "2022-8-3", "timestamp": 1659484800000}, "geometry": {"type": "Point", "coordinates": [32.674144, 47.098634]}}, {"type": "Feature", "properties": {"sheet_name": "Артилерія та РСЗВ", "date": "2022-8-3", "timestamp": 1659484800000}, "geometry": {"type": "Point", "coordinates": [32.663701, 47.14444]}}, {"type": "Feature", "properties": {"sheet_name": "Артилерія та РСЗВ", "date": "2022-8-4", "timestamp": 1659571200000}, "geometry": {"type": "Point", "coordinates": [32.6054, 47.26453]}}, {"type": "Feature", "properties": {"sheet_name": "Артилерія та РСЗВ", "date": "2022-8-4", "timestamp": 1659571200000}, "geometry": {"type": "Point", "coordinates": [33.071037, 47.286823]}}, {"type": "Feature", "properties": {"sheet_name": "Артилерія та РСЗВ", "date": "2022-8-5", "timestamp": 1659657600000}, "geometry": {"type": "Point", "coordinates": [32.011812, 46.959077]}}, {"type": "Feature", "properties": {"sheet_name": "Артилерія та РСЗВ", "date": "2022-8-4", "timestamp": 1659571200000}, "geometry": {"type": "Point", "coordinates": [31.896191, 46.706472]}}, {"type": "Feature", "properties": {"sheet_name": "Артилерія та РСЗВ", "date": "2022-8-5", "timestamp": 1659657600000}, "geometry": {"type": "Point", "coordinates": [32.112348, 47.035355]}}, {"type": "Feature", "properties": {"sheet_name": "Артилерія та РСЗВ", "date": "2022-8-5", "timestamp": 1659657600000}, "geometry": {"type": "Point", "coordinates": [32.196443, 46.86215]}}, {"type": "Feature", "properties": {"sheet_name": "Артилерія та РСЗВ", "date": "2022-8-5", "timestamp": 1659657600000}, "geometry": {"type": "Point", "coordinates": [31.954482, 46.80328]}}, {"type": "Feature", "properties": {"sheet_name": "Артилерія та РСЗВ", "date": "2022-8-4", "timestamp": 1659571200000}, "geometry": {"type": "Point", "coordinates": [32.674144, 47.098634]}}, {"type": "Feature", "properties": {"sheet_name": "Артилерія та РСЗВ", "date": "2022-8-4", "timestamp": 1659571200000}, "geometry": {"type": "Point", "coordinates": [32.663701, 47.14444]}}, {"type": "Feature", "properties": {"sheet_name": "Артилерія та РСЗВ", "date": "2022-8-4", "timestamp": 1659571200000}, "geometry": {"type": "Point", "coordinates": [32.679529, 47.167679]}}, {"type": "Feature", "properties": {"sheet_name": "Артилерія та РСЗВ", "date": "2022-8-5", "timestamp": 1659657600000}, "geometry": {"type": "Point", "coordinates": [32.674144, 47.098634]}}, {"type": "Feature", "properties": {"sheet_name": "Артилерія та РСЗВ", "date": "2022-8-5", "timestamp": 1659657600000}, "geometry": {"type": "Point", "coordinates": [32.829574, 47.198526]}}, {"type": "Feature", "properties": {"sheet_name": "Артилерія та РСЗВ", "date": "2022-8-5", "timestamp": 1659657600000}, "geometry": {"type": "Point", "coordinates": [32.011812, 46.959077]}}, {"type": "Feature", "properties": {"sheet_name": "Артилерія та РСЗВ", "date": "2022-8-5", "timestamp": 1659657600000}, "geometry": {"type": "Point", "coordinates": [32.359167, 46.966356]}}, {"type": "Feature", "properties": {"sheet_name": "Артилерія та РСЗВ", "date": "2022-8-5", "timestamp": 1659657600000}, "geometry": {"type": "Point", "coordinates": [31.952911, 46.780528]}}, {"type": "Feature", "properties": {"sheet_name": "Артилерія та РСЗВ", "date": "2022-8-5", "timestamp": 1659657600000}, "geometry": {"type": "Point", "coordinates": [32.663701, 47.14444]}}, {"type": "Feature", "properties": {"sheet_name": "Артилерія та РСЗВ", "date": "2022-8-6", "timestamp": 1659744000000}, "geometry": {"type": "Point", "coordinates": [32.679529, 47.167679]}}, {"type": "Feature", "properties": {"sheet_name": "Артилерія та РСЗВ", "date": "2022-8-6", "timestamp": 1659744000000}, "geometry": {"type": "Point", "coordinates": [32.379444, 47.109722]}}, {"type": "Feature", "properties": {"sheet_name": "Артилерія та РСЗВ", "date": "2022-8-6", "timestamp": 1659744000000}, "geometry": {"type": "Point", "coordinates": [32.674144, 47.098634]}}, {"type": "Feature", "properties": {"sheet_name": "Артилерія та РСЗВ", "date": "2022-8-6", "timestamp": 1659744000000}, "geometry": {"type": "Point", "coordinates": [32.663701, 47.14444]}}, {"type": "Feature", "properties": {"sheet_name": "Артилерія та РСЗВ", "date": "2022-8-6", "timestamp": 1659744000000}, "geometry": {"type": "Point", "coordinates": [32.621648, 47.123866]}}, {"type": "Feature", "properties": {"sheet_name": "Артилерія та РСЗВ", "date": "2022-8-5", "timestamp": 1659657600000}, "geometry": {"type": "Point", "coordinates": [32.829574, 47.198526]}}, {"type": "Feature", "properties": {"sheet_name": "Артилерія та РСЗВ", "date": "2022-8-6", "timestamp": 1659744000000}, "geometry": {"type": "Point", "coordinates": [32.011812, 46.959077]}}, {"type": "Feature", "properties": {"sheet_name": "Артилерія та РСЗВ", "date": "2022-8-7", "timestamp": 1659830400000}, "geometry": {"type": "Point", "coordinates": [32.011812, 46.959077]}}, {"type": "Feature", "properties": {"sheet_name": "Артилерія та РСЗВ", "date": "2022-8-6", "timestamp": 1659744000000}, "geometry": {"type": "Point", "coordinates": [32.227655, 46.885644]}}, {"type": "Feature", "properties": {"sheet_name": "Артилерія та РСЗВ", "date": "2022-8-6", "timestamp": 1659744000000}, "geometry": {"type": "Point", "coordinates": [32.435539, 46.985922]}}, {"type": "Feature", "properties": {"sheet_name": "Артилерія та РСЗВ", "date": "2022-8-6", "timestamp": 1659744000000}, "geometry": {"type": "Point", "coordinates": [32.315543, 46.987659]}}, {"type": "Feature", "properties": {"sheet_name": "Артилерія та РСЗВ", "date": "2022-8-7", "timestamp": 1659830400000}, "geometry": {"type": "Point", "coordinates": [32.359167, 46.966356]}}, {"type": "Feature", "properties": {"sheet_name": "Артилерія та РСЗВ", "date": "2022-8-6", "timestamp": 1659744000000}, "geometry": {"type": "Point", "coordinates": [31.97235, 46.72796]}}, {"type": "Feature", "properties": {"sheet_name": "Артилерія та РСЗВ", "date": "2022-8-6", "timestamp": 1659744000000}, "geometry": {"type": "Point", "coordinates": [31.979453, 46.696826]}}, {"type": "Feature", "properties": {"sheet_name": "Артилерія та РСЗВ", "date": "2022-8-6", "timestamp": 1659744000000}, "geometry": {"type": "Point", "coordinates": [32.829574, 47.198526]}}, {"type": "Feature", "properties": {"sheet_name": "Артилерія та РСЗВ", "date": "2022-8-6", "timestamp": 1659744000000}, "geometry": {"type": "Point", "coordinates": [32.846669, 47.307953]}}, {"type": "Feature", "properties": {"sheet_name": "Артилерія та РСЗВ", "date": "2022-8-6", "timestamp": 1659744000000}, "geometry": {"type": "Point", "coordinates": [32.621648, 47.123866]}}, {"type": "Feature", "properties": {"sheet_name": "Артилерія та РСЗВ", "date": "2022-8-7", "timestamp": 1659830400000}, "geometry": {"type": "Point", "coordinates": [31.377889, 47.604667]}}, {"type": "Feature", "properties": {"sheet_name": "Артилерія та РСЗВ", "date": "2022-8-7", "timestamp": 1659830400000}, "geometry": {"type": "Point", "coordinates": [32.011812, 46.959077]}}, {"type": "Feature", "properties": {"sheet_name": "Артилерія та РСЗВ", "date": "2022-8-8", "timestamp": 1659916800000}, "geometry": {"type": "Point", "coordinates": [32.011812, 46.959077]}}, {"type": "Feature", "properties": {"sheet_name": "Артилерія та РСЗВ", "date": "2022-8-7", "timestamp": 1659830400000}, "geometry": {"type": "Point", "coordinates": [31.88553, 47.051891]}}, {"type": "Feature", "properties": {"sheet_name": "Артилерія та РСЗВ", "date": "2022-8-7", "timestamp": 1659830400000}, "geometry": {"type": "Point", "coordinates": [31.952911, 46.780528]}}, {"type": "Feature", "properties": {"sheet_name": "Артилерія та РСЗВ", "date": "2022-8-7", "timestamp": 1659830400000}, "geometry": {"type": "Point", "coordinates": [32.438662, 47.04128]}}, {"type": "Feature", "properties": {"sheet_name": "Артилерія та РСЗВ", "date": "2022-8-7", "timestamp": 1659830400000}, "geometry": {"type": "Point", "coordinates": [32.59419, 47.39841]}}, {"type": "Feature", "properties": {"sheet_name": "Артилерія та РСЗВ", "date": "2022-8-7", "timestamp": 1659830400000}, "geometry": {"type": "Point", "coordinates": [32.674144, 47.098634]}}, {"type": "Feature", "properties": {"sheet_name": "Артилерія та РСЗВ", "date": "2022-8-8", "timestamp": 1659916800000}, "geometry": {"type": "Point", "coordinates": [32.663701, 47.14444]}}, {"type": "Feature", "properties": {"sheet_name": "Артилерія та РСЗВ", "date": "2022-8-8", "timestamp": 1659916800000}, "geometry": {"type": "Point", "coordinates": [32.679529, 47.167679]}}, {"type": "Feature", "properties": {"sheet_name": "Артилерія та РСЗВ", "date": "2022-8-8", "timestamp": 1659916800000}, "geometry": {"type": "Point", "coordinates": [32.674144, 47.098634]}}, {"type": "Feature", "properties": {"sheet_name": "Артилерія та РСЗВ", "date": "2022-8-8", "timestamp": 1659916800000}, "geometry": {"type": "Point", "coordinates": [32.846669, 47.307953]}}, {"type": "Feature", "properties": {"sheet_name": "Артилерія та РСЗВ", "date": "2022-8-9", "timestamp": 1660003200000}, "geometry": {"type": "Point", "coordinates": [32.011812, 46.959077]}}, {"type": "Feature", "properties": {"sheet_name": "Артилерія та РСЗВ", "date": "2022-8-8", "timestamp": 1659916800000}, "geometry": {"type": "Point", "coordinates": [31.952911, 46.780528]}}, {"type": "Feature", "properties": {"sheet_name": "Артилерія та РСЗВ", "date": "2022-8-8", "timestamp": 1659916800000}, "geometry": {"type": "Point", "coordinates": [31.954482, 46.80328]}}, {"type": "Feature", "properties": {"sheet_name": "Артилерія та РСЗВ", "date": "2022-8-9", "timestamp": 1660003200000}, "geometry": {"type": "Point", "coordinates": [31.97235, 46.72796]}}, {"type": "Feature", "properties": {"sheet_name": "Артилерія та РСЗВ", "date": "2022-8-8", "timestamp": 1659916800000}, "geometry": {"type": "Point", "coordinates": [32.196443, 46.86215]}}, {"type": "Feature", "properties": {"sheet_name": "Артилерія та РСЗВ", "date": "2022-8-8", "timestamp": 1659916800000}, "geometry": {"type": "Point", "coordinates": [32.829574, 47.198526]}}, {"type": "Feature", "properties": {"sheet_name": "Артилерія та РСЗВ", "date": "2022-8-9", "timestamp": 1660003200000}, "geometry": {"type": "Point", "coordinates": [32.846669, 47.307953]}}, {"type": "Feature", "properties": {"sheet_name": "Артилерія та РСЗВ", "date": "2022-8-8", "timestamp": 1659916800000}, "geometry": {"type": "Point", "coordinates": [32.679529, 47.167679]}}, {"type": "Feature", "properties": {"sheet_name": "Артилерія та РСЗВ", "date": "2022-8-10", "timestamp": 1660089600000}, "geometry": {"type": "Point", "coordinates": [32.011812, 46.959077]}}, {"type": "Feature", "properties": {"sheet_name": "Артилерія та РСЗВ", "date": "2022-8-9", "timestamp": 1660003200000}, "geometry": {"type": "Point", "coordinates": [32.196443, 46.86215]}}, {"type": "Feature", "properties": {"sheet_name": "Артилерія та РСЗВ", "date": "2022-8-9", "timestamp": 1660003200000}, "geometry": {"type": "Point", "coordinates": [32.219268, 46.826064]}}, {"type": "Feature", "properties": {"sheet_name": "Артилерія та РСЗВ", "date": "2022-8-10", "timestamp": 1660089600000}, "geometry": {"type": "Point", "coordinates": [32.196443, 46.86215]}}, {"type": "Feature", "properties": {"sheet_name": "Артилерія та РСЗВ", "date": "2022-8-10", "timestamp": 1660089600000}, "geometry": {"type": "Point", "coordinates": [32.315543, 46.987659]}}, {"type": "Feature", "properties": {"sheet_name": "Артилерія та РСЗВ", "date": "2022-8-10", "timestamp": 1660089600000}, "geometry": {"type": "Point", "coordinates": [32.438662, 47.04128]}}, {"type": "Feature", "properties": {"sheet_name": "Артилерія та РСЗВ", "date": "2022-8-9", "timestamp": 1660003200000}, "geometry": {"type": "Point", "coordinates": [31.954482, 46.80328]}}, {"type": "Feature", "properties": {"sheet_name": "Артилерія та РСЗВ", "date": "2022-8-10", "timestamp": 1660089600000}, "geometry": {"type": "Point", "coordinates": [31.954482, 46.80328]}}, {"type": "Feature", "properties": {"sheet_name": "Артилерія та РСЗВ", "date": "2022-8-9", "timestamp": 1660003200000}, "geometry": {"type": "Point", "coordinates": [32.679529, 47.167679]}}, {"type": "Feature", "properties": {"sheet_name": "Артилерія та РСЗВ", "date": "2022-8-9", "timestamp": 1660003200000}, "geometry": {"type": "Point", "coordinates": [32.674144, 47.098634]}}, {"type": "Feature", "properties": {"sheet_name": "Артилерія та РСЗВ", "date": "2022-8-9", "timestamp": 1660003200000}, "geometry": {"type": "Point", "coordinates": [32.829574, 47.198526]}}, {"type": "Feature", "properties": {"sheet_name": "Артилерія та РСЗВ", "date": "2022-8-10", "timestamp": 1660089600000}, "geometry": {"type": "Point", "coordinates": [32.288157, 46.896352]}}, {"type": "Feature", "properties": {"sheet_name": "Артилерія та РСЗВ", "date": "2022-8-10", "timestamp": 1660089600000}, "geometry": {"type": "Point", "coordinates": [32.315543, 46.987659]}}, {"type": "Feature", "properties": {"sheet_name": "Артилерія та РСЗВ", "date": "2022-8-11", "timestamp": 1660176000000}, "geometry": {"type": "Point", "coordinates": [32.315543, 46.987659]}}, {"type": "Feature", "properties": {"sheet_name": "Артилерія та РСЗВ", "date": "2022-8-10", "timestamp": 1660089600000}, "geometry": {"type": "Point", "coordinates": [31.992933, 46.839396]}}, {"type": "Feature", "properties": {"sheet_name": "Артилерія та РСЗВ", "date": "2022-8-10", "timestamp": 1660089600000}, "geometry": {"type": "Point", "coordinates": [32.674144, 47.098634]}}, {"type": "Feature", "properties": {"sheet_name": "Артилерія та РСЗВ", "date": "2022-8-10", "timestamp": 1660089600000}, "geometry": {"type": "Point", "coordinates": [33.048818, 47.331542]}}, {"type": "Feature", "properties": {"sheet_name": "Артилерія та РСЗВ", "date": "2022-8-10", "timestamp": 1660089600000}, "geometry": {"type": "Point", "coordinates": [33.071037, 47.286823]}}, {"type": "Feature", "properties": {"sheet_name": "Артилерія та РСЗВ", "date": "2022-8-10", "timestamp": 1660089600000}, "geometry": {"type": "Point", "coordinates": [32.846669, 47.307953]}}, {"type": "Feature", "properties": {"sheet_name": "Артилерія та РСЗВ", "date": "2022-8-11", "timestamp": 1660176000000}, "geometry": {"type": "Point", "coordinates": [32.011812, 46.959077]}}, {"type": "Feature", "properties": {"sheet_name": "Артилерія та РСЗВ", "date": "2022-8-11", "timestamp": 1660176000000}, "geometry": {"type": "Point", "coordinates": [31.992933, 46.839396]}}, {"type": "Feature", "properties": {"sheet_name": "Артилерія та РСЗВ", "date": "2022-8-11", "timestamp": 1660176000000}, "geometry": {"type": "Point", "coordinates": [32.288157, 46.896352]}}, {"type": "Feature", "properties": {"sheet_name": "Артилерія та РСЗВ", "date": "2022-8-11", "timestamp": 1660176000000}, "geometry": {"type": "Point", "coordinates": [31.954482, 46.80328]}}, {"type": "Feature", "properties": {"sheet_name": "Артилерія та РСЗВ", "date": "2022-8-11", "timestamp": 1660176000000}, "geometry": {"type": "Point", "coordinates": [32.315543, 46.987659]}}, {"type": "Feature", "properties": {"sheet_name": "Артилерія та РСЗВ", "date": "2022-8-11", "timestamp": 1660176000000}, "geometry": {"type": "Point", "coordinates": [32.359167, 46.966356]}}, {"type": "Feature", "properties": {"sheet_name": "Артилерія та РСЗВ", "date": "2022-8-11", "timestamp": 1660176000000}, "geometry": {"type": "Point", "coordinates": [31.896191, 46.706472]}}, {"type": "Feature", "properties": {"sheet_name": "Артилерія та РСЗВ", "date": "2022-8-11", "timestamp": 1660176000000}, "geometry": {"type": "Point", "coordinates": [33.048818, 47.331542]}}, {"type": "Feature", "properties": {"sheet_name": "Артилерія та РСЗВ", "date": "2022-8-11", "timestamp": 1660176000000}, "geometry": {"type": "Point", "coordinates": [33.071037, 47.286823]}}, {"type": "Feature", "properties": {"sheet_name": "Артилерія та РСЗВ", "date": "2022-8-11", "timestamp": 1660176000000}, "geometry": {"type": "Point", "coordinates": [32.846669, 47.307953]}}, {"type": "Feature", "properties": {"sheet_name": "Артилерія та РСЗВ", "date": "2022-8-11", "timestamp": 1660176000000}, "geometry": {"type": "Point", "coordinates": [32.679529, 47.167679]}}, {"type": "Feature", "properties": {"sheet_name": "Артилерія та РСЗВ", "date": "2022-8-11", "timestamp": 1660176000000}, "geometry": {"type": "Point", "coordinates": [32.621648, 47.123866]}}, {"type": "Feature", "properties": {"sheet_name": "Артилерія та РСЗВ", "date": "2022-8-11", "timestamp": 1660176000000}, "geometry": {"type": "Point", "coordinates": [32.305433, 46.93527]}}, {"type": "Feature", "properties": {"sheet_name": "Артилерія та РСЗВ", "date": "2022-8-12", "timestamp": 1660262400000}, "geometry": {"type": "Point", "coordinates": [31.847701, 46.640231]}}, {"type": "Feature", "properties": {"sheet_name": "Артилерія та РСЗВ", "date": "2022-8-12", "timestamp": 1660262400000}, "geometry": {"type": "Point", "coordinates": [31.952911, 46.780528]}}, {"type": "Feature", "properties": {"sheet_name": "Артилерія та РСЗВ", "date": "2022-8-12", "timestamp": 1660262400000}, "geometry": {"type": "Point", "coordinates": [32.315543, 46.987659]}}, {"type": "Feature", "properties": {"sheet_name": "Артилерія та РСЗВ", "date": "2022-8-12", "timestamp": 1660262400000}, "geometry": {"type": "Point", "coordinates": [32.846669, 47.307953]}}, {"type": "Feature", "properties": {"sheet_name": "Артилерія та РСЗВ", "date": "2022-8-12", "timestamp": 1660262400000}, "geometry": {"type": "Point", "coordinates": [33.048818, 47.331542]}}, {"type": "Feature", "properties": {"sheet_name": "Артилерія та РСЗВ", "date": "2022-8-12", "timestamp": 1660262400000}, "geometry": {"type": "Point", "coordinates": [33.071037, 47.286823]}}, {"type": "Feature", "properties": {"sheet_name": "Артилерія та РСЗВ", "date": "2022-8-12", "timestamp": 1660262400000}, "geometry": {"type": "Point", "coordinates": [32.910984, 47.155185]}}, {"type": "Feature", "properties": {"sheet_name": "Артилерія та РСЗВ", "date": "2022-8-12", "timestamp": 1660262400000}, "geometry": {"type": "Point", "coordinates": [32.674144, 47.098634]}}, {"type": "Feature", "properties": {"sheet_name": "Артилерія та РСЗВ", "date": "2022-8-12", "timestamp": 1660262400000}, "geometry": {"type": "Point", "coordinates": [32.663701, 47.14444]}}, {"type": "Feature", "properties": {"sheet_name": "Артилерія та РСЗВ", "date": "2022-8-13", "timestamp": 1660348800000}, "geometry": {"type": "Point", "coordinates": [32.011812, 46.959077]}}, {"type": "Feature", "properties": {"sheet_name": "Артилерія та РСЗВ", "date": "2022-8-13", "timestamp": 1660348800000}, "geometry": {"type": "Point", "coordinates": [32.011812, 46.959077]}}, {"type": "Feature", "properties": {"sheet_name": "Артилерія та РСЗВ", "date": "2022-8-14", "timestamp": 1660435200000}, "geometry": {"type": "Point", "coordinates": [32.011812, 46.959077]}}, {"type": "Feature", "properties": {"sheet_name": "Артилерія та РСЗВ", "date": "2022-8-13", "timestamp": 1660348800000}, "geometry": {"type": "Point", "coordinates": [32.438662, 47.04128]}}, {"type": "Feature", "properties": {"sheet_name": "Артилерія та РСЗВ", "date": "2022-8-14", "timestamp": 1660435200000}, "geometry": {"type": "Point", "coordinates": [31.952911, 46.780528]}}, {"type": "Feature", "properties": {"sheet_name": "Артилерія та РСЗВ", "date": "2022-8-13", "timestamp": 1660348800000}, "geometry": {"type": "Point", "coordinates": [32.674144, 47.098634]}}, {"type": "Feature", "properties": {"sheet_name": "Артилерія та РСЗВ", "date": "2022-8-13", "timestamp": 1660348800000}, "geometry": {"type": "Point", "coordinates": [32.679529, 47.167679]}}, {"type": "Feature", "properties": {"sheet_name": "Артилерія та РСЗВ", "date": "2022-8-14", "timestamp": 1660435200000}, "geometry": {"type": "Point", "coordinates": [32.674144, 47.098634]}}, {"type": "Feature", "properties": {"sheet_name": "Артилерія та РСЗВ", "date": "2022-8-13", "timestamp": 1660348800000}, "geometry": {"type": "Point", "coordinates": [32.846669, 47.307953]}}, {"type": "Feature", "properties": {"sheet_name": "Артилерія та РСЗВ", "date": "2022-8-13", "timestamp": 1660348800000}, "geometry": {"type": "Point", "coordinates": [33.048818, 47.331542]}}, {"type": "Feature", "properties": {"sheet_name": "Артилерія та РСЗВ", "date": "2022-8-13", "timestamp": 1660348800000}, "geometry": {"type": "Point", "coordinates": [33.071037, 47.286823]}}, {"type": "Feature", "properties": {"sheet_name": "Артилерія та РСЗВ", "date": "2022-8-15", "timestamp": 1660521600000}, "geometry": {"type": "Point", "coordinates": [32.011812, 46.959077]}}, {"type": "Feature", "properties": {"sheet_name": "Артилерія та РСЗВ", "date": "2022-8-15", "timestamp": 1660521600000}, "geometry": {"type": "Point", "coordinates": [32.227655, 46.885644]}}, {"type": "Feature", "properties": {"sheet_name": "Артилерія та РСЗВ", "date": "2022-8-15", "timestamp": 1660521600000}, "geometry": {"type": "Point", "coordinates": [32.674144, 47.098634]}}, {"type": "Feature", "properties": {"sheet_name": "Артилерія та РСЗВ", "date": "2022-8-15", "timestamp": 1660521600000}, "geometry": {"type": "Point", "coordinates": [32.679529, 47.167679]}}, {"type": "Feature", "properties": {"sheet_name": "Артилерія та РСЗВ", "date": "2022-8-14", "timestamp": 1660435200000}, "geometry": {"type": "Point", "coordinates": [32.846669, 47.307953]}}, {"type": "Feature", "properties": {"sheet_name": "Артилерія та РСЗВ", "date": "2022-8-14", "timestamp": 1660435200000}, "geometry": {"type": "Point", "coordinates": [32.821056, 47.261436]}}, {"type": "Feature", "properties": {"sheet_name": "Артилерія та РСЗВ", "date": "2022-8-14", "timestamp": 1660435200000}, "geometry": {"type": "Point", "coordinates": [32.837025, 47.27598]}}, {"type": "Feature", "properties": {"sheet_name": "Артилерія та РСЗВ", "date": "2022-8-15", "timestamp": 1660521600000}, "geometry": {"type": "Point", "coordinates": [32.438662, 47.04128]}}, {"type": "Feature", "properties": {"sheet_name": "Артилерія та РСЗВ", "date": "2022-8-15", "timestamp": 1660521600000}, "geometry": {"type": "Point", "coordinates": [31.97235, 46.72796]}}, {"type": "Feature", "properties": {"sheet_name": "Артилерія та РСЗВ", "date": "2022-8-15", "timestamp": 1660521600000}, "geometry": {"type": "Point", "coordinates": [32.674144, 47.098634]}}, {"type": "Feature", "properties": {"sheet_name": "Артилерія та РСЗВ", "date": "2022-8-15", "timestamp": 1660521600000}, "geometry": {"type": "Point", "coordinates": [32.663701, 47.14444]}}, {"type": "Feature", "properties": {"sheet_name": "Артилерія та РСЗВ", "date": "2022-8-16", "timestamp": 1660608000000}, "geometry": {"type": "Point", "coordinates": [32.663701, 47.14444]}}, {"type": "Feature", "properties": {"sheet_name": "Артилерія та РСЗВ", "date": "2022-8-15", "timestamp": 1660521600000}, "geometry": {"type": "Point", "coordinates": [32.829574, 47.198526]}}, {"type": "Feature", "properties": {"sheet_name": "Артилерія та РСЗВ", "date": "2022-8-15", "timestamp": 1660521600000}, "geometry": {"type": "Point", "coordinates": [33.048818, 47.331542]}}, {"type": "Feature", "properties": {"sheet_name": "Артилерія та РСЗВ", "date": "2022-8-15", "timestamp": 1660521600000}, "geometry": {"type": "Point", "coordinates": [33.071037, 47.286823]}}, {"type": "Feature", "properties": {"sheet_name": "Артилерія та РСЗВ", "date": "2022-8-16", "timestamp": 1660608000000}, "geometry": {"type": "Point", "coordinates": [32.846669, 47.307953]}}, {"type": "Feature", "properties": {"sheet_name": "Артилерія та РСЗВ", "date": "2022-8-16", "timestamp": 1660608000000}, "geometry": {"type": "Point", "coordinates": [32.011812, 46.959077]}}, {"type": "Feature", "properties": {"sheet_name": "Артилерія та РСЗВ", "date": "2022-8-16", "timestamp": 1660608000000}, "geometry": {"type": "Point", "coordinates": [32.438662, 47.04128]}}, {"type": "Feature", "properties": {"sheet_name": "Артилерія та РСЗВ", "date": "2022-8-16", "timestamp": 1660608000000}, "geometry": {"type": "Point", "coordinates": [31.738128, 46.632603]}}, {"type": "Feature", "properties": {"sheet_name": "Артилерія та РСЗВ", "date": "2022-8-16", "timestamp": 1660608000000}, "geometry": {"type": "Point", "coordinates": [32.674144, 47.098634]}}, {"type": "Feature", "properties": {"sheet_name": "Артилерія та РСЗВ", "date": "2022-8-17", "timestamp": 1660694400000}, "geometry": {"type": "Point", "coordinates": [32.674144, 47.098634]}}, {"type": "Feature", "properties": {"sheet_name": "Артилерія та РСЗВ", "date": "2022-8-16", "timestamp": 1660608000000}, "geometry": {"type": "Point", "coordinates": [32.829574, 47.198526]}}, {"type": "Feature", "properties": {"sheet_name": "Артилерія та РСЗВ", "date": "2022-8-17", "timestamp": 1660694400000}, "geometry": {"type": "Point", "coordinates": [32.376822, 47.06066]}}, {"type": "Feature", "properties": {"sheet_name": "Артилерія та РСЗВ", "date": "2022-8-17", "timestamp": 1660694400000}, "geometry": {"type": "Point", "coordinates": [32.196443, 46.86215]}}, {"type": "Feature", "properties": {"sheet_name": "Артилерія та РСЗВ", "date": "2022-8-17", "timestamp": 1660694400000}, "geometry": {"type": "Point", "coordinates": [32.674144, 47.098634]}}, {"type": "Feature", "properties": {"sheet_name": "Артилерія та РСЗВ", "date": "2022-8-18", "timestamp": 1660780800000}, "geometry": {"type": "Point", "coordinates": [32.674144, 47.098634]}}, {"type": "Feature", "properties": {"sheet_name": "Артилерія та РСЗВ", "date": "2022-8-17", "timestamp": 1660694400000}, "geometry": {"type": "Point", "coordinates": [32.829574, 47.198526]}}, {"type": "Feature", "properties": {"sheet_name": "Артилерія та РСЗВ", "date": "2022-8-18", "timestamp": 1660780800000}, "geometry": {"type": "Point", "coordinates": [32.011812, 46.959077]}}, {"type": "Feature", "properties": {"sheet_name": "Артилерія та РСЗВ", "date": "2022-8-18", "timestamp": 1660780800000}, "geometry": {"type": "Point", "coordinates": [32.621648, 47.123866]}}, {"type": "Feature", "properties": {"sheet_name": "Артилерія та РСЗВ", "date": "2022-8-18", "timestamp": 1660780800000}, "geometry": {"type": "Point", "coordinates": [32.829574, 47.198526]}}, {"type": "Feature", "properties": {"sheet_name": "Артилерія та РСЗВ", "date": "2022-8-19", "timestamp": 1660867200000}, "geometry": {"type": "Point", "coordinates": [32.315543, 46.987659]}}, {"type": "Feature", "properties": {"sheet_name": "Артилерія та РСЗВ", "date": "2022-8-19", "timestamp": 1660867200000}, "geometry": {"type": "Point", "coordinates": [32.663701, 47.14444]}}, {"type": "Feature", "properties": {"sheet_name": "Артилерія та РСЗВ", "date": "2022-8-19", "timestamp": 1660867200000}, "geometry": {"type": "Point", "coordinates": [32.674144, 47.098634]}}, {"type": "Feature", "properties": {"sheet_name": "Артилерія та РСЗВ", "date": "2022-8-20", "timestamp": 1660953600000}, "geometry": {"type": "Point", "coordinates": [32.674144, 47.098634]}}, {"type": "Feature", "properties": {"sheet_name": "Артилерія та РСЗВ", "date": "2022-8-19", "timestamp": 1660867200000}, "geometry": {"type": "Point", "coordinates": [32.679529, 47.167679]}}, {"type": "Feature", "properties": {"sheet_name": "Артилерія та РСЗВ", "date": "2022-8-19", "timestamp": 1660867200000}, "geometry": {"type": "Point", "coordinates": [32.829574, 47.198526]}}, {"type": "Feature", "properties": {"sheet_name": "Артилерія та РСЗВ", "date": "2022-8-20", "timestamp": 1660953600000}, "geometry": {"type": "Point", "coordinates": [32.874432, 47.187785]}}, {"type": "Feature", "properties": {"sheet_name": "Артилерія та РСЗВ", "date": "2022-8-20", "timestamp": 1660953600000}, "geometry": {"type": "Point", "coordinates": [32.288157, 46.896352]}}, {"type": "Feature", "properties": {"sheet_name": "Артилерія та РСЗВ", "date": "2022-8-20", "timestamp": 1660953600000}, "geometry": {"type": "Point", "coordinates": [32.2575, 46.908381]}}, {"type": "Feature", "properties": {"sheet_name": "Артилерія та РСЗВ", "date": "2022-8-20", "timestamp": 1660953600000}, "geometry": {"type": "Point", "coordinates": [32.446554, 47.168671]}}, {"type": "Feature", "properties": {"sheet_name": "Артилерія та РСЗВ", "date": "2022-8-20", "timestamp": 1660953600000}, "geometry": {"type": "Point", "coordinates": [32.663701, 47.14444]}}, {"type": "Feature", "properties": {"sheet_name": "Артилерія та РСЗВ", "date": "2022-8-20", "timestamp": 1660953600000}, "geometry": {"type": "Point", "coordinates": [32.674144, 47.098634]}}, {"type": "Feature", "properties": {"sheet_name": "Артилерія та РСЗВ", "date": "2022-8-21", "timestamp": 1661040000000}, "geometry": {"type": "Point", "coordinates": [32.674144, 47.098634]}}, {"type": "Feature", "properties": {"sheet_name": "Артилерія та РСЗВ", "date": "2022-8-20", "timestamp": 1660953600000}, "geometry": {"type": "Point", "coordinates": [32.829574, 47.198526]}}, {"type": "Feature", "properties": {"sheet_name": "Артилерія та РСЗВ", "date": "2022-8-22", "timestamp": 1661126400000}, "geometry": {"type": "Point", "coordinates": [32.011812, 46.959077]}}, {"type": "Feature", "properties": {"sheet_name": "Артилерія та РСЗВ", "date": "2022-8-21", "timestamp": 1661040000000}, "geometry": {"type": "Point", "coordinates": [32.315543, 46.987659]}}, {"type": "Feature", "properties": {"sheet_name": "Артилерія та РСЗВ", "date": "2022-8-21", "timestamp": 1661040000000}, "geometry": {"type": "Point", "coordinates": [32.438221, 47.40372]}}, {"type": "Feature", "properties": {"sheet_name": "Артилерія та РСЗВ", "date": "2022-8-21", "timestamp": 1661040000000}, "geometry": {"type": "Point", "coordinates": [32.621648, 47.123866]}}, {"type": "Feature", "properties": {"sheet_name": "Артилерія та РСЗВ", "date": "2022-8-21", "timestamp": 1661040000000}, "geometry": {"type": "Point", "coordinates": [32.674144, 47.098634]}}, {"type": "Feature", "properties": {"sheet_name": "Артилерія та РСЗВ", "date": "2022-8-21", "timestamp": 1661040000000}, "geometry": {"type": "Point", "coordinates": [32.446554, 47.168671]}}, {"type": "Feature", "properties": {"sheet_name": "Артилерія та РСЗВ", "date": "2022-8-21", "timestamp": 1661040000000}, "geometry": {"type": "Point", "coordinates": [32.829574, 47.198526]}}, {"type": "Feature", "properties": {"sheet_name": "Артилерія та РСЗВ", "date": "2022-8-22", "timestamp": 1661126400000}, "geometry": {"type": "Point", "coordinates": [32.446554, 47.168671]}}, {"type": "Feature", "properties": {"sheet_name": "Артилерія та РСЗВ", "date": "2022-8-22", "timestamp": 1661126400000}, "geometry": {"type": "Point", "coordinates": [32.663701, 47.14444]}}, {"type": "Feature", "properties": {"sheet_name": "Артилерія та РСЗВ", "date": "2022-8-23", "timestamp": 1661212800000}, "geometry": {"type": "Point", "coordinates": [32.674144, 47.098634]}}, {"type": "Feature", "properties": {"sheet_name": "Артилерія та РСЗВ", "date": "2022-8-22", "timestamp": 1661126400000}, "geometry": {"type": "Point", "coordinates": [32.846669, 47.307953]}}, {"type": "Feature", "properties": {"sheet_name": "Артилерія та РСЗВ", "date": "2022-8-23", "timestamp": 1661212800000}, "geometry": {"type": "Point", "coordinates": [32.679529, 47.167679]}}, {"type": "Feature", "properties": {"sheet_name": "Артилерія та РСЗВ", "date": "2022-8-23", "timestamp": 1661212800000}, "geometry": {"type": "Point", "coordinates": [32.663701, 47.14444]}}, {"type": "Feature", "properties": {"sheet_name": "Артилерія та РСЗВ", "date": "2022-8-23", "timestamp": 1661212800000}, "geometry": {"type": "Point", "coordinates": [32.674144, 47.098634]}}, {"type": "Feature", "properties": {"sheet_name": "Артилерія та РСЗВ", "date": "2022-8-23", "timestamp": 1661212800000}, "geometry": {"type": "Point", "coordinates": [32.674144, 47.098634]}}, {"type": "Feature", "properties": {"sheet_name": "Артилерія та РСЗВ", "date": "2022-8-23", "timestamp": 1661212800000}, "geometry": {"type": "Point", "coordinates": [32.621648, 47.123866]}}, {"type": "Feature", "properties": {"sheet_name": "Артилерія та РСЗВ", "date": "2022-8-24", "timestamp": 1661299200000}, "geometry": {"type": "Point", "coordinates": [32.6054, 47.26453]}}, {"type": "Feature", "properties": {"sheet_name": "Артилерія та РСЗВ", "date": "2022-8-23", "timestamp": 1661212800000}, "geometry": {"type": "Point", "coordinates": [32.829574, 47.198526]}}, {"type": "Feature", "properties": {"sheet_name": "Артилерія та РСЗВ", "date": "2022-8-24", "timestamp": 1661299200000}, "geometry": {"type": "Point", "coordinates": [32.821056, 47.261436]}}, {"type": "Feature", "properties": {"sheet_name": "Артилерія та РСЗВ", "date": "2022-8-24", "timestamp": 1661299200000}, "geometry": {"type": "Point", "coordinates": [32.846669, 47.307953]}}, {"type": "Feature", "properties": {"sheet_name": "Артилерія та РСЗВ", "date": "2022-8-24", "timestamp": 1661299200000}, "geometry": {"type": "Point", "coordinates": [32.516459, 47.690774]}}, {"type": "Feature", "properties": {"sheet_name": "Артилерія та РСЗВ", "date": "2022-8-24", "timestamp": 1661299200000}, "geometry": {"type": "Point", "coordinates": [32.011812, 46.959077]}}, {"type": "Feature", "properties": {"sheet_name": "Артилерія та РСЗВ", "date": "2022-8-24", "timestamp": 1661299200000}, "geometry": {"type": "Point", "coordinates": [32.227655, 46.885644]}}, {"type": "Feature", "properties": {"sheet_name": "Артилерія та РСЗВ", "date": "2022-8-24", "timestamp": 1661299200000}, "geometry": {"type": "Point", "coordinates": [32.359167, 46.966356]}}, {"type": "Feature", "properties": {"sheet_name": "Артилерія та РСЗВ", "date": "2022-8-24", "timestamp": 1661299200000}, "geometry": {"type": "Point", "coordinates": [32.621648, 47.123866]}}, {"type": "Feature", "properties": {"sheet_name": "Артилерія та РСЗВ", "date": "2022-8-24", "timestamp": 1661299200000}, "geometry": {"type": "Point", "coordinates": [32.663701, 47.14444]}}, {"type": "Feature", "properties": {"sheet_name": "Артилерія та РСЗВ", "date": "2022-8-25", "timestamp": 1661385600000}, "geometry": {"type": "Point", "coordinates": [32.846669, 47.307953]}}, {"type": "Feature", "properties": {"sheet_name": "Артилерія та РСЗВ", "date": "2022-8-24", "timestamp": 1661299200000}, "geometry": {"type": "Point", "coordinates": [33.048818, 47.331542]}}, {"type": "Feature", "properties": {"sheet_name": "Артилерія та РСЗВ", "date": "2022-8-24", "timestamp": 1661299200000}, "geometry": {"type": "Point", "coordinates": [33.071037, 47.286823]}}, {"type": "Feature", "properties": {"sheet_name": "Артилерія та РСЗВ", "date": "2022-8-25", "timestamp": 1661385600000}, "geometry": {"type": "Point", "coordinates": [31.979453, 46.696826]}}, {"type": "Feature", "properties": {"sheet_name": "Артилерія та РСЗВ", "date": "2022-8-25", "timestamp": 1661385600000}, "geometry": {"type": "Point", "coordinates": [32.674144, 47.098634]}}, {"type": "Feature", "properties": {"sheet_name": "Артилерія та РСЗВ", "date": "2022-8-26", "timestamp": 1661472000000}, "geometry": {"type": "Point", "coordinates": [32.674144, 47.098634]}}, {"type": "Feature", "properties": {"sheet_name": "Артилерія та РСЗВ", "date": "2022-8-25", "timestamp": 1661385600000}, "geometry": {"type": "Point", "coordinates": [32.663701, 47.14444]}}, {"type": "Feature", "properties": {"sheet_name": "Артилерія та РСЗВ", "date": "2022-8-26", "timestamp": 1661472000000}, "geometry": {"type": "Point", "coordinates": [32.663701, 47.14444]}}, {"type": "Feature", "properties": {"sheet_name": "Артилерія та РСЗВ", "date": "2022-8-25", "timestamp": 1661385600000}, "geometry": {"type": "Point", "coordinates": [32.829574, 47.198526]}}, {"type": "Feature", "properties": {"sheet_name": "Артилерія та РСЗВ", "date": "2022-8-25", "timestamp": 1661385600000}, "geometry": {"type": "Point", "coordinates": [32.846669, 47.307953]}}, {"type": "Feature", "properties": {"sheet_name": "Артилерія та РСЗВ", "date": "2022-8-26", "timestamp": 1661472000000}, "geometry": {"type": "Point", "coordinates": [32.011812, 46.959077]}}, {"type": "Feature", "properties": {"sheet_name": "Артилерія та РСЗВ", "date": "2022-8-27", "timestamp": 1661558400000}, "geometry": {"type": "Point", "coordinates": [32.011812, 46.959077]}}, {"type": "Feature", "properties": {"sheet_name": "Артилерія та РСЗВ", "date": "2022-8-26", "timestamp": 1661472000000}, "geometry": {"type": "Point", "coordinates": [32.438662, 47.04128]}}, {"type": "Feature", "properties": {"sheet_name": "Артилерія та РСЗВ", "date": "2022-8-26", "timestamp": 1661472000000}, "geometry": {"type": "Point", "coordinates": [32.438662, 47.04128]}}, {"type": "Feature", "properties": {"sheet_name": "Артилерія та РСЗВ", "date": "2022-8-26", "timestamp": 1661472000000}, "geometry": {"type": "Point", "coordinates": [32.663701, 47.14444]}}, {"type": "Feature", "properties": {"sheet_name": "Артилерія та РСЗВ", "date": "2022-8-27", "timestamp": 1661558400000}, "geometry": {"type": "Point", "coordinates": [32.674144, 47.098634]}}, {"type": "Feature", "properties": {"sheet_name": "Артилерія та РСЗВ", "date": "2022-8-27", "timestamp": 1661558400000}, "geometry": {"type": "Point", "coordinates": [32.679529, 47.167679]}}, {"type": "Feature", "properties": {"sheet_name": "Артилерія та РСЗВ", "date": "2022-8-26", "timestamp": 1661472000000}, "geometry": {"type": "Point", "coordinates": [32.829574, 47.198526]}}, {"type": "Feature", "properties": {"sheet_name": "Артилерія та РСЗВ", "date": "2022-8-26", "timestamp": 1661472000000}, "geometry": {"type": "Point", "coordinates": [32.846669, 47.307953]}}, {"type": "Feature", "properties": {"sheet_name": "Артилерія та РСЗВ", "date": "2022-8-27", "timestamp": 1661558400000}, "geometry": {"type": "Point", "coordinates": [32.305433, 46.93527]}}, {"type": "Feature", "properties": {"sheet_name": "Артилерія та РСЗВ", "date": "2022-8-27", "timestamp": 1661558400000}, "geometry": {"type": "Point", "coordinates": [32.874432, 47.187785]}}, {"type": "Feature", "properties": {"sheet_name": "Артилерія та РСЗВ", "date": "2022-8-27", "timestamp": 1661558400000}, "geometry": {"type": "Point", "coordinates": [32.438662, 47.04128]}}, {"type": "Feature", "properties": {"sheet_name": "Артилерія та РСЗВ", "date": "2022-8-27", "timestamp": 1661558400000}, "geometry": {"type": "Point", "coordinates": [32.674144, 47.098634]}}, {"type": "Feature", "properties": {"sheet_name": "Артилерія та РСЗВ", "date": "2022-8-27", "timestamp": 1661558400000}, "geometry": {"type": "Point", "coordinates": [32.674144, 47.098634]}}, {"type": "Feature", "properties": {"sheet_name": "Артилерія та РСЗВ", "date": "2022-8-28", "timestamp": 1661644800000}, "geometry": {"type": "Point", "coordinates": [32.674144, 47.098634]}}, {"type": "Feature", "properties": {"sheet_name": "Артилерія та РСЗВ", "date": "2022-8-27", "timestamp": 1661558400000}, "geometry": {"type": "Point", "coordinates": [32.829574, 47.198526]}}, {"type": "Feature", "properties": {"sheet_name": "Артилерія та РСЗВ", "date": "2022-8-28", "timestamp": 1661644800000}, "geometry": {"type": "Point", "coordinates": [32.011812, 46.959077]}}, {"type": "Feature", "properties": {"sheet_name": "Артилерія та РСЗВ", "date": "2022-8-28", "timestamp": 1661644800000}, "geometry": {"type": "Point", "coordinates": [32.011812, 46.959077]}}, {"type": "Feature", "properties": {"sheet_name": "Артилерія та РСЗВ", "date": "2022-8-28", "timestamp": 1661644800000}, "geometry": {"type": "Point", "coordinates": [32.438662, 47.04128]}}, {"type": "Feature", "properties": {"sheet_name": "Артилерія та РСЗВ", "date": "2022-8-28", "timestamp": 1661644800000}, "geometry": {"type": "Point", "coordinates": [32.271986, 46.887668]}}, {"type": "Feature", "properties": {"sheet_name": "Артилерія та РСЗВ", "date": "2022-8-28", "timestamp": 1661644800000}, "geometry": {"type": "Point", "coordinates": [32.227655, 46.885644]}}, {"type": "Feature", "properties": {"sheet_name": "Артилерія та РСЗВ", "date": "2022-8-28", "timestamp": 1661644800000}, "geometry": {"type": "Point", "coordinates": [31.565892, 46.606658]}}, {"type": "Feature", "properties": {"sheet_name": "Артилерія та РСЗВ", "date": "2022-8-28", "timestamp": 1661644800000}, "geometry": {"type": "Point", "coordinates": [32.846669, 47.307953]}}, {"type": "Feature", "properties": {"sheet_name": "Артилерія та РСЗВ", "date": "2022-8-29", "timestamp": 1661731200000}, "geometry": {"type": "Point", "coordinates": [32.821056, 47.261436]}}, {"type": "Feature", "properties": {"sheet_name": "Артилерія та РСЗВ", "date": "2022-8-29", "timestamp": 1661731200000}, "geometry": {"type": "Point", "coordinates": [32.663701, 47.14444]}}, {"type": "Feature", "properties": {"sheet_name": "Артилерія та РСЗВ", "date": "2022-8-29", "timestamp": 1661731200000}, "geometry": {"type": "Point", "coordinates": [32.679529, 47.167679]}}, {"type": "Feature", "properties": {"sheet_name": "Артилерія та РСЗВ", "date": "2022-8-29", "timestamp": 1661731200000}, "geometry": {"type": "Point", "coordinates": [32.621648, 47.123866]}}, {"type": "Feature", "properties": {"sheet_name": "Артилерія та РСЗВ", "date": "2022-8-29", "timestamp": 1661731200000}, "geometry": {"type": "Point", "coordinates": [31.565892, 46.606658]}}, {"type": "Feature", "properties": {"sheet_name": "Артилерія та РСЗВ", "date": "2022-8-29", "timestamp": 1661731200000}, "geometry": {"type": "Point", "coordinates": [32.376822, 47.06066]}}, {"type": "Feature", "properties": {"sheet_name": "Артилерія та РСЗВ", "date": "2022-8-29", "timestamp": 1661731200000}, "geometry": {"type": "Point", "coordinates": [32.179163, 47.049012]}}, {"type": "Feature", "properties": {"sheet_name": "Артилерія та РСЗВ", "date": "2022-8-29", "timestamp": 1661731200000}, "geometry": {"type": "Point", "coordinates": [32.829574, 47.198526]}}, {"type": "Feature", "properties": {"sheet_name": "Артилерія та РСЗВ", "date": "2022-8-30", "timestamp": 1661817600000}, "geometry": {"type": "Point", "coordinates": [32.011812, 46.959077]}}, {"type": "Feature", "properties": {"sheet_name": "Артилерія та РСЗВ", "date": "2022-8-30", "timestamp": 1661817600000}, "geometry": {"type": "Point", "coordinates": [32.359167, 46.966356]}}, {"type": "Feature", "properties": {"sheet_name": "Артилерія та РСЗВ", "date": "2022-8-30", "timestamp": 1661817600000}, "geometry": {"type": "Point", "coordinates": [32.846669, 47.307953]}}, {"type": "Feature", "properties": {"sheet_name": "Артилерія та РСЗВ", "date": "2022-8-30", "timestamp": 1661817600000}, "geometry": {"type": "Point", "coordinates": [32.821056, 47.261436]}}, {"type": "Feature", "properties": {"sheet_name": "Артилерія та РСЗВ", "date": "2022-8-30", "timestamp": 1661817600000}, "geometry": {"type": "Point", "coordinates": [33.071037, 47.286823]}}, {"type": "Feature", "properties": {"sheet_name": "Артилерія та РСЗВ", "date": "2022-8-30", "timestamp": 1661817600000}, "geometry": {"type": "Point", "coordinates": [32.663701, 47.14444]}}, {"type": "Feature", "properties": {"sheet_name": "Артилерія та РСЗВ", "date": "2022-8-31", "timestamp": 1661904000000}, "geometry": {"type": "Point", "coordinates": [32.663701, 47.14444]}}, {"type": "Feature", "properties": {"sheet_name": "Артилерія та РСЗВ", "date": "2022-8-31", "timestamp": 1661904000000}, "geometry": {"type": "Point", "coordinates": [32.674144, 47.098634]}}, {"type": "Feature", "properties": {"sheet_name": "Артилерія та РСЗВ", "date": "2022-8-31", "timestamp": 1661904000000}, "geometry": {"type": "Point", "coordinates": [32.359167, 46.966356]}}, {"type": "Feature", "properties": {"sheet_name": "Артилерія та РСЗВ", "date": "2022-8-31", "timestamp": 1661904000000}, "geometry": {"type": "Point", "coordinates": [32.438662, 47.04128]}}, {"type": "Feature", "properties": {"sheet_name": "Артилерія та РСЗВ", "date": "2022-8-31", "timestamp": 1661904000000}, "geometry": {"type": "Point", "coordinates": [32.874432, 47.187785]}}, {"type": "Feature", "properties": {"sheet_name": "Артилерія та РСЗВ", "date": "2022-8-31", "timestamp": 1661904000000}, "geometry": {"type": "Point", "coordinates": [32.470676, 46.923268]}}, {"type": "Feature", "properties": {"sheet_name": "Артилерія та РСЗВ", "date": "2022-8-31", "timestamp": 1661904000000}, "geometry": {"type": "Point", "coordinates": [31.634256, 46.659323]}}, {"type": "Feature", "properties": {"sheet_name": "Артилерія та РСЗВ", "date": "2022-8-31", "timestamp": 1661904000000}, "geometry": {"type": "Point", "coordinates": [32.846669, 47.307953]}}, {"type": "Feature", "properties": {"sheet_name": "Артилерія та РСЗВ", "date": "2022-8-31", "timestamp": 1661904000000}, "geometry": {"type": "Point", "coordinates": [32.821056, 47.261436]}}, {"type": "Feature", "properties": {"sheet_name": "Артилерія та РСЗВ", "date": "2022-8-31", "timestamp": 1661904000000}, "geometry": {"type": "Point", "coordinates": [33.071037, 47.286823]}}, {"type": "Feature", "properties": {"sheet_name": "Артилерія та РСЗВ", "date": "2022-8-31", "timestamp": 1661904000000}, "geometry": {"type": "Point", "coordinates": [32.674144, 47.098634]}}, {"type": "Feature", "properties": {"sheet_name": "Ракети", "date": "2022-11-1", "timestamp": 1667260800000}, "geometry": {"type": "Point", "coordinates": [32.011812, 46.959077]}}, {"type": "Feature", "properties": {"sheet_name": "Ракети", "date": "2022-11-3", "timestamp": 1667433600000}, "geometry": {"type": "Point", "coordinates": [32.011812, 46.959077]}}, {"type": "Feature", "properties": {"sheet_name": "Ракети", "date": "2022-11-11", "timestamp": 1668124800000}, "geometry": {"type": "Point", "coordinates": [32.011812, 46.959077]}}, {"type": "Feature", "properties": {"sheet_name": "Касетні боєприпаси", "date": "2022-11-1", "timestamp": 1667260800000}, "geometry": {"type": "Point", "coordinates": [31.954482, 46.80328]}}, {"type": "Feature", "properties": {"sheet_name": "Артилерія та РСЗВ", "date": "2022-11-1", "timestamp": 1667260800000}, "geometry": {"type": "Point", "coordinates": [32.271986, 46.887668]}}, {"type": "Feature", "properties": {"sheet_name": "Артилерія та РСЗВ", "date": "2022-11-1", "timestamp": 1667260800000}, "geometry": {"type": "Point", "coordinates": [32.435539, 46.985922]}}, {"type": "Feature", "properties": {"sheet_name": "Артилерія та РСЗВ", "date": "2022-11-1", "timestamp": 1667260800000}, "geometry": {"type": "Point", "coordinates": [32.621648, 47.123866]}}, {"type": "Feature", "properties": {"sheet_name": "Артилерія та РСЗВ", "date": "2022-11-1", "timestamp": 1667260800000}, "geometry": {"type": "Point", "coordinates": [32.829576, 47.198526]}}, {"type": "Feature", "properties": {"sheet_name": "Артилерія та РСЗВ", "date": "2022-11-2", "timestamp": 1667347200000}, "geometry": {"type": "Point", "coordinates": [32.271986, 46.887668]}}, {"type": "Feature", "properties": {"sheet_name": "Артилерія та РСЗВ", "date": "2022-11-2", "timestamp": 1667347200000}, "geometry": {"type": "Point", "coordinates": [32.621648, 47.123866]}}, {"type": "Feature", "properties": {"sheet_name": "Артилерія та РСЗВ", "date": "2022-11-3", "timestamp": 1667433600000}, "geometry": {"type": "Point", "coordinates": [32.225665, 47.19975]}}, {"type": "Feature", "properties": {"sheet_name": "Артилерія та РСЗВ", "date": "2022-11-2", "timestamp": 1667347200000}, "geometry": {"type": "Point", "coordinates": [32.829576, 47.198526]}}, {"type": "Feature", "properties": {"sheet_name": "Артилерія та РСЗВ", "date": "2022-11-3", "timestamp": 1667433600000}, "geometry": {"type": "Point", "coordinates": [32.435539, 46.985922]}}, {"type": "Feature", "properties": {"sheet_name": "Артилерія та РСЗВ", "date": "2022-11-3", "timestamp": 1667433600000}, "geometry": {"type": "Point", "coordinates": [32.829576, 47.198526]}}, {"type": "Feature", "properties": {"sheet_name": "Артилерія та РСЗВ", "date": "2022-11-3", "timestamp": 1667433600000}, "geometry": {"type": "Point", "coordinates": [32.621648, 47.123866]}}, {"type": "Feature", "properties": {"sheet_name": "Артилерія та РСЗВ", "date": "2022-11-4", "timestamp": 1667520000000}, "geometry": {"type": "Point", "coordinates": [32.621648, 47.123866]}}, {"type": "Feature", "properties": {"sheet_name": "Артилерія та РСЗВ", "date": "2022-11-5", "timestamp": 1667606400000}, "geometry": {"type": "Point", "coordinates": [32.621648, 47.123866]}}, {"type": "Feature", "properties": {"sheet_name": "Артилерія та РСЗВ", "date": "2022-11-4", "timestamp": 1667520000000}, "geometry": {"type": "Point", "coordinates": [32.829576, 47.198526]}}, {"type": "Feature", "properties": {"sheet_name": "Артилерія та РСЗВ", "date": "2022-11-5", "timestamp": 1667606400000}, "geometry": {"type": "Point", "coordinates": [32.829576, 47.198526]}}, {"type": "Feature", "properties": {"sheet_name": "Артилерія та РСЗВ", "date": "2022-11-6", "timestamp": 1667692800000}, "geometry": {"type": "Point", "coordinates": [31.954482, 46.80328]}}, {"type": "Feature", "properties": {"sheet_name": "Артилерія та РСЗВ", "date": "2022-11-6", "timestamp": 1667692800000}, "geometry": {"type": "Point", "coordinates": [32.621648, 47.123866]}}, {"type": "Feature", "properties": {"sheet_name": "Артилерія та РСЗВ", "date": "2022-11-7", "timestamp": 1667779200000}, "geometry": {"type": "Point", "coordinates": [32.621648, 47.123866]}}, {"type": "Feature", "properties": {"sheet_name": "Артилерія та РСЗВ", "date": "2022-11-7", "timestamp": 1667779200000}, "geometry": {"type": "Point", "coordinates": [32.435539, 46.985922]}}, {"type": "Feature", "properties": {"sheet_name": "Артилерія та РСЗВ", "date": "2022-11-7", "timestamp": 1667779200000}, "geometry": {"type": "Point", "coordinates": [31.634256, 46.659323]}}, {"type": "Feature", "properties": {"sheet_name": "Артилерія та РСЗВ", "date": "2022-11-7", "timestamp": 1667779200000}, "geometry": {"type": "Point", "coordinates": [32.271986, 46.887668]}}, {"type": "Feature", "properties": {"sheet_name": "Артилерія та РСЗВ", "date": "2022-11-7", "timestamp": 1667779200000}, "geometry": {"type": "Point", "coordinates": [31.954482, 46.80328]}}, {"type": "Feature", "properties": {"sheet_name": "Артилерія та РСЗВ", "date": "2022-11-7", "timestamp": 1667779200000}, "geometry": {"type": "Point", "coordinates": [32.829576, 47.198526]}}, {"type": "Feature", "properties": {"sheet_name": "Артилерія та РСЗВ", "date": "2022-11-8", "timestamp": 1667865600000}, "geometry": {"type": "Point", "coordinates": [32.271986, 46.887668]}}, {"type": "Feature", "properties": {"sheet_name": "Артилерія та РСЗВ", "date": "2022-11-8", "timestamp": 1667865600000}, "geometry": {"type": "Point", "coordinates": [32.621648, 47.123866]}}, {"type": "Feature", "properties": {"sheet_name": "Артилерія та РСЗВ", "date": "2022-11-9", "timestamp": 1667952000000}, "geometry": {"type": "Point", "coordinates": [32.011812, 46.959077]}}, {"type": "Feature", "properties": {"sheet_name": "Артилерія та РСЗВ", "date": "2022-11-9", "timestamp": 1667952000000}, "geometry": {"type": "Point", "coordinates": [32.829576, 47.198526]}}, {"type": "Feature", "properties": {"sheet_name": "Артилерія та РСЗВ", "date": "2022-11-10", "timestamp": 1668038400000}, "geometry": {"type": "Point", "coordinates": [32.271986, 46.887668]}}, {"type": "Feature", "properties": {"sheet_name": "Артилерія та РСЗВ", "date": "2022-11-10", "timestamp": 1668038400000}, "geometry": {"type": "Point", "coordinates": [32.112717, 46.995222]}}, {"type": "Feature", "properties": {"sheet_name": "Артилерія та РСЗВ", "date": "2022-11-10", "timestamp": 1668038400000}, "geometry": {"type": "Point", "coordinates": [32.829576, 47.198526]}}, {"type": "Feature", "properties": {"sheet_name": "Артилерія та РСЗВ", "date": "2022-11-11", "timestamp": 1668124800000}, "geometry": {"type": "Point", "coordinates": [31.634256, 46.659323]}}, {"type": "Feature", "properties": {"sheet_name": "Артилерія та РСЗВ", "date": "2022-11-12", "timestamp": 1668211200000}, "geometry": {"type": "Point", "coordinates": [31.565892, 46.606658]}}, {"type": "Feature", "properties": {"sheet_name": "Артилерія та РСЗВ", "date": "2022-11-13", "timestamp": 1668297600000}, "geometry": {"type": "Point", "coordinates": [31.544722, 46.619291]}}, {"type": "Feature", "properties": {"sheet_name": "Артилерія та РСЗВ", "date": "2022-11-14", "timestamp": 1668384000000}, "geometry": {"type": "Point", "coordinates": [31.634256, 46.659323]}}, {"type": "Feature", "properties": {"sheet_name": "Артилерія та РСЗВ", "date": "2022-11-14", "timestamp": 1668384000000}, "geometry": {"type": "Point", "coordinates": [31.565892, 46.606658]}}, {"type": "Feature", "properties": {"sheet_name": "Артилерія та РСЗВ", "date": "2022-11-17", "timestamp": 1668643200000}, "geometry": {"type": "Point", "coordinates": [31.634256, 46.659323]}}, {"type": "Feature", "properties": {"sheet_name": "Артилерія та РСЗВ", "date": "2022-11-18", "timestamp": 1668729600000}, "geometry": {"type": "Point", "coordinates": [31.565892, 46.606658]}}, {"type": "Feature", "properties": {"sheet_name": "Артилерія та РСЗВ", "date": "2022-11-20", "timestamp": 1668902400000}, "geometry": {"type": "Point", "coordinates": [31.565892, 46.606658]}}, {"type": "Feature", "properties": {"sheet_name": "Артилерія та РСЗВ", "date": "2022-11-20", "timestamp": 1668902400000}, "geometry": {"type": "Point", "coordinates": [31.543439, 46.629603]}}, {"type": "Feature", "properties": {"sheet_name": "Артилерія та РСЗВ", "date": "2022-11-20", "timestamp": 1668902400000}, "geometry": {"type": "Point", "coordinates": [31.565892, 46.606658]}}, {"type": "Feature", "properties": {"sheet_name": "Артилерія та РСЗВ", "date": "2022-11-25", "timestamp": 1669334400000}, "geometry": {"type": "Point", "coordinates": [31.565892, 46.606658]}}, {"type": "Feature", "properties": {"sheet_name": "Артилерія та РСЗВ", "date": "2022-11-25", "timestamp": 1669334400000}, "geometry": {"type": "Point", "coordinates": [31.543439, 46.629603]}}, {"type": "Feature", "properties": {"sheet_name": "Артилерія та РСЗВ", "date": "2022-11-27", "timestamp": 1669507200000}, "geometry": {"type": "Point", "coordinates": [31.634256, 46.659323]}}, {"type": "Feature", "properties": {"sheet_name": "Артилерія та РСЗВ", "date": "2022-11-27", "timestamp": 1669507200000}, "geometry": {"type": "Point", "coordinates": [31.565892, 46.606658]}}, {"type": "Feature", "properties": {"sheet_name": "Артилерія та РСЗВ", "date": "2022-11-30", "timestamp": 1669766400000}, "geometry": {"type": "Point", "coordinates": [31.565892, 46.606658]}}, {"type": "Feature", "properties": {"sheet_name": "Ракети", "date": "2022-12-5", "timestamp": 1670198400000}, "geometry": {"type": "Point", "coordinates": [31.789854, 47.16416]}}, {"type": "Feature", "properties": {"sheet_name": "Ракети", "date": "2022-12-7", "timestamp": 1670371200000}, "geometry": {"type": "Point", "coordinates": [32.011812, 46.959077]}}, {"type": "Feature", "properties": {"sheet_name": "Ракети", "date": "2022-12-29", "timestamp": 1672272000000}, "geometry": {"type": "Point", "coordinates": [31.216731, 46.629473]}}, {"type": "Feature", "properties": {"sheet_name": "Ракети", "date": "2022-12-29", "timestamp": 1672272000000}, "geometry": {"type": "Point", "coordinates": [32.150788, 47.007703]}}, {"type": "Feature", "properties": {"sheet_name": "Ракети", "date": "2022-12-31", "timestamp": 1672444800000}, "geometry": {"type": "Point", "coordinates": [32.011812, 46.959077]}}, {"type": "Feature", "properties": {"sheet_name": "Артилерія та РСЗВ", "date": "2022-12-1", "timestamp": 1669852800000}, "geometry": {"type": "Point", "coordinates": [31.565892, 46.606658]}}, {"type": "Feature", "properties": {"sheet_name": "Артилерія та РСЗВ", "date": "2022-12-2", "timestamp": 1669939200000}, "geometry": {"type": "Point", "coordinates": [31.565892, 46.606658]}}, {"type": "Feature", "properties": {"sheet_name": "Артилерія та РСЗВ", "date": "2022-12-3", "timestamp": 1670025600000}, "geometry": {"type": "Point", "coordinates": [31.634256, 46.659323]}}, {"type": "Feature", "properties": {"sheet_name": "Артилерія та РСЗВ", "date": "2022-12-4", "timestamp": 1670112000000}, "geometry": {"type": "Point", "coordinates": [31.565892, 46.606658]}}, {"type": "Feature", "properties": {"sheet_name": "Артилерія та РСЗВ", "date": "2022-12-5", "timestamp": 1670198400000}, "geometry": {"type": "Point", "coordinates": [31.565892, 46.606658]}}, {"type": "Feature", "properties": {"sheet_name": "Артилерія та РСЗВ", "date": "2022-12-6", "timestamp": 1670284800000}, "geometry": {"type": "Point", "coordinates": [31.565892, 46.606658]}}, {"type": "Feature", "properties": {"sheet_name": "Артилерія та РСЗВ", "date": "2022-12-6", "timestamp": 1670284800000}, "geometry": {"type": "Point", "coordinates": [31.634256, 46.659323]}}, {"type": "Feature", "properties": {"sheet_name": "Артилерія та РСЗВ", "date": "2022-12-7", "timestamp": 1670371200000}, "geometry": {"type": "Point", "coordinates": [31.634256, 46.659323]}}, {"type": "Feature", "properties": {"sheet_name": "Артилерія та РСЗВ", "date": "2022-12-8", "timestamp": 1670457600000}, "geometry": {"type": "Point", "coordinates": [31.544722, 46.619291]}}, {"type": "Feature", "properties": {"sheet_name": "Артилерія та РСЗВ", "date": "2022-12-8", "timestamp": 1670457600000}, "geometry": {"type": "Point", "coordinates": [31.634256, 46.659323]}}, {"type": "Feature", "properties": {"sheet_name": "Артилерія та РСЗВ", "date": "2022-12-8", "timestamp": 1670457600000}, "geometry": {"type": "Point", "coordinates": [31.565892, 46.606658]}}, {"type": "Feature", "properties": {"sheet_name": "Артилерія та РСЗВ", "date": "2022-12-10", "timestamp": 1670630400000}, "geometry": {"type": "Point", "coordinates": [31.565892, 46.606658]}}, {"type": "Feature", "properties": {"sheet_name": "Артилерія та РСЗВ", "date": "2022-12-11", "timestamp": 1670716800000}, "geometry": {"type": "Point", "coordinates": [31.634256, 46.659323]}}, {"type": "Feature", "properties": {"sheet_name": "Артилерія та РСЗВ", "date": "2022-12-11", "timestamp": 1670716800000}, "geometry": {"type": "Point", "coordinates": [31.565892, 46.606658]}}, {"type": "Feature", "properties": {"sheet_name": "Артилерія та РСЗВ", "date": "2022-12-12", "timestamp": 1670803200000}, "geometry": {"type": "Point", "coordinates": [31.565892, 46.606658]}}, {"type": "Feature", "properties": {"sheet_name": "Артилерія та РСЗВ", "date": "2022-12-12", "timestamp": 1670803200000}, "geometry": {"type": "Point", "coordinates": [31.543439, 46.629603]}}, {"type": "Feature", "properties": {"sheet_name": "Артилерія та РСЗВ", "date": "2022-12-13", "timestamp": 1670889600000}, "geometry": {"type": "Point", "coordinates": [31.565892, 46.606658]}}, {"type": "Feature", "properties": {"sheet_name": "Артилерія та РСЗВ", "date": "2022-12-14", "timestamp": 1670976000000}, "geometry": {"type": "Point", "coordinates": [31.565892, 46.606658]}}, {"type": "Feature", "properties": {"sheet_name": "Артилерія та РСЗВ", "date": "2022-12-14", "timestamp": 1670976000000}, "geometry": {"type": "Point", "coordinates": [31.543439, 46.629603]}}, {"type": "Feature", "properties": {"sheet_name": "Артилерія та РСЗВ", "date": "2022-12-15", "timestamp": 1671062400000}, "geometry": {"type": "Point", "coordinates": [31.520882, 46.652514]}}, {"type": "Feature", "properties": {"sheet_name": "Артилерія та РСЗВ", "date": "2022-12-17", "timestamp": 1671235200000}, "geometry": {"type": "Point", "coordinates": [31.565892, 46.606658]}}, {"type": "Feature", "properties": {"sheet_name": "Артилерія та РСЗВ", "date": "2022-12-18", "timestamp": 1671321600000}, "geometry": {"type": "Point", "coordinates": [31.543439, 46.629603]}}, {"type": "Feature", "properties": {"sheet_name": "Артилерія та РСЗВ", "date": "2022-12-19", "timestamp": 1671408000000}, "geometry": {"type": "Point", "coordinates": [31.565892, 46.606658]}}, {"type": "Feature", "properties": {"sheet_name": "Артилерія та РСЗВ", "date": "2022-12-19", "timestamp": 1671408000000}, "geometry": {"type": "Point", "coordinates": [31.634256, 46.659323]}}, {"type": "Feature", "properties": {"sheet_name": "Артилерія та РСЗВ", "date": "2022-12-20", "timestamp": 1671494400000}, "geometry": {"type": "Point", "coordinates": [31.565892, 46.606658]}}, {"type": "Feature", "properties": {"sheet_name": "Артилерія та РСЗВ", "date": "2022-12-21", "timestamp": 1671580800000}, "geometry": {"type": "Point", "coordinates": [31.565892, 46.606658]}}, {"type": "Feature", "properties": {"sheet_name": "Артилерія та РСЗВ", "date": "2022-12-21", "timestamp": 1671580800000}, "geometry": {"type": "Point", "coordinates": [31.544722, 46.619291]}}, {"type": "Feature", "properties": {"sheet_name": "Артилерія та РСЗВ", "date": "2022-12-21", "timestamp": 1671580800000}, "geometry": {"type": "Point", "coordinates": [31.634256, 46.659323]}}, {"type": "Feature", "properties": {"sheet_name": "Артилерія та РСЗВ", "date": "2022-12-22", "timestamp": 1671667200000}, "geometry": {"type": "Point", "coordinates": [31.544722, 46.619291]}}, {"type": "Feature", "properties": {"sheet_name": "Артилерія та РСЗВ", "date": "2022-12-23", "timestamp": 1671753600000}, "geometry": {"type": "Point", "coordinates": [31.565892, 46.606658]}}, {"type": "Feature", "properties": {"sheet_name": "Артилерія та РСЗВ", "date": "2022-12-24", "timestamp": 1671840000000}, "geometry": {"type": "Point", "coordinates": [31.565892, 46.606658]}}, {"type": "Feature", "properties": {"sheet_name": "Артилерія та РСЗВ", "date": "2022-12-24", "timestamp": 1671840000000}, "geometry": {"type": "Point", "coordinates": [31.543439, 46.629603]}}, {"type": "Feature", "properties": {"sheet_name": "Артилерія та РСЗВ", "date": "2022-12-26", "timestamp": 1672012800000}, "geometry": {"type": "Point", "coordinates": [31.565892, 46.606658]}}, {"type": "Feature", "properties": {"sheet_name": "Артилерія та РСЗВ", "date": "2022-12-27", "timestamp": 1672099200000}, "geometry": {"type": "Point", "coordinates": [31.565892, 46.606658]}}, {"type": "Feature", "properties": {"sheet_name": "Артилерія та РСЗВ", "date": "2022-12-29", "timestamp": 1672272000000}, "geometry": {"type": "Point", "coordinates": [31.565892, 46.606658]}}, {"type": "Feature", "properties": {"sheet_name": "Артилерія та РСЗВ", "date": "2022-12-30", "timestamp": 1672358400000}, "geometry": {"type": "Point", "coordinates": [31.634256, 46.659323]}}, {"type": "Feature", "properties": {"sheet_name": "Артилерія та РСЗВ", "date": "2022-12-31", "timestamp": 1672444800000}, "geometry": {"type": "Point", "coordinates": [31.544722, 46.619291]}}, {"type": "Feature", "properties": {"sheet_name": "Ракети", "date": "2022-10-1", "timestamp": 1664582400000}, "geometry": {"type": "Point", "coordinates": [32.011807, 46.959077]}}, {"type": "Feature", "properties": {"sheet_name": "Ракети", "date": "2022-10-2", "timestamp": 1664668800000}, "geometry": {"type": "Point", "coordinates": [32.011807, 46.959077]}}, {"type": "Feature", "properties": {"sheet_name": "Ракети", "date": "2022-10-4", "timestamp": 1664841600000}, "geometry": {"type": "Point", "coordinates": [32.829574, 47.198526]}}, {"type": "Feature", "properties": {"sheet_name": "Ракети", "date": "2022-10-4", "timestamp": 1664841600000}, "geometry": {"type": "Point", "coordinates": [31.516687, 47.685277]}}, {"type": "Feature", "properties": {"sheet_name": "Ракети", "date": "2022-10-6", "timestamp": 1665014400000}, "geometry": {"type": "Point", "coordinates": [32.829574, 47.198526]}}, {"type": "Feature", "properties": {"sheet_name": "Ракети", "date": "2022-10-10", "timestamp": 1665360000000}, "geometry": {"type": "Point", "coordinates": [32.011807, 46.959077]}}, {"type": "Feature", "properties": {"sheet_name": "Ракети", "date": "2022-10-13", "timestamp": 1665619200000}, "geometry": {"type": "Point", "coordinates": [32.011807, 46.959077]}}, {"type": "Feature", "properties": {"sheet_name": "Ракети", "date": "2022-10-18", "timestamp": 1666051200000}, "geometry": {"type": "Point", "coordinates": [32.011807, 46.959077]}}, {"type": "Feature", "properties": {"sheet_name": "Ракети", "date": "2022-10-20", "timestamp": 1666224000000}, "geometry": {"type": "Point", "coordinates": [32.011807, 46.959077]}}, {"type": "Feature", "properties": {"sheet_name": "Ракети", "date": "2022-10-23", "timestamp": 1666483200000}, "geometry": {"type": "Point", "coordinates": [32.011807, 46.959077]}}, {"type": "Feature", "properties": {"sheet_name": "Ракети", "date": "2022-10-23", "timestamp": 1666483200000}, "geometry": {"type": "Point", "coordinates": [31.954482, 46.80328]}}, {"type": "Feature", "properties": {"sheet_name": "Ракети", "date": "2022-10-22", "timestamp": 1666396800000}, "geometry": {"type": "Point", "coordinates": [30.862553, 48.140867]}}, {"type": "Feature", "properties": {"sheet_name": "Ракети", "date": "2022-10-28", "timestamp": 1666915200000}, "geometry": {"type": "Point", "coordinates": [32.011807, 46.959077]}}, {"type": "Feature", "properties": {"sheet_name": "Дрони-камікадзе", "date": "2022-10-1", "timestamp": 1664582400000}, "geometry": {"type": "Point", "coordinates": [32.011807, 46.959077]}}, {"type": "Feature", "properties": {"sheet_name": "Дрони-камікадзе", "date": "2022-10-7", "timestamp": 1665100800000}, "geometry": {"type": "Point", "coordinates": [32.011807, 46.959077]}}, {"type": "Feature", "properties": {"sheet_name": "Дрони-камікадзе", "date": "2022-10-16", "timestamp": 1665878400000}, "geometry": {"type": "Point", "coordinates": [32.011807, 46.959077]}}, {"type": "Feature", "properties": {"sheet_name": "Дрони-камікадзе", "date": "2022-10-16", "timestamp": 1665878400000}, "geometry": {"type": "Point", "coordinates": [31.233162, 46.62722]}}, {"type": "Feature", "properties": {"sheet_name": "Дрони-камікадзе", "date": "2022-10-18", "timestamp": 1666051200000}, "geometry": {"type": "Point", "coordinates": [31.788057, 47.161138]}}, {"type": "Feature", "properties": {"sheet_name": "Дрони-камікадзе", "date": "2022-10-20", "timestamp": 1666224000000}, "geometry": {"type": "Point", "coordinates": [32.011807, 46.959077]}}, {"type": "Feature", "properties": {"sheet_name": "Дрони-камікадзе", "date": "2022-10-23", "timestamp": 1666483200000}, "geometry": {"type": "Point", "coordinates": [31.788057, 47.161138]}}, {"type": "Feature", "properties": {"sheet_name": "Дрони-камікадзе", "date": "2022-10-23", "timestamp": 1666483200000}, "geometry": {"type": "Point", "coordinates": [32.271986, 46.887668]}}, {"type": "Feature", "properties": {"sheet_name": "Артилерія та РСЗВ", "date": "2022-10-1", "timestamp": 1664582400000}, "geometry": {"type": "Point", "coordinates": [32.674144, 47.098634]}}, {"type": "Feature", "properties": {"sheet_name": "Артилерія та РСЗВ", "date": "2022-10-1", "timestamp": 1664582400000}, "geometry": {"type": "Point", "coordinates": [31.544722, 46.619291]}}, {"type": "Feature", "properties": {"sheet_name": "Артилерія та РСЗВ", "date": "2022-10-2", "timestamp": 1664668800000}, "geometry": {"type": "Point", "coordinates": [32.196443, 46.86215]}}, {"type": "Feature", "properties": {"sheet_name": "Артилерія та РСЗВ", "date": "2022-10-1", "timestamp": 1664582400000}, "geometry": {"type": "Point", "coordinates": [32.846669, 47.307953]}}, {"type": "Feature", "properties": {"sheet_name": "Артилерія та РСЗВ", "date": "2022-10-1", "timestamp": 1664582400000}, "geometry": {"type": "Point", "coordinates": [32.825947, 47.222539]}}, {"type": "Feature", "properties": {"sheet_name": "Артилерія та РСЗВ", "date": "2022-10-1", "timestamp": 1664582400000}, "geometry": {"type": "Point", "coordinates": [32.821056, 47.261436]}}, {"type": "Feature", "properties": {"sheet_name": "Артилерія та РСЗВ", "date": "2022-10-1", "timestamp": 1664582400000}, "geometry": {"type": "Point", "coordinates": [32.829574, 47.198526]}}, {"type": "Feature", "properties": {"sheet_name": "Артилерія та РСЗВ", "date": "2022-10-2", "timestamp": 1664668800000}, "geometry": {"type": "Point", "coordinates": [32.446554, 47.168671]}}, {"type": "Feature", "properties": {"sheet_name": "Артилерія та РСЗВ", "date": "2022-10-1", "timestamp": 1664582400000}, "geometry": {"type": "Point", "coordinates": [32.674144, 47.098634]}}, {"type": "Feature", "properties": {"sheet_name": "Артилерія та РСЗВ", "date": "2022-10-2", "timestamp": 1664668800000}, "geometry": {"type": "Point", "coordinates": [32.438662, 47.04128]}}, {"type": "Feature", "properties": {"sheet_name": "Артилерія та РСЗВ", "date": "2022-10-3", "timestamp": 1664755200000}, "geometry": {"type": "Point", "coordinates": [31.565892, 46.606658]}}, {"type": "Feature", "properties": {"sheet_name": "Артилерія та РСЗВ", "date": "2022-10-2", "timestamp": 1664668800000}, "geometry": {"type": "Point", "coordinates": [32.829574, 47.198526]}}, {"type": "Feature", "properties": {"sheet_name": "Артилерія та РСЗВ", "date": "2022-10-2", "timestamp": 1664668800000}, "geometry": {"type": "Point", "coordinates": [32.846669, 47.307953]}}, {"type": "Feature", "properties": {"sheet_name": "Артилерія та РСЗВ", "date": "2022-10-3", "timestamp": 1664755200000}, "geometry": {"type": "Point", "coordinates": [32.674144, 47.098634]}}, {"type": "Feature", "properties": {"sheet_name": "Артилерія та РСЗВ", "date": "2022-10-3", "timestamp": 1664755200000}, "geometry": {"type": "Point", "coordinates": [31.565892, 46.606658]}}, {"type": "Feature", "properties": {"sheet_name": "Артилерія та РСЗВ", "date": "2022-10-2", "timestamp": 1664668800000}, "geometry": {"type": "Point", "coordinates": [32.829574, 47.198526]}}, {"type": "Feature", "properties": {"sheet_name": "Артилерія та РСЗВ", "date": "2022-10-4", "timestamp": 1664841600000}, "geometry": {"type": "Point", "coordinates": [32.846669, 47.307953]}}, {"type": "Feature", "properties": {"sheet_name": "Артилерія та РСЗВ", "date": "2022-10-3", "timestamp": 1664755200000}, "geometry": {"type": "Point", "coordinates": [32.446554, 47.168671]}}, {"type": "Feature", "properties": {"sheet_name": "Артилерія та РСЗВ", "date": "2022-10-4", "timestamp": 1664841600000}, "geometry": {"type": "Point", "coordinates": [32.446554, 47.168671]}}, {"type": "Feature", "properties": {"sheet_name": "Артилерія та РСЗВ", "date": "2022-10-3", "timestamp": 1664755200000}, "geometry": {"type": "Point", "coordinates": [32.674144, 47.098634]}}, {"type": "Feature", "properties": {"sheet_name": "Артилерія та РСЗВ", "date": "2022-10-4", "timestamp": 1664841600000}, "geometry": {"type": "Point", "coordinates": [32.674144, 47.098634]}}, {"type": "Feature", "properties": {"sheet_name": "Артилерія та РСЗВ", "date": "2022-10-4", "timestamp": 1664841600000}, "geometry": {"type": "Point", "coordinates": [31.544722, 46.619291]}}, {"type": "Feature", "properties": {"sheet_name": "Артилерія та РСЗВ", "date": "2022-10-4", "timestamp": 1664841600000}, "geometry": {"type": "Point", "coordinates": [33.048818, 47.331542]}}, {"type": "Feature", "properties": {"sheet_name": "Артилерія та РСЗВ", "date": "2022-10-4", "timestamp": 1664841600000}, "geometry": {"type": "Point", "coordinates": [33.021857, 47.246213]}}, {"type": "Feature", "properties": {"sheet_name": "Артилерія та РСЗВ", "date": "2022-10-4", "timestamp": 1664841600000}, "geometry": {"type": "Point", "coordinates": [32.846669, 47.307953]}}, {"type": "Feature", "properties": {"sheet_name": "Артилерія та РСЗВ", "date": "2022-10-5", "timestamp": 1664928000000}, "geometry": {"type": "Point", "coordinates": [32.674144, 47.098634]}}, {"type": "Feature", "properties": {"sheet_name": "Артилерія та РСЗВ", "date": "2022-10-5", "timestamp": 1664928000000}, "geometry": {"type": "Point", "coordinates": [32.829574, 47.198526]}}, {"type": "Feature", "properties": {"sheet_name": "Артилерія та РСЗВ", "date": "2022-10-5", "timestamp": 1664928000000}, "geometry": {"type": "Point", "coordinates": [32.621648, 47.123866]}}, {"type": "Feature", "properties": {"sheet_name": "Артилерія та РСЗВ", "date": "2022-10-6", "timestamp": 1665014400000}, "geometry": {"type": "Point", "coordinates": [32.271986, 46.887668]}}, {"type": "Feature", "properties": {"sheet_name": "Артилерія та РСЗВ", "date": "2022-10-6", "timestamp": 1665014400000}, "geometry": {"type": "Point", "coordinates": [32.435539, 46.985922]}}, {"type": "Feature", "properties": {"sheet_name": "Артилерія та РСЗВ", "date": "2022-10-6", "timestamp": 1665014400000}, "geometry": {"type": "Point", "coordinates": [32.829574, 47.198526]}}, {"type": "Feature", "properties": {"sheet_name": "Артилерія та РСЗВ", "date": "2022-10-6", "timestamp": 1665014400000}, "geometry": {"type": "Point", "coordinates": [32.621648, 47.123866]}}, {"type": "Feature", "properties": {"sheet_name": "Артилерія та РСЗВ", "date": "2022-10-7", "timestamp": 1665100800000}, "geometry": {"type": "Point", "coordinates": [31.565892, 46.606658]}}, {"type": "Feature", "properties": {"sheet_name": "Артилерія та РСЗВ", "date": "2022-10-7", "timestamp": 1665100800000}, "geometry": {"type": "Point", "coordinates": [32.829574, 47.198526]}}, {"type": "Feature", "properties": {"sheet_name": "Артилерія та РСЗВ", "date": "2022-10-7", "timestamp": 1665100800000}, "geometry": {"type": "Point", "coordinates": [32.621648, 47.123866]}}, {"type": "Feature", "properties": {"sheet_name": "Артилерія та РСЗВ", "date": "2022-10-8", "timestamp": 1665187200000}, "geometry": {"type": "Point", "coordinates": [32.621648, 47.123866]}}, {"type": "Feature", "properties": {"sheet_name": "Артилерія та РСЗВ", "date": "2022-10-7", "timestamp": 1665100800000}, "geometry": {"type": "Point", "coordinates": [31.954482, 46.80328]}}, {"type": "Feature", "properties": {"sheet_name": "Артилерія та РСЗВ", "date": "2022-10-8", "timestamp": 1665187200000}, "geometry": {"type": "Point", "coordinates": [32.51341, 47.3838]}}, {"type": "Feature", "properties": {"sheet_name": "Артилерія та РСЗВ", "date": "2022-10-8", "timestamp": 1665187200000}, "geometry": {"type": "Point", "coordinates": [32.621648, 47.123866]}}, {"type": "Feature", "properties": {"sheet_name": "Артилерія та РСЗВ", "date": "2022-10-9", "timestamp": 1665273600000}, "geometry": {"type": "Point", "coordinates": [32.621648, 47.123866]}}, {"type": "Feature", "properties": {"sheet_name": "Артилерія та РСЗВ", "date": "2022-10-9", "timestamp": 1665273600000}, "geometry": {"type": "Point", "coordinates": [32.829574, 47.198526]}}, {"type": "Feature", "properties": {"sheet_name": "Артилерія та РСЗВ", "date": "2022-10-9", "timestamp": 1665273600000}, "geometry": {"type": "Point", "coordinates": [31.634256, 46.659323]}}, {"type": "Feature", "properties": {"sheet_name": "Артилерія та РСЗВ", "date": "2022-10-9", "timestamp": 1665273600000}, "geometry": {"type": "Point", "coordinates": [32.829574, 47.198526]}}, {"type": "Feature", "properties": {"sheet_name": "Артилерія та РСЗВ", "date": "2022-10-10", "timestamp": 1665360000000}, "geometry": {"type": "Point", "coordinates": [31.634256, 46.659323]}}, {"type": "Feature", "properties": {"sheet_name": "Артилерія та РСЗВ", "date": "2022-10-10", "timestamp": 1665360000000}, "geometry": {"type": "Point", "coordinates": [32.621648, 47.123866]}}, {"type": "Feature", "properties": {"sheet_name": "Артилерія та РСЗВ", "date": "2022-10-11", "timestamp": 1665446400000}, "geometry": {"type": "Point", "coordinates": [32.621648, 47.123866]}}, {"type": "Feature", "properties": {"sheet_name": "Артилерія та РСЗВ", "date": "2022-10-12", "timestamp": 1665532800000}, "geometry": {"type": "Point", "coordinates": [32.011807, 46.959077]}}, {"type": "Feature", "properties": {"sheet_name": "Артилерія та РСЗВ", "date": "2022-10-11", "timestamp": 1665446400000}, "geometry": {"type": "Point", "coordinates": [32.435539, 46.985922]}}, {"type": "Feature", "properties": {"sheet_name": "Артилерія та РСЗВ", "date": "2022-10-12", "timestamp": 1665532800000}, "geometry": {"type": "Point", "coordinates": [31.634256, 46.659323]}}, {"type": "Feature", "properties": {"sheet_name": "Артилерія та РСЗВ", "date": "2022-10-12", "timestamp": 1665532800000}, "geometry": {"type": "Point", "coordinates": [32.621648, 47.123866]}}, {"type": "Feature", "properties": {"sheet_name": "Артилерія та РСЗВ", "date": "2022-10-13", "timestamp": 1665619200000}, "geometry": {"type": "Point", "coordinates": [32.621648, 47.123866]}}, {"type": "Feature", "properties": {"sheet_name": "Артилерія та РСЗВ", "date": "2022-10-12", "timestamp": 1665532800000}, "geometry": {"type": "Point", "coordinates": [32.829574, 47.198526]}}, {"type": "Feature", "properties": {"sheet_name": "Артилерія та РСЗВ", "date": "2022-10-13", "timestamp": 1665619200000}, "geometry": {"type": "Point", "coordinates": [32.621648, 47.123866]}}, {"type": "Feature", "properties": {"sheet_name": "Артилерія та РСЗВ", "date": "2022-10-13", "timestamp": 1665619200000}, "geometry": {"type": "Point", "coordinates": [32.225665, 47.19975]}}, {"type": "Feature", "properties": {"sheet_name": "Артилерія та РСЗВ", "date": "2022-10-14", "timestamp": 1665705600000}, "geometry": {"type": "Point", "coordinates": [32.829574, 47.198526]}}, {"type": "Feature", "properties": {"sheet_name": "Артилерія та РСЗВ", "date": "2022-10-13", "timestamp": 1665619200000}, "geometry": {"type": "Point", "coordinates": [32.225665, 47.19975]}}, {"type": "Feature", "properties": {"sheet_name": "Артилерія та РСЗВ", "date": "2022-10-14", "timestamp": 1665705600000}, "geometry": {"type": "Point", "coordinates": [32.829574, 47.198526]}}, {"type": "Feature", "properties": {"sheet_name": "Артилерія та РСЗВ", "date": "2022-10-15", "timestamp": 1665792000000}, "geometry": {"type": "Point", "coordinates": [31.565892, 46.606658]}}, {"type": "Feature", "properties": {"sheet_name": "Артилерія та РСЗВ", "date": "2022-10-15", "timestamp": 1665792000000}, "geometry": {"type": "Point", "coordinates": [32.179613, 47.022105]}}, {"type": "Feature", "properties": {"sheet_name": "Артилерія та РСЗВ", "date": "2022-10-15", "timestamp": 1665792000000}, "geometry": {"type": "Point", "coordinates": [32.225665, 47.19975]}}, {"type": "Feature", "properties": {"sheet_name": "Артилерія та РСЗВ", "date": "2022-10-15", "timestamp": 1665792000000}, "geometry": {"type": "Point", "coordinates": [32.621648, 47.123866]}}, {"type": "Feature", "properties": {"sheet_name": "Артилерія та РСЗВ", "date": "2022-10-15", "timestamp": 1665792000000}, "geometry": {"type": "Point", "coordinates": [32.829574, 47.198526]}}, {"type": "Feature", "properties": {"sheet_name": "Артилерія та РСЗВ", "date": "2022-10-16", "timestamp": 1665878400000}, "geometry": {"type": "Point", "coordinates": [32.435539, 46.985922]}}, {"type": "Feature", "properties": {"sheet_name": "Артилерія та РСЗВ", "date": "2022-10-17", "timestamp": 1665964800000}, "geometry": {"type": "Point", "coordinates": [32.829574, 47.198526]}}, {"type": "Feature", "properties": {"sheet_name": "Артилерія та РСЗВ", "date": "2022-10-16", "timestamp": 1665878400000}, "geometry": {"type": "Point", "coordinates": [32.621648, 47.123866]}}, {"type": "Feature", "properties": {"sheet_name": "Артилерія та РСЗВ", "date": "2022-10-18", "timestamp": 1666051200000}, "geometry": {"type": "Point", "coordinates": [31.634256, 46.659323]}}, {"type": "Feature", "properties": {"sheet_name": "Артилерія та РСЗВ", "date": "2022-10-17", "timestamp": 1665964800000}, "geometry": {"type": "Point", "coordinates": [32.829574, 47.198526]}}, {"type": "Feature", "properties": {"sheet_name": "Артилерія та РСЗВ", "date": "2022-10-17", "timestamp": 1665964800000}, "geometry": {"type": "Point", "coordinates": [32.621648, 47.123866]}}, {"type": "Feature", "properties": {"sheet_name": "Артилерія та РСЗВ", "date": "2022-10-18", "timestamp": 1666051200000}, "geometry": {"type": "Point", "coordinates": [32.621648, 47.123866]}}, {"type": "Feature", "properties": {"sheet_name": "Артилерія та РСЗВ", "date": "2022-10-18", "timestamp": 1666051200000}, "geometry": {"type": "Point", "coordinates": [32.829574, 47.198526]}}, {"type": "Feature", "properties": {"sheet_name": "Артилерія та РСЗВ", "date": "2022-10-19", "timestamp": 1666137600000}, "geometry": {"type": "Point", "coordinates": [32.829574, 47.198526]}}, {"type": "Feature", "properties": {"sheet_name": "Артилерія та РСЗВ", "date": "2022-10-18", "timestamp": 1666051200000}, "geometry": {"type": "Point", "coordinates": [32.621648, 47.123866]}}, {"type": "Feature", "properties": {"sheet_name": "Артилерія та РСЗВ", "date": "2022-10-20", "timestamp": 1666224000000}, "geometry": {"type": "Point", "coordinates": [31.544722, 46.619291]}}, {"type": "Feature", "properties": {"sheet_name": "Артилерія та РСЗВ", "date": "2022-10-19", "timestamp": 1666137600000}, "geometry": {"type": "Point", "coordinates": [32.829574, 47.198526]}}, {"type": "Feature", "properties": {"sheet_name": "Артилерія та РСЗВ", "date": "2022-10-19", "timestamp": 1666137600000}, "geometry": {"type": "Point", "coordinates": [32.621648, 47.123866]}}, {"type": "Feature", "properties": {"sheet_name": "Артилерія та РСЗВ", "date": "2022-10-20", "timestamp": 1666224000000}, "geometry": {"type": "Point", "coordinates": [32.084684, 47.006358]}}, {"type": "Feature", "properties": {"sheet_name": "Артилерія та РСЗВ", "date": "2022-10-20", "timestamp": 1666224000000}, "geometry": {"type": "Point", "coordinates": [32.829574, 47.198526]}}, {"type": "Feature", "properties": {"sheet_name": "Артилерія та РСЗВ", "date": "2022-10-21", "timestamp": 1666310400000}, "geometry": {"type": "Point", "coordinates": [31.634256, 46.659323]}}, {"type": "Feature", "properties": {"sheet_name": "Артилерія та РСЗВ", "date": "2022-10-20", "timestamp": 1666224000000}, "geometry": {"type": "Point", "coordinates": [32.621648, 47.123866]}}, {"type": "Feature", "properties": {"sheet_name": "Артилерія та РСЗВ", "date": "2022-10-21", "timestamp": 1666310400000}, "geometry": {"type": "Point", "coordinates": [31.954482, 46.80328]}}, {"type": "Feature", "properties": {"sheet_name": "Артилерія та РСЗВ", "date": "2022-10-22", "timestamp": 1666396800000}, "geometry": {"type": "Point", "coordinates": [31.954482, 46.80328]}}, {"type": "Feature", "properties": {"sheet_name": "Артилерія та РСЗВ", "date": "2022-10-21", "timestamp": 1666310400000}, "geometry": {"type": "Point", "coordinates": [31.634256, 46.659323]}}, {"type": "Feature", "properties": {"sheet_name": "Артилерія та РСЗВ", "date": "2022-10-21", "timestamp": 1666310400000}, "geometry": {"type": "Point", "coordinates": [32.435539, 46.985922]}}, {"type": "Feature", "properties": {"sheet_name": "Артилерія та РСЗВ", "date": "2022-10-21", "timestamp": 1666310400000}, "geometry": {"type": "Point", "coordinates": [32.829574, 47.198526]}}, {"type": "Feature", "properties": {"sheet_name": "Артилерія та РСЗВ", "date": "2022-10-21", "timestamp": 1666310400000}, "geometry": {"type": "Point", "coordinates": [32.225665, 47.19975]}}, {"type": "Feature", "properties": {"sheet_name": "Артилерія та РСЗВ", "date": "2022-10-21", "timestamp": 1666310400000}, "geometry": {"type": "Point", "coordinates": [32.621648, 47.123866]}}, {"type": "Feature", "properties": {"sheet_name": "Артилерія та РСЗВ", "date": "2022-10-22", "timestamp": 1666396800000}, "geometry": {"type": "Point", "coordinates": [32.829574, 47.198526]}}, {"type": "Feature", "properties": {"sheet_name": "Артилерія та РСЗВ", "date": "2022-10-22", "timestamp": 1666396800000}, "geometry": {"type": "Point", "coordinates": [32.621648, 47.123866]}}, {"type": "Feature", "properties": {"sheet_name": "Артилерія та РСЗВ", "date": "2022-10-23", "timestamp": 1666483200000}, "geometry": {"type": "Point", "coordinates": [31.565892, 46.606658]}}, {"type": "Feature", "properties": {"sheet_name": "Артилерія та РСЗВ", "date": "2022-10-24", "timestamp": 1666569600000}, "geometry": {"type": "Point", "coordinates": [32.271986, 46.887668]}}, {"type": "Feature", "properties": {"sheet_name": "Артилерія та РСЗВ", "date": "2022-10-24", "timestamp": 1666569600000}, "geometry": {"type": "Point", "coordinates": [32.51341, 47.3838]}}, {"type": "Feature", "properties": {"sheet_name": "Артилерія та РСЗВ", "date": "2022-10-23", "timestamp": 1666483200000}, "geometry": {"type": "Point", "coordinates": [32.829574, 47.198526]}}, {"type": "Feature", "properties": {"sheet_name": "Артилерія та РСЗВ", "date": "2022-10-23", "timestamp": 1666483200000}, "geometry": {"type": "Point", "coordinates": [32.621648, 47.123866]}}, {"type": "Feature", "properties": {"sheet_name": "Артилерія та РСЗВ", "date": "2022-10-24", "timestamp": 1666569600000}, "geometry": {"type": "Point", "coordinates": [32.225665, 47.19975]}}, {"type": "Feature", "properties": {"sheet_name": "Артилерія та РСЗВ", "date": "2022-10-24", "timestamp": 1666569600000}, "geometry": {"type": "Point", "coordinates": [31.565892, 46.606658]}}, {"type": "Feature", "properties": {"sheet_name": "Артилерія та РСЗВ", "date": "2022-10-24", "timestamp": 1666569600000}, "geometry": {"type": "Point", "coordinates": [32.829574, 47.198526]}}, {"type": "Feature", "properties": {"sheet_name": "Артилерія та РСЗВ", "date": "2022-10-24", "timestamp": 1666569600000}, "geometry": {"type": "Point", "coordinates": [32.621648, 47.123866]}}, {"type": "Feature", "properties": {"sheet_name": "Артилерія та РСЗВ", "date": "2022-10-25", "timestamp": 1666656000000}, "geometry": {"type": "Point", "coordinates": [32.435539, 46.985922]}}, {"type": "Feature", "properties": {"sheet_name": "Артилерія та РСЗВ", "date": "2022-10-25", "timestamp": 1666656000000}, "geometry": {"type": "Point", "coordinates": [32.829574, 47.198526]}}, {"type": "Feature", "properties": {"sheet_name": "Артилерія та РСЗВ", "date": "2022-10-26", "timestamp": 1666742400000}, "geometry": {"type": "Point", "coordinates": [32.621648, 47.123866]}}, {"type": "Feature", "properties": {"sheet_name": "Артилерія та РСЗВ", "date": "2022-10-26", "timestamp": 1666742400000}, "geometry": {"type": "Point", "coordinates": [32.271986, 46.887668]}}, {"type": "Feature", "properties": {"sheet_name": "Артилерія та РСЗВ", "date": "2022-10-26", "timestamp": 1666742400000}, "geometry": {"type": "Point", "coordinates": [32.829574, 47.198526]}}, {"type": "Feature", "properties": {"sheet_name": "Артилерія та РСЗВ", "date": "2022-10-27", "timestamp": 1666828800000}, "geometry": {"type": "Point", "coordinates": [32.621648, 47.123866]}}, {"type": "Feature", "properties": {"sheet_name": "Артилерія та РСЗВ", "date": "2022-10-27", "timestamp": 1666828800000}, "geometry": {"type": "Point", "coordinates": [32.225665, 47.19975]}}, {"type": "Feature", "properties": {"sheet_name": "Артилерія та РСЗВ", "date": "2022-10-27", "timestamp": 1666828800000}, "geometry": {"type": "Point", "coordinates": [32.829574, 47.198526]}}, {"type": "Feature", "properties": {"sheet_name": "Артилерія та РСЗВ", "date": "2022-10-28", "timestamp": 1666915200000}, "geometry": {"type": "Point", "coordinates": [31.954482, 46.80328]}}, {"type": "Feature", "properties": {"sheet_name": "Артилерія та РСЗВ", "date": "2022-10-28", "timestamp": 1666915200000}, "geometry": {"type": "Point", "coordinates": [31.565892, 46.606658]}}, {"type": "Feature", "properties": {"sheet_name": "Артилерія та РСЗВ", "date": "2022-10-28", "timestamp": 1666915200000}, "geometry": {"type": "Point", "coordinates": [32.829574, 47.198526]}}, {"type": "Feature", "properties": {"sheet_name": "Артилерія та РСЗВ", "date": "2022-10-28", "timestamp": 1666915200000}, "geometry": {"type": "Point", "coordinates": [32.621648, 47.123866]}}, {"type": "Feature", "properties": {"sheet_name": "Артилерія та РСЗВ", "date": "2022-10-29", "timestamp": 1667001600000}, "geometry": {"type": "Point", "coordinates": [32.084684, 47.006358]}}, {"type": "Feature", "properties": {"sheet_name": "Артилерія та РСЗВ", "date": "2022-10-29", "timestamp": 1667001600000}, "geometry": {"type": "Point", "coordinates": [31.954482, 46.80328]}}, {"type": "Feature", "properties": {"sheet_name": "Артилерія та РСЗВ", "date": "2022-10-29", "timestamp": 1667001600000}, "geometry": {"type": "Point", "coordinates": [31.565892, 46.606658]}}, {"type": "Feature", "properties": {"sheet_name": "Артилерія та РСЗВ", "date": "2022-10-30", "timestamp": 1667088000000}, "geometry": {"type": "Point", "coordinates": [31.533954, 46.6378]}}, {"type": "Feature", "properties": {"sheet_name": "Артилерія та РСЗВ", "date": "2022-10-29", "timestamp": 1667001600000}, "geometry": {"type": "Point", "coordinates": [32.271986, 46.887668]}}, {"type": "Feature", "properties": {"sheet_name": "Артилерія та РСЗВ", "date": "2022-10-30", "timestamp": 1667088000000}, "geometry": {"type": "Point", "coordinates": [32.271986, 46.887668]}}, {"type": "Feature", "properties": {"sheet_name": "Артилерія та РСЗВ", "date": "2022-10-29", "timestamp": 1667001600000}, "geometry": {"type": "Point", "coordinates": [32.829574, 47.198526]}}, {"type": "Feature", "properties": {"sheet_name": "Артилерія та РСЗВ", "date": "2022-10-30", "timestamp": 1667088000000}, "geometry": {"type": "Point", "coordinates": [32.829574, 47.198526]}}, {"type": "Feature", "properties": {"sheet_name": "Артилерія та РСЗВ", "date": "2022-10-29", "timestamp": 1667001600000}, "geometry": {"type": "Point", "coordinates": [32.621648, 47.123866]}}, {"type": "Feature", "properties": {"sheet_name": "Артилерія та РСЗВ", "date": "2022-10-30", "timestamp": 1667088000000}, "geometry": {"type": "Point", "coordinates": [32.621648, 47.123866]}}, {"type": "Feature", "properties": {"sheet_name": "Артилерія та РСЗВ", "date": "2022-10-30", "timestamp": 1667088000000}, "geometry": {"type": "Point", "coordinates": [31.634256, 46.659323]}}, {"type": "Feature", "properties": {"sheet_name": "Артилерія та РСЗВ", "date": "2022-10-30", "timestamp": 1667088000000}, "geometry": {"type": "Point", "coordinates": [31.533954, 46.6378]}}, {"type": "Feature", "properties": {"sheet_name": "Артилерія та РСЗВ", "date": "2022-10-31", "timestamp": 1667174400000}, "geometry": {"type": "Point", "coordinates": [31.634256, 46.659323]}}, {"type": "Feature", "properties": {"sheet_name": "Артилерія та РСЗВ", "date": "2022-10-30", "timestamp": 1667088000000}, "geometry": {"type": "Point", "coordinates": [32.225665, 47.19975]}}, {"type": "Feature", "properties": {"sheet_name": "Артилерія та РСЗВ", "date": "2022-10-30", "timestamp": 1667088000000}, "geometry": {"type": "Point", "coordinates": [32.621648, 47.123866]}}, {"type": "Feature", "properties": {"sheet_name": "Артилерія та РСЗВ", "date": "2022-10-31", "timestamp": 1667174400000}, "geometry": {"type": "Point", "coordinates": [32.621648, 47.123866]}}, {"type": "Feature", "properties": {"sheet_name": "Артилерія та РСЗВ", "date": "2022-10-31", "timestamp": 1667174400000}, "geometry": {"type": "Point", "coordinates": [31.634256, 46.659323]}}, {"type": "Feature", "properties": {"sheet_name": "Артилерія та РСЗВ", "date": "2022-10-31", "timestamp": 1667174400000}, "geometry": {"type": "Point", "coordinates": [32.435539, 46.985922]}}, {"type": "Feature", "properties": {"sheet_name": "Артилерія та РСЗВ", "date": "2022-10-31", "timestamp": 1667174400000}, "geometry": {"type": "Point", "coordinates": [32.829574, 47.198526]}}, {"type": "Feature", "properties": {"sheet_name": "Артилерія та РСЗВ", "date": "2022-10-31", "timestamp": 1667174400000}, "geometry": {"type": "Point", "coordinates": [32.621648, 47.123866]}}, {"type": "Feature", "properties": {"sheet_name": "Ракети", "date": "2022-9-1", "timestamp": 1661990400000}, "geometry": {"type": "Point", "coordinates": [31.777148, 47.130786]}}, {"type": "Feature", "properties": {"sheet_name": "Ракети", "date": "2022-9-3", "timestamp": 1662163200000}, "geometry": {"type": "Point", "coordinates": [32.011812, 46.959077]}}, {"type": "Feature", "properties": {"sheet_name": "Ракети", "date": "2022-9-4", "timestamp": 1662249600000}, "geometry": {"type": "Point", "coordinates": [32.011812, 46.959077]}}, {"type": "Feature", "properties": {"sheet_name": "Ракети", "date": "2022-9-3", "timestamp": 1662163200000}, "geometry": {"type": "Point", "coordinates": [32.821056, 47.261436]}}, {"type": "Feature", "properties": {"sheet_name": "Ракети", "date": "2022-9-3", "timestamp": 1662163200000}, "geometry": {"type": "Point", "coordinates": [31.332095, 47.569273]}}, {"type": "Feature", "properties": {"sheet_name": "Ракети", "date": "2022-9-4", "timestamp": 1662249600000}, "geometry": {"type": "Point", "coordinates": [31.332095, 47.569273]}}, {"type": "Feature", "properties": {"sheet_name": "Ракети", "date": "2022-9-5", "timestamp": 1662336000000}, "geometry": {"type": "Point", "coordinates": [32.011812, 46.959077]}}, {"type": "Feature", "properties": {"sheet_name": "Ракети", "date": "2022-9-9", "timestamp": 1662681600000}, "geometry": {"type": "Point", "coordinates": [31.516687, 47.685277]}}, {"type": "Feature", "properties": {"sheet_name": "Ракети", "date": "2022-9-11", "timestamp": 1662854400000}, "geometry": {"type": "Point", "coordinates": [31.332095, 47.569273]}}, {"type": "Feature", "properties": {"sheet_name": "Ракети", "date": "2022-9-14", "timestamp": 1663113600000}, "geometry": {"type": "Point", "coordinates": [32.011812, 46.959077]}}, {"type": "Feature", "properties": {"sheet_name": "Ракети", "date": "2022-9-15", "timestamp": 1663200000000}, "geometry": {"type": "Point", "coordinates": [31.511792, 46.652823]}}, {"type": "Feature", "properties": {"sheet_name": "Ракети", "date": "2022-9-17", "timestamp": 1663372800000}, "geometry": {"type": "Point", "coordinates": [32.011807, 46.959077]}}, {"type": "Feature", "properties": {"sheet_name": "Ракети", "date": "2022-9-19", "timestamp": 1663545600000}, "geometry": {"type": "Point", "coordinates": [31.78764, 47.305562]}}, {"type": "Feature", "properties": {"sheet_name": "Ракети", "date": "2022-9-19", "timestamp": 1663545600000}, "geometry": {"type": "Point", "coordinates": [31.170906, 47.824725]}}, {"type": "Feature", "properties": {"sheet_name": "Ракети", "date": "2022-9-22", "timestamp": 1663804800000}, "geometry": {"type": "Point", "coordinates": [32.011807, 46.959077]}}, {"type": "Feature", "properties": {"sheet_name": "Ракети", "date": "2022-9-22", "timestamp": 1663804800000}, "geometry": {"type": "Point", "coordinates": [32.179163, 47.049012]}}, {"type": "Feature", "properties": {"sheet_name": "Ракети", "date": "2022-9-23", "timestamp": 1663891200000}, "geometry": {"type": "Point", "coordinates": [32.011807, 46.959077]}}, {"type": "Feature", "properties": {"sheet_name": "Ракети", "date": "2022-9-23", "timestamp": 1663891200000}, "geometry": {"type": "Point", "coordinates": [31.634256, 46.659323]}}, {"type": "Feature", "properties": {"sheet_name": "Ракети", "date": "2022-9-23", "timestamp": 1663891200000}, "geometry": {"type": "Point", "coordinates": [32.179163, 47.049012]}}, {"type": "Feature", "properties": {"sheet_name": "Ракети", "date": "2022-9-25", "timestamp": 1664064000000}, "geometry": {"type": "Point", "coordinates": [32.011807, 46.959077]}}, {"type": "Feature", "properties": {"sheet_name": "Ракети", "date": "2022-9-27", "timestamp": 1664236800000}, "geometry": {"type": "Point", "coordinates": [31.892919, 46.97526]}}, {"type": "Feature", "properties": {"sheet_name": "Ракети", "date": "2022-9-28", "timestamp": 1664323200000}, "geometry": {"type": "Point", "coordinates": [32.011807, 46.959077]}}, {"type": "Feature", "properties": {"sheet_name": "Ракети", "date": "2022-9-30", "timestamp": 1664496000000}, "geometry": {"type": "Point", "coordinates": [32.011807, 46.959077]}}, {"type": "Feature", "properties": {"sheet_name": "Ракети", "date": "2022-9-30", "timestamp": 1664496000000}, "geometry": {"type": "Point", "coordinates": [32.127128, 46.97565]}}, {"type": "Feature", "properties": {"sheet_name": "Ракети", "date": "2022-9-30", "timestamp": 1664496000000}, "geometry": {"type": "Point", "coordinates": [32.438662, 47.04128]}}, {"type": "Feature", "properties": {"sheet_name": "Касетні боєприпаси", "date": "2022-9-27", "timestamp": 1664236800000}, "geometry": {"type": "Point", "coordinates": [31.896191, 46.706472]}}, {"type": "Feature", "properties": {"sheet_name": "Касетні боєприпаси", "date": "2022-9-29", "timestamp": 1664409600000}, "geometry": {"type": "Point", "coordinates": [32.011807, 46.959077]}}, {"type": "Feature", "properties": {"sheet_name": "Дрони-камікадзе", "date": "2022-9-20", "timestamp": 1663632000000}, "geometry": {"type": "Point", "coordinates": [31.544722, 46.619291]}}, {"type": "Feature", "properties": {"sheet_name": "Дрони-камікадзе", "date": "2022-9-29", "timestamp": 1664409600000}, "geometry": {"type": "Point", "coordinates": [32.011807, 46.959077]}}, {"type": "Feature", "properties": {"sheet_name": "Дрони-камікадзе", "date": "2022-9-29", "timestamp": 1664409600000}, "geometry": {"type": "Point", "coordinates": [31.788057, 47.161138]}}, {"type": "Feature", "properties": {"sheet_name": "Артилерія та РСЗВ", "date": "2022-9-1", "timestamp": 1661990400000}, "geometry": {"type": "Point", "coordinates": [32.663701, 47.14444]}}, {"type": "Feature", "properties": {"sheet_name": "Артилерія та РСЗВ", "date": "2022-9-1", "timestamp": 1661990400000}, "geometry": {"type": "Point", "coordinates": [32.011812, 46.959077]}}, {"type": "Feature", "properties": {"sheet_name": "Артилерія та РСЗВ", "date": "2022-9-1", "timestamp": 1661990400000}, "geometry": {"type": "Point", "coordinates": [32.874432, 47.187785]}}, {"type": "Feature", "properties": {"sheet_name": "Артилерія та РСЗВ", "date": "2022-9-1", "timestamp": 1661990400000}, "geometry": {"type": "Point", "coordinates": [32.384354, 46.860028]}}, {"type": "Feature", "properties": {"sheet_name": "Артилерія та РСЗВ", "date": "2022-9-1", "timestamp": 1661990400000}, "geometry": {"type": "Point", "coordinates": [32.474724, 46.904678]}}, {"type": "Feature", "properties": {"sheet_name": "Артилерія та РСЗВ", "date": "2022-9-1", "timestamp": 1661990400000}, "geometry": {"type": "Point", "coordinates": [32.470676, 46.923268]}}, {"type": "Feature", "properties": {"sheet_name": "Артилерія та РСЗВ", "date": "2022-9-1", "timestamp": 1661990400000}, "geometry": {"type": "Point", "coordinates": [32.244413, 46.942145]}}, {"type": "Feature", "properties": {"sheet_name": "Артилерія та РСЗВ", "date": "2022-9-1", "timestamp": 1661990400000}, "geometry": {"type": "Point", "coordinates": [32.359167, 46.966356]}}, {"type": "Feature", "properties": {"sheet_name": "Артилерія та РСЗВ", "date": "2022-9-1", "timestamp": 1661990400000}, "geometry": {"type": "Point", "coordinates": [32.315543, 46.987659]}}, {"type": "Feature", "properties": {"sheet_name": "Артилерія та РСЗВ", "date": "2022-9-1", "timestamp": 1661990400000}, "geometry": {"type": "Point", "coordinates": [32.846669, 47.307953]}}, {"type": "Feature", "properties": {"sheet_name": "Артилерія та РСЗВ", "date": "2022-9-1", "timestamp": 1661990400000}, "geometry": {"type": "Point", "coordinates": [32.821056, 47.261436]}}, {"type": "Feature", "properties": {"sheet_name": "Артилерія та РСЗВ", "date": "2022-9-1", "timestamp": 1661990400000}, "geometry": {"type": "Point", "coordinates": [33.071037, 47.286823]}}, {"type": "Feature", "properties": {"sheet_name": "Артилерія та РСЗВ", "date": "2022-9-1", "timestamp": 1661990400000}, "geometry": {"type": "Point", "coordinates": [32.674144, 47.098634]}}, {"type": "Feature", "properties": {"sheet_name": "Артилерія та РСЗВ", "date": "2022-9-2", "timestamp": 1662076800000}, "geometry": {"type": "Point", "coordinates": [32.435539, 46.985922]}}, {"type": "Feature", "properties": {"sheet_name": "Артилерія та РСЗВ", "date": "2022-9-2", "timestamp": 1662076800000}, "geometry": {"type": "Point", "coordinates": [32.438662, 47.04128]}}, {"type": "Feature", "properties": {"sheet_name": "Артилерія та РСЗВ", "date": "2022-9-2", "timestamp": 1662076800000}, "geometry": {"type": "Point", "coordinates": [32.359167, 46.966356]}}, {"type": "Feature", "properties": {"sheet_name": "Артилерія та РСЗВ", "date": "2022-9-2", "timestamp": 1662076800000}, "geometry": {"type": "Point", "coordinates": [32.315543, 46.987659]}}, {"type": "Feature", "properties": {"sheet_name": "Артилерія та РСЗВ", "date": "2022-9-2", "timestamp": 1662076800000}, "geometry": {"type": "Point", "coordinates": [32.567404, 47.168237]}}, {"type": "Feature", "properties": {"sheet_name": "Артилерія та РСЗВ", "date": "2022-9-2", "timestamp": 1662076800000}, "geometry": {"type": "Point", "coordinates": [32.846669, 47.307953]}}, {"type": "Feature", "properties": {"sheet_name": "Артилерія та РСЗВ", "date": "2022-9-2", "timestamp": 1662076800000}, "geometry": {"type": "Point", "coordinates": [32.874432, 47.187785]}}, {"type": "Feature", "properties": {"sheet_name": "Артилерія та РСЗВ", "date": "2022-9-2", "timestamp": 1662076800000}, "geometry": {"type": "Point", "coordinates": [33.151254, 47.237363]}}, {"type": "Feature", "properties": {"sheet_name": "Артилерія та РСЗВ", "date": "2022-9-2", "timestamp": 1662076800000}, "geometry": {"type": "Point", "coordinates": [33.063256, 47.220375]}}, {"type": "Feature", "properties": {"sheet_name": "Артилерія та РСЗВ", "date": "2022-9-3", "timestamp": 1662163200000}, "geometry": {"type": "Point", "coordinates": [32.438662, 47.04128]}}, {"type": "Feature", "properties": {"sheet_name": "Артилерія та РСЗВ", "date": "2022-9-4", "timestamp": 1662249600000}, "geometry": {"type": "Point", "coordinates": [31.544722, 46.619291]}}, {"type": "Feature", "properties": {"sheet_name": "Артилерія та РСЗВ", "date": "2022-9-3", "timestamp": 1662163200000}, "geometry": {"type": "Point", "coordinates": [32.446554, 47.168671]}}, {"type": "Feature", "properties": {"sheet_name": "Артилерія та РСЗВ", "date": "2022-9-4", "timestamp": 1662249600000}, "geometry": {"type": "Point", "coordinates": [32.435539, 46.985922]}}, {"type": "Feature", "properties": {"sheet_name": "Артилерія та РСЗВ", "date": "2022-9-4", "timestamp": 1662249600000}, "geometry": {"type": "Point", "coordinates": [32.427847, 47.023995]}}, {"type": "Feature", "properties": {"sheet_name": "Артилерія та РСЗВ", "date": "2022-9-4", "timestamp": 1662249600000}, "geometry": {"type": "Point", "coordinates": [32.846669, 47.307953]}}, {"type": "Feature", "properties": {"sheet_name": "Артилерія та РСЗВ", "date": "2022-9-4", "timestamp": 1662249600000}, "geometry": {"type": "Point", "coordinates": [32.874432, 47.187785]}}, {"type": "Feature", "properties": {"sheet_name": "Артилерія та РСЗВ", "date": "2022-9-4", "timestamp": 1662249600000}, "geometry": {"type": "Point", "coordinates": [33.063256, 47.220375]}}, {"type": "Feature", "properties": {"sheet_name": "Артилерія та РСЗВ", "date": "2022-9-5", "timestamp": 1662336000000}, "geometry": {"type": "Point", "coordinates": [32.446554, 47.168671]}}, {"type": "Feature", "properties": {"sheet_name": "Артилерія та РСЗВ", "date": "2022-9-5", "timestamp": 1662336000000}, "geometry": {"type": "Point", "coordinates": [32.674144, 47.098634]}}, {"type": "Feature", "properties": {"sheet_name": "Артилерія та РСЗВ", "date": "2022-9-6", "timestamp": 1662422400000}, "geometry": {"type": "Point", "coordinates": [32.6054, 47.26453]}}, {"type": "Feature", "properties": {"sheet_name": "Артилерія та РСЗВ", "date": "2022-9-5", "timestamp": 1662336000000}, "geometry": {"type": "Point", "coordinates": [32.829574, 47.198526]}}, {"type": "Feature", "properties": {"sheet_name": "Артилерія та РСЗВ", "date": "2022-9-6", "timestamp": 1662422400000}, "geometry": {"type": "Point", "coordinates": [31.622208, 46.6531]}}, {"type": "Feature", "properties": {"sheet_name": "Артилерія та РСЗВ", "date": "2022-9-6", "timestamp": 1662422400000}, "geometry": {"type": "Point", "coordinates": [31.816525, 46.642667]}}, {"type": "Feature", "properties": {"sheet_name": "Артилерія та РСЗВ", "date": "2022-9-6", "timestamp": 1662422400000}, "geometry": {"type": "Point", "coordinates": [32.829574, 47.198526]}}, {"type": "Feature", "properties": {"sheet_name": "Артилерія та РСЗВ", "date": "2022-9-6", "timestamp": 1662422400000}, "geometry": {"type": "Point", "coordinates": [32.621648, 47.123866]}}, {"type": "Feature", "properties": {"sheet_name": "Артилерія та РСЗВ", "date": "2022-9-7", "timestamp": 1662508800000}, "geometry": {"type": "Point", "coordinates": [31.565892, 46.606658]}}, {"type": "Feature", "properties": {"sheet_name": "Артилерія та РСЗВ", "date": "2022-9-7", "timestamp": 1662508800000}, "geometry": {"type": "Point", "coordinates": [31.668877, 46.652627]}}, {"type": "Feature", "properties": {"sheet_name": "Артилерія та РСЗВ", "date": "2022-9-7", "timestamp": 1662508800000}, "geometry": {"type": "Point", "coordinates": [32.427847, 47.023995]}}, {"type": "Feature", "properties": {"sheet_name": "Артилерія та РСЗВ", "date": "2022-9-7", "timestamp": 1662508800000}, "geometry": {"type": "Point", "coordinates": [32.315543, 46.987659]}}, {"type": "Feature", "properties": {"sheet_name": "Артилерія та РСЗВ", "date": "2022-9-7", "timestamp": 1662508800000}, "geometry": {"type": "Point", "coordinates": [32.438662, 47.04128]}}, {"type": "Feature", "properties": {"sheet_name": "Артилерія та РСЗВ", "date": "2022-9-7", "timestamp": 1662508800000}, "geometry": {"type": "Point", "coordinates": [32.674144, 47.098634]}}, {"type": "Feature", "properties": {"sheet_name": "Артилерія та РСЗВ", "date": "2022-9-7", "timestamp": 1662508800000}, "geometry": {"type": "Point", "coordinates": [32.846669, 47.307953]}}, {"type": "Feature", "properties": {"sheet_name": "Артилерія та РСЗВ", "date": "2022-9-7", "timestamp": 1662508800000}, "geometry": {"type": "Point", "coordinates": [32.821056, 47.261436]}}, {"type": "Feature", "properties": {"sheet_name": "Артилерія та РСЗВ", "date": "2022-9-7", "timestamp": 1662508800000}, "geometry": {"type": "Point", "coordinates": [32.837025, 47.27598]}}, {"type": "Feature", "properties": {"sheet_name": "Артилерія та РСЗВ", "date": "2022-9-7", "timestamp": 1662508800000}, "geometry": {"type": "Point", "coordinates": [32.98571, 47.312209]}}, {"type": "Feature", "properties": {"sheet_name": "Артилерія та РСЗВ", "date": "2022-9-8", "timestamp": 1662595200000}, "geometry": {"type": "Point", "coordinates": [32.384354, 46.860028]}}, {"type": "Feature", "properties": {"sheet_name": "Артилерія та РСЗВ", "date": "2022-9-8", "timestamp": 1662595200000}, "geometry": {"type": "Point", "coordinates": [32.309469, 46.813882]}}, {"type": "Feature", "properties": {"sheet_name": "Артилерія та РСЗВ", "date": "2022-9-9", "timestamp": 1662681600000}, "geometry": {"type": "Point", "coordinates": [32.874432, 47.187785]}}, {"type": "Feature", "properties": {"sheet_name": "Артилерія та РСЗВ", "date": "2022-9-9", "timestamp": 1662681600000}, "geometry": {"type": "Point", "coordinates": [32.288157, 46.896352]}}, {"type": "Feature", "properties": {"sheet_name": "Артилерія та РСЗВ", "date": "2022-9-9", "timestamp": 1662681600000}, "geometry": {"type": "Point", "coordinates": [32.227655, 46.885644]}}, {"type": "Feature", "properties": {"sheet_name": "Артилерія та РСЗВ", "date": "2022-9-8", "timestamp": 1662595200000}, "geometry": {"type": "Point", "coordinates": [32.674144, 47.098634]}}, {"type": "Feature", "properties": {"sheet_name": "Артилерія та РСЗВ", "date": "2022-9-9", "timestamp": 1662681600000}, "geometry": {"type": "Point", "coordinates": [32.674144, 47.098634]}}, {"type": "Feature", "properties": {"sheet_name": "Артилерія та РСЗВ", "date": "2022-9-8", "timestamp": 1662595200000}, "geometry": {"type": "Point", "coordinates": [32.512803, 47.224347]}}, {"type": "Feature", "properties": {"sheet_name": "Артилерія та РСЗВ", "date": "2022-9-8", "timestamp": 1662595200000}, "geometry": {"type": "Point", "coordinates": [32.225665, 47.19975]}}, {"type": "Feature", "properties": {"sheet_name": "Артилерія та РСЗВ", "date": "2022-9-8", "timestamp": 1662595200000}, "geometry": {"type": "Point", "coordinates": [32.846669, 47.307953]}}, {"type": "Feature", "properties": {"sheet_name": "Артилерія та РСЗВ", "date": "2022-9-8", "timestamp": 1662595200000}, "geometry": {"type": "Point", "coordinates": [32.6054, 47.26453]}}, {"type": "Feature", "properties": {"sheet_name": "Артилерія та РСЗВ", "date": "2022-9-10", "timestamp": 1662768000000}, "geometry": {"type": "Point", "coordinates": [32.011812, 46.959077]}}, {"type": "Feature", "properties": {"sheet_name": "Артилерія та РСЗВ", "date": "2022-9-9", "timestamp": 1662681600000}, "geometry": {"type": "Point", "coordinates": [32.427847, 47.023995]}}, {"type": "Feature", "properties": {"sheet_name": "Артилерія та РСЗВ", "date": "2022-9-9", "timestamp": 1662681600000}, "geometry": {"type": "Point", "coordinates": [32.438662, 47.04128]}}, {"type": "Feature", "properties": {"sheet_name": "Артилерія та РСЗВ", "date": "2022-9-9", "timestamp": 1662681600000}, "geometry": {"type": "Point", "coordinates": [32.119618, 46.926862]}}, {"type": "Feature", "properties": {"sheet_name": "Артилерія та РСЗВ", "date": "2022-9-9", "timestamp": 1662681600000}, "geometry": {"type": "Point", "coordinates": [32.663701, 47.14444]}}, {"type": "Feature", "properties": {"sheet_name": "Артилерія та РСЗВ", "date": "2022-9-9", "timestamp": 1662681600000}, "geometry": {"type": "Point", "coordinates": [32.674144, 47.098634]}}, {"type": "Feature", "properties": {"sheet_name": "Артилерія та РСЗВ", "date": "2022-9-9", "timestamp": 1662681600000}, "geometry": {"type": "Point", "coordinates": [32.94025, 47.364476]}}, {"type": "Feature", "properties": {"sheet_name": "Артилерія та РСЗВ", "date": "2022-9-11", "timestamp": 1662854400000}, "geometry": {"type": "Point", "coordinates": [32.011812, 46.959077]}}, {"type": "Feature", "properties": {"sheet_name": "Артилерія та РСЗВ", "date": "2022-9-10", "timestamp": 1662768000000}, "geometry": {"type": "Point", "coordinates": [32.427847, 47.023995]}}, {"type": "Feature", "properties": {"sheet_name": "Артилерія та РСЗВ", "date": "2022-9-10", "timestamp": 1662768000000}, "geometry": {"type": "Point", "coordinates": [32.438662, 47.04128]}}, {"type": "Feature", "properties": {"sheet_name": "Артилерія та РСЗВ", "date": "2022-9-10", "timestamp": 1662768000000}, "geometry": {"type": "Point", "coordinates": [31.565892, 46.606658]}}, {"type": "Feature", "properties": {"sheet_name": "Артилерія та РСЗВ", "date": "2022-9-11", "timestamp": 1662854400000}, "geometry": {"type": "Point", "coordinates": [31.565892, 46.606658]}}, {"type": "Feature", "properties": {"sheet_name": "Артилерія та РСЗВ", "date": "2022-9-10", "timestamp": 1662768000000}, "geometry": {"type": "Point", "coordinates": [32.448873, 47.090263]}}, {"type": "Feature", "properties": {"sheet_name": "Артилерія та РСЗВ", "date": "2022-9-10", "timestamp": 1662768000000}, "geometry": {"type": "Point", "coordinates": [32.663701, 47.14444]}}, {"type": "Feature", "properties": {"sheet_name": "Артилерія та РСЗВ", "date": "2022-9-10", "timestamp": 1662768000000}, "geometry": {"type": "Point", "coordinates": [32.674144, 47.098634]}}, {"type": "Feature", "properties": {"sheet_name": "Артилерія та РСЗВ", "date": "2022-9-11", "timestamp": 1662854400000}, "geometry": {"type": "Point", "coordinates": [32.674144, 47.098634]}}, {"type": "Feature", "properties": {"sheet_name": "Артилерія та РСЗВ", "date": "2022-9-11", "timestamp": 1662854400000}, "geometry": {"type": "Point", "coordinates": [32.846669, 47.307953]}}, {"type": "Feature", "properties": {"sheet_name": "Артилерія та РСЗВ", "date": "2022-9-11", "timestamp": 1662854400000}, "geometry": {"type": "Point", "coordinates": [32.846669, 47.307953]}}, {"type": "Feature", "properties": {"sheet_name": "Артилерія та РСЗВ", "date": "2022-9-11", "timestamp": 1662854400000}, "geometry": {"type": "Point", "coordinates": [32.92286, 47.316447]}}, {"type": "Feature", "properties": {"sheet_name": "Артилерія та РСЗВ", "date": "2022-9-11", "timestamp": 1662854400000}, "geometry": {"type": "Point", "coordinates": [32.674144, 47.098634]}}, {"type": "Feature", "properties": {"sheet_name": "Артилерія та РСЗВ", "date": "2022-9-12", "timestamp": 1662940800000}, "geometry": {"type": "Point", "coordinates": [32.674144, 47.098634]}}, {"type": "Feature", "properties": {"sheet_name": "Артилерія та РСЗВ", "date": "2022-9-12", "timestamp": 1662940800000}, "geometry": {"type": "Point", "coordinates": [32.446554, 47.168671]}}, {"type": "Feature", "properties": {"sheet_name": "Артилерія та РСЗВ", "date": "2022-9-12", "timestamp": 1662940800000}, "geometry": {"type": "Point", "coordinates": [32.438662, 47.04128]}}, {"type": "Feature", "properties": {"sheet_name": "Артилерія та РСЗВ", "date": "2022-9-12", "timestamp": 1662940800000}, "geometry": {"type": "Point", "coordinates": [32.438662, 47.04128]}}, {"type": "Feature", "properties": {"sheet_name": "Артилерія та РСЗВ", "date": "2022-9-12", "timestamp": 1662940800000}, "geometry": {"type": "Point", "coordinates": [32.674144, 47.098634]}}, {"type": "Feature", "properties": {"sheet_name": "Артилерія та РСЗВ", "date": "2022-9-12", "timestamp": 1662940800000}, "geometry": {"type": "Point", "coordinates": [32.674144, 47.098634]}}, {"type": "Feature", "properties": {"sheet_name": "Артилерія та РСЗВ", "date": "2022-9-12", "timestamp": 1662940800000}, "geometry": {"type": "Point", "coordinates": [32.846669, 47.307953]}}, {"type": "Feature", "properties": {"sheet_name": "Артилерія та РСЗВ", "date": "2022-9-12", "timestamp": 1662940800000}, "geometry": {"type": "Point", "coordinates": [32.829574, 47.198526]}}, {"type": "Feature", "properties": {"sheet_name": "Артилерія та РСЗВ", "date": "2022-9-13", "timestamp": 1663027200000}, "geometry": {"type": "Point", "coordinates": [32.98571, 47.312209]}}, {"type": "Feature", "properties": {"sheet_name": "Артилерія та РСЗВ", "date": "2022-9-13", "timestamp": 1663027200000}, "geometry": {"type": "Point", "coordinates": [32.846669, 47.307953]}}, {"type": "Feature", "properties": {"sheet_name": "Артилерія та РСЗВ", "date": "2022-9-13", "timestamp": 1663027200000}, "geometry": {"type": "Point", "coordinates": [32.846669, 47.307953]}}, {"type": "Feature", "properties": {"sheet_name": "Артилерія та РСЗВ", "date": "2022-9-13", "timestamp": 1663027200000}, "geometry": {"type": "Point", "coordinates": [32.663701, 47.14444]}}, {"type": "Feature", "properties": {"sheet_name": "Артилерія та РСЗВ", "date": "2022-9-13", "timestamp": 1663027200000}, "geometry": {"type": "Point", "coordinates": [32.679529, 47.167679]}}, {"type": "Feature", "properties": {"sheet_name": "Артилерія та РСЗВ", "date": "2022-9-13", "timestamp": 1663027200000}, "geometry": {"type": "Point", "coordinates": [32.674144, 47.098634]}}, {"type": "Feature", "properties": {"sheet_name": "Артилерія та РСЗВ", "date": "2022-9-14", "timestamp": 1663113600000}, "geometry": {"type": "Point", "coordinates": [32.674144, 47.098634]}}, {"type": "Feature", "properties": {"sheet_name": "Артилерія та РСЗВ", "date": "2022-9-15", "timestamp": 1663200000000}, "geometry": {"type": "Point", "coordinates": [32.011812, 46.959077]}}, {"type": "Feature", "properties": {"sheet_name": "Артилерія та РСЗВ", "date": "2022-9-14", "timestamp": 1663113600000}, "geometry": {"type": "Point", "coordinates": [32.179163, 47.049012]}}, {"type": "Feature", "properties": {"sheet_name": "Артилерія та РСЗВ", "date": "2022-9-15", "timestamp": 1663200000000}, "geometry": {"type": "Point", "coordinates": [31.816525, 46.642667]}}, {"type": "Feature", "properties": {"sheet_name": "Артилерія та РСЗВ", "date": "2022-9-15", "timestamp": 1663200000000}, "geometry": {"type": "Point", "coordinates": [31.668877, 46.652627]}}, {"type": "Feature", "properties": {"sheet_name": "Артилерія та РСЗВ", "date": "2022-9-15", "timestamp": 1663200000000}, "geometry": {"type": "Point", "coordinates": [31.694257, 46.644912]}}, {"type": "Feature", "properties": {"sheet_name": "Артилерія та РСЗВ", "date": "2022-9-15", "timestamp": 1663200000000}, "geometry": {"type": "Point", "coordinates": [31.622208, 46.6531]}}, {"type": "Feature", "properties": {"sheet_name": "Артилерія та РСЗВ", "date": "2022-9-15", "timestamp": 1663200000000}, "geometry": {"type": "Point", "coordinates": [32.196443, 46.86215]}}, {"type": "Feature", "properties": {"sheet_name": "Артилерія та РСЗВ", "date": "2022-9-15", "timestamp": 1663200000000}, "geometry": {"type": "Point", "coordinates": [32.112717, 46.995222]}}, {"type": "Feature", "properties": {"sheet_name": "Артилерія та РСЗВ", "date": "2022-9-15", "timestamp": 1663200000000}, "geometry": {"type": "Point", "coordinates": [31.544722, 46.619291]}}, {"type": "Feature", "properties": {"sheet_name": "Артилерія та РСЗВ", "date": "2022-9-14", "timestamp": 1663113600000}, "geometry": {"type": "Point", "coordinates": [32.846669, 47.307953]}}, {"type": "Feature", "properties": {"sheet_name": "Артилерія та РСЗВ", "date": "2022-9-14", "timestamp": 1663113600000}, "geometry": {"type": "Point", "coordinates": [32.98571, 47.312209]}}, {"type": "Feature", "properties": {"sheet_name": "Артилерія та РСЗВ", "date": "2022-9-14", "timestamp": 1663113600000}, "geometry": {"type": "Point", "coordinates": [32.846669, 47.307953]}}, {"type": "Feature", "properties": {"sheet_name": "Артилерія та РСЗВ", "date": "2022-9-14", "timestamp": 1663113600000}, "geometry": {"type": "Point", "coordinates": [33.021857, 47.246213]}}, {"type": "Feature", "properties": {"sheet_name": "Артилерія та РСЗВ", "date": "2022-9-15", "timestamp": 1663200000000}, "geometry": {"type": "Point", "coordinates": [32.446554, 47.168671]}}, {"type": "Feature", "properties": {"sheet_name": "Артилерія та РСЗВ", "date": "2022-9-14", "timestamp": 1663113600000}, "geometry": {"type": "Point", "coordinates": [32.674144, 47.098634]}}, {"type": "Feature", "properties": {"sheet_name": "Артилерія та РСЗВ", "date": "2022-9-14", "timestamp": 1663113600000}, "geometry": {"type": "Point", "coordinates": [32.663701, 47.14444]}}, {"type": "Feature", "properties": {"sheet_name": "Артилерія та РСЗВ", "date": "2022-9-14", "timestamp": 1663113600000}, "geometry": {"type": "Point", "coordinates": [32.674144, 47.098634]}}, {"type": "Feature", "properties": {"sheet_name": "Артилерія та РСЗВ", "date": "2022-9-15", "timestamp": 1663200000000}, "geometry": {"type": "Point", "coordinates": [33.021857, 47.246213]}}, {"type": "Feature", "properties": {"sheet_name": "Артилерія та РСЗВ", "date": "2022-9-15", "timestamp": 1663200000000}, "geometry": {"type": "Point", "coordinates": [32.98571, 47.312209]}}, {"type": "Feature", "properties": {"sheet_name": "Артилерія та РСЗВ", "date": "2022-9-15", "timestamp": 1663200000000}, "geometry": {"type": "Point", "coordinates": [32.846669, 47.307953]}}, {"type": "Feature", "properties": {"sheet_name": "Артилерія та РСЗВ", "date": "2022-9-15", "timestamp": 1663200000000}, "geometry": {"type": "Point", "coordinates": [32.846669, 47.307953]}}, {"type": "Feature", "properties": {"sheet_name": "Артилерія та РСЗВ", "date": "2022-9-15", "timestamp": 1663200000000}, "geometry": {"type": "Point", "coordinates": [32.663701, 47.14444]}}, {"type": "Feature", "properties": {"sheet_name": "Артилерія та РСЗВ", "date": "2022-9-15", "timestamp": 1663200000000}, "geometry": {"type": "Point", "coordinates": [32.674144, 47.098634]}}, {"type": "Feature", "properties": {"sheet_name": "Артилерія та РСЗВ", "date": "2022-9-15", "timestamp": 1663200000000}, "geometry": {"type": "Point", "coordinates": [32.446554, 47.168671]}}, {"type": "Feature", "properties": {"sheet_name": "Артилерія та РСЗВ", "date": "2022-9-16", "timestamp": 1663286400000}, "geometry": {"type": "Point", "coordinates": [31.544722, 46.619291]}}, {"type": "Feature", "properties": {"sheet_name": "Артилерія та РСЗВ", "date": "2022-9-17", "timestamp": 1663372800000}, "geometry": {"type": "Point", "coordinates": [31.544722, 46.619291]}}, {"type": "Feature", "properties": {"sheet_name": "Артилерія та РСЗВ", "date": "2022-9-17", "timestamp": 1663372800000}, "geometry": {"type": "Point", "coordinates": [31.738128, 46.632603]}}, {"type": "Feature", "properties": {"sheet_name": "Артилерія та РСЗВ", "date": "2022-9-16", "timestamp": 1663286400000}, "geometry": {"type": "Point", "coordinates": [33.021857, 47.246213]}}, {"type": "Feature", "properties": {"sheet_name": "Артилерія та РСЗВ", "date": "2022-9-16", "timestamp": 1663286400000}, "geometry": {"type": "Point", "coordinates": [32.846669, 47.307953]}}, {"type": "Feature", "properties": {"sheet_name": "Артилерія та РСЗВ", "date": "2022-9-17", "timestamp": 1663372800000}, "geometry": {"type": "Point", "coordinates": [32.846669, 47.307953]}}, {"type": "Feature", "properties": {"sheet_name": "Артилерія та РСЗВ", "date": "2022-9-16", "timestamp": 1663286400000}, "geometry": {"type": "Point", "coordinates": [32.674144, 47.098634]}}, {"type": "Feature", "properties": {"sheet_name": "Артилерія та РСЗВ", "date": "2022-9-17", "timestamp": 1663372800000}, "geometry": {"type": "Point", "coordinates": [32.674144, 47.098634]}}, {"type": "Feature", "properties": {"sheet_name": "Артилерія та РСЗВ", "date": "2022-9-17", "timestamp": 1663372800000}, "geometry": {"type": "Point", "coordinates": [31.544722, 46.619291]}}, {"type": "Feature", "properties": {"sheet_name": "Артилерія та РСЗВ", "date": "2022-9-18", "timestamp": 1663459200000}, "geometry": {"type": "Point", "coordinates": [31.544722, 46.619291]}}, {"type": "Feature", "properties": {"sheet_name": "Артилерія та РСЗВ", "date": "2022-9-17", "timestamp": 1663372800000}, "geometry": {"type": "Point", "coordinates": [32.376822, 47.06066]}}, {"type": "Feature", "properties": {"sheet_name": "Артилерія та РСЗВ", "date": "2022-9-17", "timestamp": 1663372800000}, "geometry": {"type": "Point", "coordinates": [32.846669, 47.307953]}}, {"type": "Feature", "properties": {"sheet_name": "Артилерія та РСЗВ", "date": "2022-9-17", "timestamp": 1663372800000}, "geometry": {"type": "Point", "coordinates": [32.829574, 47.198526]}}, {"type": "Feature", "properties": {"sheet_name": "Артилерія та РСЗВ", "date": "2022-9-16", "timestamp": 1663286400000}, "geometry": {"type": "Point", "coordinates": [32.829575, 47.198526]}}, {"type": "Feature", "properties": {"sheet_name": "Артилерія та РСЗВ", "date": "2022-9-15", "timestamp": 1663200000000}, "geometry": {"type": "Point", "coordinates": [32.829576, 47.198526]}}, {"type": "Feature", "properties": {"sheet_name": "Артилерія та РСЗВ", "date": "2022-9-17", "timestamp": 1663372800000}, "geometry": {"type": "Point", "coordinates": [32.674144, 47.098634]}}, {"type": "Feature", "properties": {"sheet_name": "Артилерія та РСЗВ", "date": "2022-9-17", "timestamp": 1663372800000}, "geometry": {"type": "Point", "coordinates": [32.663701, 47.14444]}}, {"type": "Feature", "properties": {"sheet_name": "Артилерія та РСЗВ", "date": "2022-9-17", "timestamp": 1663372800000}, "geometry": {"type": "Point", "coordinates": [32.679529, 47.167679]}}, {"type": "Feature", "properties": {"sheet_name": "Артилерія та РСЗВ", "date": "2022-9-17", "timestamp": 1663372800000}, "geometry": {"type": "Point", "coordinates": [32.446554, 47.168671]}}, {"type": "Feature", "properties": {"sheet_name": "Артилерія та РСЗВ", "date": "2022-9-19", "timestamp": 1663545600000}, "geometry": {"type": "Point", "coordinates": [32.011807, 46.959077]}}, {"type": "Feature", "properties": {"sheet_name": "Артилерія та РСЗВ", "date": "2022-9-18", "timestamp": 1663459200000}, "geometry": {"type": "Point", "coordinates": [32.829576, 47.198526]}}, {"type": "Feature", "properties": {"sheet_name": "Артилерія та РСЗВ", "date": "2022-9-18", "timestamp": 1663459200000}, "geometry": {"type": "Point", "coordinates": [33.021857, 47.246213]}}, {"type": "Feature", "properties": {"sheet_name": "Артилерія та РСЗВ", "date": "2022-9-18", "timestamp": 1663459200000}, "geometry": {"type": "Point", "coordinates": [32.874432, 47.187785]}}, {"type": "Feature", "properties": {"sheet_name": "Артилерія та РСЗВ", "date": "2022-9-18", "timestamp": 1663459200000}, "geometry": {"type": "Point", "coordinates": [32.846669, 47.307953]}}, {"type": "Feature", "properties": {"sheet_name": "Артилерія та РСЗВ", "date": "2022-9-18", "timestamp": 1663459200000}, "geometry": {"type": "Point", "coordinates": [32.446554, 47.168671]}}, {"type": "Feature", "properties": {"sheet_name": "Артилерія та РСЗВ", "date": "2022-9-18", "timestamp": 1663459200000}, "geometry": {"type": "Point", "coordinates": [32.674144, 47.098634]}}, {"type": "Feature", "properties": {"sheet_name": "Артилерія та РСЗВ", "date": "2022-9-19", "timestamp": 1663545600000}, "geometry": {"type": "Point", "coordinates": [32.674144, 47.098634]}}, {"type": "Feature", "properties": {"sheet_name": "Артилерія та РСЗВ", "date": "2022-9-19", "timestamp": 1663545600000}, "geometry": {"type": "Point", "coordinates": [31.544722, 46.619291]}}, {"type": "Feature", "properties": {"sheet_name": "Артилерія та РСЗВ", "date": "2022-9-19", "timestamp": 1663545600000}, "geometry": {"type": "Point", "coordinates": [32.674144, 47.098634]}}, {"type": "Feature", "properties": {"sheet_name": "Артилерія та РСЗВ", "date": "2022-9-19", "timestamp": 1663545600000}, "geometry": {"type": "Point", "coordinates": [32.663701, 47.14444]}}, {"type": "Feature", "properties": {"sheet_name": "Артилерія та РСЗВ", "date": "2022-9-19", "timestamp": 1663545600000}, "geometry": {"type": "Point", "coordinates": [32.846669, 47.307953]}}, {"type": "Feature", "properties": {"sheet_name": "Артилерія та РСЗВ", "date": "2022-9-19", "timestamp": 1663545600000}, "geometry": {"type": "Point", "coordinates": [33.021857, 47.246213]}}, {"type": "Feature", "properties": {"sheet_name": "Артилерія та РСЗВ", "date": "2022-9-19", "timestamp": 1663545600000}, "geometry": {"type": "Point", "coordinates": [32.874432, 47.187785]}}, {"type": "Feature", "properties": {"sheet_name": "Артилерія та РСЗВ", "date": "2022-9-19", "timestamp": 1663545600000}, "geometry": {"type": "Point", "coordinates": [32.98571, 47.312209]}}, {"type": "Feature", "properties": {"sheet_name": "Артилерія та РСЗВ", "date": "2022-9-19", "timestamp": 1663545600000}, "geometry": {"type": "Point", "coordinates": [33.048818, 47.331542]}}, {"type": "Feature", "properties": {"sheet_name": "Артилерія та РСЗВ", "date": "2022-9-20", "timestamp": 1663632000000}, "geometry": {"type": "Point", "coordinates": [32.846669, 47.307953]}}, {"type": "Feature", "properties": {"sheet_name": "Артилерія та РСЗВ", "date": "2022-9-19", "timestamp": 1663545600000}, "geometry": {"type": "Point", "coordinates": [32.438221, 47.40372]}}, {"type": "Feature", "properties": {"sheet_name": "Артилерія та РСЗВ", "date": "2022-9-20", "timestamp": 1663632000000}, "geometry": {"type": "Point", "coordinates": [32.196443, 46.86215]}}, {"type": "Feature", "properties": {"sheet_name": "Артилерія та РСЗВ", "date": "2022-9-20", "timestamp": 1663632000000}, "geometry": {"type": "Point", "coordinates": [32.438662, 47.04128]}}, {"type": "Feature", "properties": {"sheet_name": "Артилерія та РСЗВ", "date": "2022-9-20", "timestamp": 1663632000000}, "geometry": {"type": "Point", "coordinates": [32.448873, 47.090263]}}, {"type": "Feature", "properties": {"sheet_name": "Артилерія та РСЗВ", "date": "2022-9-21", "timestamp": 1663718400000}, "geometry": {"type": "Point", "coordinates": [31.896191, 46.706472]}}, {"type": "Feature", "properties": {"sheet_name": "Артилерія та РСЗВ", "date": "2022-9-20", "timestamp": 1663632000000}, "geometry": {"type": "Point", "coordinates": [32.6054, 47.26453]}}, {"type": "Feature", "properties": {"sheet_name": "Артилерія та РСЗВ", "date": "2022-9-20", "timestamp": 1663632000000}, "geometry": {"type": "Point", "coordinates": [32.829576, 47.198526]}}, {"type": "Feature", "properties": {"sheet_name": "Артилерія та РСЗВ", "date": "2022-9-20", "timestamp": 1663632000000}, "geometry": {"type": "Point", "coordinates": [33.021857, 47.246213]}}, {"type": "Feature", "properties": {"sheet_name": "Артилерія та РСЗВ", "date": "2022-9-20", "timestamp": 1663632000000}, "geometry": {"type": "Point", "coordinates": [32.846669, 47.307953]}}, {"type": "Feature", "properties": {"sheet_name": "Артилерія та РСЗВ", "date": "2022-9-21", "timestamp": 1663718400000}, "geometry": {"type": "Point", "coordinates": [32.674144, 47.098634]}}, {"type": "Feature", "properties": {"sheet_name": "Артилерія та РСЗВ", "date": "2022-9-21", "timestamp": 1663718400000}, "geometry": {"type": "Point", "coordinates": [32.127128, 46.97565]}}, {"type": "Feature", "properties": {"sheet_name": "Артилерія та РСЗВ", "date": "2022-9-21", "timestamp": 1663718400000}, "geometry": {"type": "Point", "coordinates": [31.896191, 46.706472]}}, {"type": "Feature", "properties": {"sheet_name": "Артилерія та РСЗВ", "date": "2022-9-21", "timestamp": 1663718400000}, "geometry": {"type": "Point", "coordinates": [31.738128, 46.632603]}}, {"type": "Feature", "properties": {"sheet_name": "Артилерія та РСЗВ", "date": "2022-9-21", "timestamp": 1663718400000}, "geometry": {"type": "Point", "coordinates": [31.544722, 46.619291]}}, {"type": "Feature", "properties": {"sheet_name": "Артилерія та РСЗВ", "date": "2022-9-21", "timestamp": 1663718400000}, "geometry": {"type": "Point", "coordinates": [32.438662, 47.04128]}}, {"type": "Feature", "properties": {"sheet_name": "Артилерія та РСЗВ", "date": "2022-9-21", "timestamp": 1663718400000}, "geometry": {"type": "Point", "coordinates": [32.438662, 47.04128]}}, {"type": "Feature", "properties": {"sheet_name": "Артилерія та РСЗВ", "date": "2022-9-21", "timestamp": 1663718400000}, "geometry": {"type": "Point", "coordinates": [32.438662, 47.04128]}}, {"type": "Feature", "properties": {"sheet_name": "Артилерія та РСЗВ", "date": "2022-9-21", "timestamp": 1663718400000}, "geometry": {"type": "Point", "coordinates": [32.846669, 47.307953]}}, {"type": "Feature", "properties": {"sheet_name": "Артилерія та РСЗВ", "date": "2022-9-21", "timestamp": 1663718400000}, "geometry": {"type": "Point", "coordinates": [33.048818, 47.331542]}}, {"type": "Feature", "properties": {"sheet_name": "Артилерія та РСЗВ", "date": "2022-9-21", "timestamp": 1663718400000}, "geometry": {"type": "Point", "coordinates": [33.071037, 47.286823]}}, {"type": "Feature", "properties": {"sheet_name": "Артилерія та РСЗВ", "date": "2022-9-21", "timestamp": 1663718400000}, "geometry": {"type": "Point", "coordinates": [32.446554, 47.168671]}}, {"type": "Feature", "properties": {"sheet_name": "Артилерія та РСЗВ", "date": "2022-9-21", "timestamp": 1663718400000}, "geometry": {"type": "Point", "coordinates": [32.674144, 47.098634]}}, {"type": "Feature", "properties": {"sheet_name": "Артилерія та РСЗВ", "date": "2022-9-21", "timestamp": 1663718400000}, "geometry": {"type": "Point", "coordinates": [32.663701, 47.14444]}}, {"type": "Feature", "properties": {"sheet_name": "Артилерія та РСЗВ", "date": "2022-9-22", "timestamp": 1663804800000}, "geometry": {"type": "Point", "coordinates": [32.141298, 46.824849]}}, {"type": "Feature", "properties": {"sheet_name": "Артилерія та РСЗВ", "date": "2022-9-22", "timestamp": 1663804800000}, "geometry": {"type": "Point", "coordinates": [31.634256, 46.659323]}}, {"type": "Feature", "properties": {"sheet_name": "Артилерія та РСЗВ", "date": "2022-9-22", "timestamp": 1663804800000}, "geometry": {"type": "Point", "coordinates": [33.021857, 47.246213]}}, {"type": "Feature", "properties": {"sheet_name": "Артилерія та РСЗВ", "date": "2022-9-22", "timestamp": 1663804800000}, "geometry": {"type": "Point", "coordinates": [32.85237, 47.452576]}}, {"type": "Feature", "properties": {"sheet_name": "Артилерія та РСЗВ", "date": "2022-9-22", "timestamp": 1663804800000}, "geometry": {"type": "Point", "coordinates": [32.821056, 47.261436]}}, {"type": "Feature", "properties": {"sheet_name": "Артилерія та РСЗВ", "date": "2022-9-22", "timestamp": 1663804800000}, "geometry": {"type": "Point", "coordinates": [32.821056, 47.261436]}}, {"type": "Feature", "properties": {"sheet_name": "Артилерія та РСЗВ", "date": "2022-9-24", "timestamp": 1663977600000}, "geometry": {"type": "Point", "coordinates": [32.011807, 46.959077]}}, {"type": "Feature", "properties": {"sheet_name": "Артилерія та РСЗВ", "date": "2022-9-23", "timestamp": 1663891200000}, "geometry": {"type": "Point", "coordinates": [32.196443, 46.86215]}}, {"type": "Feature", "properties": {"sheet_name": "Артилерія та РСЗВ", "date": "2022-9-23", "timestamp": 1663891200000}, "geometry": {"type": "Point", "coordinates": [32.227655, 46.885644]}}, {"type": "Feature", "properties": {"sheet_name": "Артилерія та РСЗВ", "date": "2022-9-23", "timestamp": 1663891200000}, "geometry": {"type": "Point", "coordinates": [31.896191, 46.706472]}}, {"type": "Feature", "properties": {"sheet_name": "Артилерія та РСЗВ", "date": "2022-9-24", "timestamp": 1663977600000}, "geometry": {"type": "Point", "coordinates": [32.6054, 47.26453]}}, {"type": "Feature", "properties": {"sheet_name": "Артилерія та РСЗВ", "date": "2022-9-24", "timestamp": 1663977600000}, "geometry": {"type": "Point", "coordinates": [32.690068, 47.276005]}}, {"type": "Feature", "properties": {"sheet_name": "Артилерія та РСЗВ", "date": "2022-9-24", "timestamp": 1663977600000}, "geometry": {"type": "Point", "coordinates": [32.446554, 47.168671]}}, {"type": "Feature", "properties": {"sheet_name": "Артилерія та РСЗВ", "date": "2022-9-24", "timestamp": 1663977600000}, "geometry": {"type": "Point", "coordinates": [32.674144, 47.098634]}}, {"type": "Feature", "properties": {"sheet_name": "Артилерія та РСЗВ", "date": "2022-9-24", "timestamp": 1663977600000}, "geometry": {"type": "Point", "coordinates": [32.829576, 47.198526]}}, {"type": "Feature", "properties": {"sheet_name": "Артилерія та РСЗВ", "date": "2022-9-25", "timestamp": 1664064000000}, "geometry": {"type": "Point", "coordinates": [31.565892, 46.606658]}}, {"type": "Feature", "properties": {"sheet_name": "Артилерія та РСЗВ", "date": "2022-9-24", "timestamp": 1663977600000}, "geometry": {"type": "Point", "coordinates": [32.846669, 47.307953]}}, {"type": "Feature", "properties": {"sheet_name": "Артилерія та РСЗВ", "date": "2022-9-24", "timestamp": 1663977600000}, "geometry": {"type": "Point", "coordinates": [33.048818, 47.331542]}}, {"type": "Feature", "properties": {"sheet_name": "Артилерія та РСЗВ", "date": "2022-9-24", "timestamp": 1663977600000}, "geometry": {"type": "Point", "coordinates": [32.674144, 47.098634]}}, {"type": "Feature", "properties": {"sheet_name": "Артилерія та РСЗВ", "date": "2022-9-25", "timestamp": 1664064000000}, "geometry": {"type": "Point", "coordinates": [32.674144, 47.098634]}}, {"type": "Feature", "properties": {"sheet_name": "Артилерія та РСЗВ", "date": "2022-9-26", "timestamp": 1664150400000}, "geometry": {"type": "Point", "coordinates": [32.011807, 46.959077]}}, {"type": "Feature", "properties": {"sheet_name": "Артилерія та РСЗВ", "date": "2022-9-26", "timestamp": 1664150400000}, "geometry": {"type": "Point", "coordinates": [31.544722, 46.619291]}}, {"type": "Feature", "properties": {"sheet_name": "Артилерія та РСЗВ", "date": "2022-9-26", "timestamp": 1664150400000}, "geometry": {"type": "Point", "coordinates": [32.256702, 47.265232]}}, {"type": "Feature", "properties": {"sheet_name": "Артилерія та РСЗВ", "date": "2022-9-25", "timestamp": 1664064000000}, "geometry": {"type": "Point", "coordinates": [32.846669, 47.307953]}}, {"type": "Feature", "properties": {"sheet_name": "Артилерія та РСЗВ", "date": "2022-9-25", "timestamp": 1664064000000}, "geometry": {"type": "Point", "coordinates": [32.674144, 47.098634]}}, {"type": "Feature", "properties": {"sheet_name": "Артилерія та РСЗВ", "date": "2022-9-26", "timestamp": 1664150400000}, "geometry": {"type": "Point", "coordinates": [32.674144, 47.098634]}}, {"type": "Feature", "properties": {"sheet_name": "Артилерія та РСЗВ", "date": "2022-9-27", "timestamp": 1664236800000}, "geometry": {"type": "Point", "coordinates": [32.011807, 46.959077]}}, {"type": "Feature", "properties": {"sheet_name": "Артилерія та РСЗВ", "date": "2022-9-27", "timestamp": 1664236800000}, "geometry": {"type": "Point", "coordinates": [32.011807, 46.959077]}}, {"type": "Feature", "properties": {"sheet_name": "Артилерія та РСЗВ", "date": "2022-9-27", "timestamp": 1664236800000}, "geometry": {"type": "Point", "coordinates": [31.544722, 46.619291]}}, {"type": "Feature", "properties": {"sheet_name": "Артилерія та РСЗВ", "date": "2022-9-26", "timestamp": 1664150400000}, "geometry": {"type": "Point", "coordinates": [33.021857, 47.246213]}}, {"type": "Feature", "properties": {"sheet_name": "Артилерія та РСЗВ", "date": "2022-9-26", "timestamp": 1664150400000}, "geometry": {"type": "Point", "coordinates": [32.846669, 47.307953]}}, {"type": "Feature", "properties": {"sheet_name": "Артилерія та РСЗВ", "date": "2022-9-26", "timestamp": 1664150400000}, "geometry": {"type": "Point", "coordinates": [32.446554, 47.168671]}}, {"type": "Feature", "properties": {"sheet_name": "Артилерія та РСЗВ", "date": "2022-9-26", "timestamp": 1664150400000}, "geometry": {"type": "Point", "coordinates": [32.674144, 47.098634]}}, {"type": "Feature", "properties": {"sheet_name": "Артилерія та РСЗВ", "date": "2022-9-26", "timestamp": 1664150400000}, "geometry": {"type": "Point", "coordinates": [32.663701, 47.14444]}}, {"type": "Feature", "properties": {"sheet_name": "Артилерія та РСЗВ", "date": "2022-9-27", "timestamp": 1664236800000}, "geometry": {"type": "Point", "coordinates": [31.544722, 46.619291]}}, {"type": "Feature", "properties": {"sheet_name": "Артилерія та РСЗВ", "date": "2022-9-27", "timestamp": 1664236800000}, "geometry": {"type": "Point", "coordinates": [33.021857, 47.246213]}}, {"type": "Feature", "properties": {"sheet_name": "Артилерія та РСЗВ", "date": "2022-9-27", "timestamp": 1664236800000}, "geometry": {"type": "Point", "coordinates": [32.91042, 47.32143]}}, {"type": "Feature", "properties": {"sheet_name": "Артилерія та РСЗВ", "date": "2022-9-27", "timestamp": 1664236800000}, "geometry": {"type": "Point", "coordinates": [32.846669, 47.307953]}}, {"type": "Feature", "properties": {"sheet_name": "Артилерія та РСЗВ", "date": "2022-9-27", "timestamp": 1664236800000}, "geometry": {"type": "Point", "coordinates": [33.048818, 47.331542]}}, {"type": "Feature", "properties": {"sheet_name": "Артилерія та РСЗВ", "date": "2022-9-27", "timestamp": 1664236800000}, "geometry": {"type": "Point", "coordinates": [33.071037, 47.286823]}}, {"type": "Feature", "properties": {"sheet_name": "Артилерія та РСЗВ", "date": "2022-9-27", "timestamp": 1664236800000}, "geometry": {"type": "Point", "coordinates": [32.92286, 47.316447]}}, {"type": "Feature", "properties": {"sheet_name": "Артилерія та РСЗВ", "date": "2022-9-28", "timestamp": 1664323200000}, "geometry": {"type": "Point", "coordinates": [32.846669, 47.307953]}}, {"type": "Feature", "properties": {"sheet_name": "Артилерія та РСЗВ", "date": "2022-9-27", "timestamp": 1664236800000}, "geometry": {"type": "Point", "coordinates": [32.446554, 47.168671]}}, {"type": "Feature", "properties": {"sheet_name": "Артилерія та РСЗВ", "date": "2022-9-28", "timestamp": 1664323200000}, "geometry": {"type": "Point", "coordinates": [32.446554, 47.168671]}}, {"type": "Feature", "properties": {"sheet_name": "Артилерія та РСЗВ", "date": "2022-9-27", "timestamp": 1664236800000}, "geometry": {"type": "Point", "coordinates": [32.674144, 47.098634]}}, {"type": "Feature", "properties": {"sheet_name": "Артилерія та РСЗВ", "date": "2022-9-28", "timestamp": 1664323200000}, "geometry": {"type": "Point", "coordinates": [32.674144, 47.098634]}}, {"type": "Feature", "properties": {"sheet_name": "Артилерія та РСЗВ", "date": "2022-9-29", "timestamp": 1664409600000}, "geometry": {"type": "Point", "coordinates": [32.91042, 47.32143]}}, {"type": "Feature", "properties": {"sheet_name": "Артилерія та РСЗВ", "date": "2022-9-29", "timestamp": 1664409600000}, "geometry": {"type": "Point", "coordinates": [32.98571, 47.312209]}}, {"type": "Feature", "properties": {"sheet_name": "Артилерія та РСЗВ", "date": "2022-9-29", "timestamp": 1664409600000}, "geometry": {"type": "Point", "coordinates": [32.821056, 47.261436]}}, {"type": "Feature", "properties": {"sheet_name": "Артилерія та РСЗВ", "date": "2022-9-29", "timestamp": 1664409600000}, "geometry": {"type": "Point", "coordinates": [32.846669, 47.307953]}}, {"type": "Feature", "properties": {"sheet_name": "Артилерія та РСЗВ", "date": "2022-9-29", "timestamp": 1664409600000}, "geometry": {"type": "Point", "coordinates": [32.446554, 47.168671]}}, {"type": "Feature", "properties": {"sheet_name": "Артилерія та РСЗВ", "date": "2022-9-29", "timestamp": 1664409600000}, "geometry": {"type": "Point", "coordinates": [32.674144, 47.098634]}}, {"type": "Feature", "properties": {"sheet_name": "Артилерія та РСЗВ", "date": "2022-9-29", "timestamp": 1664409600000}, "geometry": {"type": "Point", "coordinates": [32.663701, 47.14444]}}, {"type": "Feature", "properties": {"sheet_name": "Артилерія та РСЗВ", "date": "2022-9-30", "timestamp": 1664496000000}, "geometry": {"type": "Point", "coordinates": [32.663701, 47.14444]}}, {"type": "Feature", "properties": {"sheet_name": "Артилерія та РСЗВ", "date": "2022-9-30", "timestamp": 1664496000000}, "geometry": {"type": "Point", "coordinates": [32.435539, 46.985922]}}, {"type": "Feature", "properties": {"sheet_name": "Артилерія та РСЗВ", "date": "2022-9-30", "timestamp": 1664496000000}, "geometry": {"type": "Point", "coordinates": [32.438662, 47.04128]}}, {"type": "Feature", "properties": {"sheet_name": "Артилерія та РСЗВ", "date": "2022-9-30", "timestamp": 1664496000000}, "geometry": {"type": "Point", "coordinates": [32.227655, 46.885644]}}, {"type": "Feature", "properties": {"sheet_name": "Артилерія та РСЗВ", "date": "2022-9-30", "timestamp": 1664496000000}, "geometry": {"type": "Point", "coordinates": [32.427847, 47.023995]}}, {"type": "Feature", "properties": {"sheet_name": "Артилерія та РСЗВ", "date": "2022-9-30", "timestamp": 1664496000000}, "geometry": {"type": "Point", "coordinates": [32.468069, 47.002349]}}, {"type": "Feature", "properties": {"sheet_name": "Артилерія та РСЗВ", "date": "2022-9-30", "timestamp": 1664496000000}, "geometry": {"type": "Point", "coordinates": [33.048818, 47.331542]}}, {"type": "Feature", "properties": {"sheet_name": "Артилерія та РСЗВ", "date": "2022-9-30", "timestamp": 1664496000000}, "geometry": {"type": "Point", "coordinates": [33.071037, 47.286823]}}, {"type": "Feature", "properties": {"sheet_name": "Артилерія та РСЗВ", "date": "2022-9-30", "timestamp": 1664496000000}, "geometry": {"type": "Point", "coordinates": [32.821056, 47.261436]}}, {"type": "Feature", "properties": {"sheet_name": "Артилерія та РСЗВ", "date": "2022-9-30", "timestamp": 1664496000000}, "geometry": {"type": "Point", "coordinates": [32.846669, 47.307953]}}, {"type": "Feature", "properties": {"sheet_name": "Артилерія та РСЗВ", "date": "2022-9-30", "timestamp": 1664496000000}, "geometry": {"type": "Point", "coordinates": [32.446554, 47.168671]}}, {"type": "Feature", "properties": {"sheet_name": "Артилерія та РСЗВ", "date": "2022-9-30", "timestamp": 1664496000000}, "geometry": {"type": "Point", "coordinates": [32.567404, 47.168237]}}]}