sheet_name,scale,description,la,lo,date,timestamp
Ракети,,,46.959632,32.006337,2022-7-1,1656633600000
Ракети,,,46.959077,32.011807,2022-7-1,1656633600000
Ракети,,,46.959077,32.011807,2022-7-5,1656979200000
Ракети,,,46.959077,32.011807,2022-7-11,1657497600000
Ракети,,,46.959077,32.011807,2022-7-12,1657584000000
Ракети,,,47.40372,32.438221,2022-7-12,1657584000000
Ракети,,,46.959077,32.011807,2022-7-14,1657756800000
Ракети,,,46.959077,32.011808,2022-7-15,1657843200000
Ракети,,,46.959077,32.011809,2022-7-17,1658016000000
Ракети,,,46.959077,32.01181,2022-7-18,1658102400000
Ракети,,,47.307953,32.846669,2022-7-20,1658275200000
Ракети,,,46.959077,32.01181,2022-7-21,1658361600000
Ракети,,,46.959077,32.011811,2022-7-22,1658448000000
Ракети,,,46.959077,32.011811,2022-7-23,1658534400000
Ракети,,,46.959077,32.011812,2022-7-24,1658620800000
Ракети,,,46.959077,32.011812,2022-7-26,1658793600000
Ракети,,,46.959077,32.011812,2022-7-28,1658966400000
Касетні боєприпаси,,,46.710101,31.8806,2022-7-1,1656633600000
Касетні боєприпаси,,,46.892573,32.048909,2022-7-1,1656633600000
Касетні боєприпаси,,,46.72796,31.97235,2022-7-6,1657065600000
Касетні боєприпаси,,,46.870032,32.025611,2022-7-18,1658102400000
Касетні боєприпаси,,,46.959077,32.011812,2022-7-29,1659052800000
Артилерія та РСЗВ,,,47.186537,32.300632,2022-7-1,1656633600000
Артилерія та РСЗВ,,,47.10046,32.668365,2022-7-1,1656633600000
Артилерія та РСЗВ,,,47.290478,32.835408,2022-7-1,1656633600000
Артилерія та РСЗВ,,,47.023607,32.426633,2022-7-1,1656633600000
Артилерія та РСЗВ,,,46.72796,31.97235,2022-7-1,1656633600000
Артилерія та РСЗВ,,,46.844166,31.908865,2022-7-1,1656633600000
Артилерія та РСЗВ,,,47.123866,32.621648,2022-7-1,1656633600000
Артилерія та РСЗВ,,,47.090263,32.448873,2022-7-1,1656633600000
Артилерія та РСЗВ,,,47.168671,32.446554,2022-7-2,1656720000000
Артилерія та РСЗВ,,,47.331542,33.048818,2022-7-2,1656720000000
Артилерія та РСЗВ,,,47.198526,32.829574,2022-7-2,1656720000000
Артилерія та РСЗВ,,,46.826064,32.219268,2022-7-2,1656720000000
Артилерія та РСЗВ,,,46.86215,32.196443,2022-7-2,1656720000000
Артилерія та РСЗВ,,,46.885644,32.227655,2022-7-2,1656720000000
Артилерія та РСЗВ,,,47.023995,32.427847,2022-7-2,1656720000000
Артилерія та РСЗВ,,,46.842564,31.909975,2022-7-2,1656720000000
Артилерія та РСЗВ,,,46.808807,31.968707,2022-7-2,1656720000000
Артилерія та РСЗВ,,,47.041483,32.43914,2022-7-2,1656720000000
Артилерія та РСЗВ,,,47.041483,32.439141,2022-7-3,1656806400000
Артилерія та РСЗВ,,,47.331542,33.048818,2022-7-3,1656806400000
Артилерія та РСЗВ,,,47.307953,32.846669,2022-7-3,1656806400000
Артилерія та РСЗВ,,,47.123866,32.621648,2022-7-3,1656806400000
Артилерія та РСЗВ,,,46.63574,31.873512,2022-7-3,1656806400000
Артилерія та РСЗВ,,,47.023995,32.427847,2022-7-3,1656806400000
Артилерія та РСЗВ,,,47.109722,32.379444,2022-7-3,1656806400000
Артилерія та РСЗВ,,,47.123866,32.621648,2022-7-4,1656892800000
Артилерія та РСЗВ,,,47.123866,32.621648,2022-7-5,1656979200000
Артилерія та РСЗВ,,,47.19975,32.225665,2022-7-5,1656979200000
Артилерія та РСЗВ,,,47.198526,32.829574,2022-7-5,1656979200000
Артилерія та РСЗВ,,,46.72796,31.97235,2022-7-4,1656892800000
Артилерія та РСЗВ,,,47.123866,32.621648,2022-7-5,1656979200000
Артилерія та РСЗВ,,,47.198526,32.829574,2022-7-6,1657065600000
Артилерія та РСЗВ,,,47.023995,32.427847,2022-7-5,1656979200000
Артилерія та РСЗВ,,,46.606658,31.565892,2022-7-5,1656979200000
Артилерія та РСЗВ,,,46.659323,31.634256,2022-7-5,1656979200000
Артилерія та РСЗВ,,,47.022603,32.455243,2022-7-5,1656979200000
Артилерія та РСЗВ,,,46.942736,31.552642,2022-7-6,1657065600000
Артилерія та РСЗВ,,,46.870032,32.025611,2022-7-6,1657065600000
Артилерія та РСЗВ,,,47.123866,32.621648,2022-7-6,1657065600000
Артилерія та РСЗВ,,,47.198526,32.829574,2022-7-6,1657065600000
Артилерія та РСЗВ,,,47.198526,32.829574,2022-7-5,1656979200000
Артилерія та РСЗВ,,,46.966356,32.359167,2022-7-6,1657065600000
Артилерія та РСЗВ,,,47.090263,32.448873,2022-7-6,1657065600000
Артилерія та РСЗВ,,,47.04128,32.438662,2022-7-6,1657065600000
Артилерія та РСЗВ,,,46.86215,32.196443,2022-7-6,1657065600000
Артилерія та РСЗВ,,,46.619291,31.544722,2022-7-7,1657152000000
Артилерія та РСЗВ,,,46.717996,31.709332,2022-7-7,1657152000000
Артилерія та РСЗВ,,,46.959077,32.011807,2022-7-7,1657152000000
Артилерія та РСЗВ,,,47.307953,32.846669,2022-7-7,1657152000000
Артилерія та РСЗВ,,,47.307953,32.846669,2022-7-8,1657238400000
Артилерія та РСЗВ,,,47.32143,32.91042,2022-7-7,1657152000000
Артилерія та РСЗВ,,,47.123866,32.621648,2022-7-7,1657152000000
Артилерія та РСЗВ,,,46.824849,32.141298,2022-7-7,1657152000000
Артилерія та РСЗВ,,,46.80328,31.954482,2022-7-7,1657152000000
Артилерія та РСЗВ,,,46.97565,32.127128,2022-7-7,1657152000000
Артилерія та РСЗВ,,,47.314146,32.453223,2022-7-8,1657238400000
Артилерія та РСЗВ,,,47.246213,33.021857,2022-7-8,1657238400000
Артилерія та РСЗВ,,,47.307953,32.846669,2022-7-8,1657238400000
Артилерія та РСЗВ,,,47.236213,32.970812,2022-7-8,1657238400000
Артилерія та РСЗВ,,,46.966356,32.359167,2022-7-8,1657238400000
Артилерія та РСЗВ,,,46.497864,31.826792,2022-7-8,1657238400000
Артилерія та РСЗВ,,,47.123866,32.621648,2022-7-9,1657324800000
Артилерія та РСЗВ,,,47.307953,32.846669,2022-7-9,1657324800000
Артилерія та РСЗВ,,,47.246213,33.021857,2022-7-9,1657324800000
Артилерія та РСЗВ,,,47.187785,32.874432,2022-7-9,1657324800000
Артилерія та РСЗВ,,,47.023995,32.427847,2022-7-9,1657324800000
Артилерія та РСЗВ,,,47.123866,32.621648,2022-7-10,1657411200000
Артилерія та РСЗВ,,,47.307953,32.846669,2022-7-10,1657411200000
Артилерія та РСЗВ,,,46.966356,32.359167,2022-7-10,1657411200000
Артилерія та РСЗВ,,,46.86215,32.196443,2022-7-10,1657411200000
Артилерія та РСЗВ,,,46.72796,31.97235,2022-7-10,1657411200000
Артилерія та РСЗВ,,,47.123866,32.621648,2022-7-11,1657497600000
Артилерія та РСЗВ,,,47.123866,32.621648,2022-7-12,1657584000000
Артилерія та РСЗВ,,,47.198526,32.829574,2022-7-11,1657497600000
Артилерія та РСЗВ,,,47.04128,32.438662,2022-7-11,1657497600000
Артилерія та РСЗВ,,,47.168671,32.446554,2022-7-13,1657670400000
Артилерія та РСЗВ,,,47.098634,32.674144,2022-7-13,1657670400000
Артилерія та РСЗВ,,,47.198526,32.829574,2022-7-12,1657584000000
Артилерія та РСЗВ,,,47.307953,32.846669,2022-7-12,1657584000000
Артилерія та РСЗВ,,,47.286823,33.071037,2022-7-12,1657584000000
Артилерія та РСЗВ,,,47.261436,32.821056,2022-7-12,1657584000000
Артилерія та РСЗВ,,,47.27598,32.837025,2022-7-12,1657584000000
Артилерія та РСЗВ,,,47.307953,32.846669,2022-7-13,1657670400000
Артилерія та РСЗВ,,,46.72796,31.97235,2022-7-12,1657584000000
Артилерія та РСЗВ,,,46.896352,32.288157,2022-7-12,1657584000000
Артилерія та РСЗВ,,,46.86215,32.196443,2022-7-12,1657584000000
Артилерія та РСЗВ,,,46.999938,32.395752,2022-7-13,1657670400000
Артилерія та РСЗВ,,,47.40372,32.438221,2022-7-14,1657756800000
Артилерія та РСЗВ,,,47.123866,32.621648,2022-7-14,1657756800000
Артилерія та РСЗВ,,,47.198526,32.829574,2022-7-14,1657756800000
Артилерія та РСЗВ,,,46.870032,32.025611,2022-7-14,1657756800000
Артилерія та РСЗВ,,,46.72796,31.97235,2022-7-14,1657756800000
Артилерія та РСЗВ,,,46.86215,32.196443,2022-7-14,1657756800000
Артилерія та РСЗВ,,,46.885644,32.227655,2022-7-14,1657756800000
Артилерія та РСЗВ,,,46.619291,31.544722,2022-7-14,1657756800000
Артилерія та РСЗВ,,,47.123866,32.621648,2022-7-14,1657756800000
Артилерія та РСЗВ,,,47.307953,32.846669,2022-7-14,1657756800000
Артилерія та РСЗВ,,,47.331542,33.048818,2022-7-14,1657756800000
Артилерія та РСЗВ,,,47.490558,32.297098,2022-7-14,1657756800000
Артилерія та РСЗВ,,,47.368058,32.588849,2022-7-14,1657756800000
Артилерія та РСЗВ,,,47.04128,32.438662,2022-7-15,1657843200000
Артилерія та РСЗВ,,,46.72796,31.97235,2022-7-15,1657843200000
Артилерія та РСЗВ,,,47.123866,32.621648,2022-7-15,1657843200000
Артилерія та РСЗВ,,,47.55982,32.973923,2022-7-15,1657843200000
Артилерія та РСЗВ,,,47.198526,32.829574,2022-7-15,1657843200000
Артилерія та РСЗВ,,,47.19975,32.225665,2022-7-15,1657843200000
Артилерія та РСЗВ,,,46.86215,32.196443,2022-7-16,1657929600000
Артилерія та РСЗВ,,,46.896352,32.288157,2022-7-16,1657929600000
Артилерія та РСЗВ,,,46.908381,32.2575,2022-7-16,1657929600000
Артилерія та РСЗВ,,,46.72796,31.97235,2022-7-16,1657929600000
Артилерія та РСЗВ,,,47.123866,32.621648,2022-7-16,1657929600000
Артилерія та РСЗВ,,,47.19975,32.225665,2022-7-16,1657929600000
Артилерія та РСЗВ,,,47.52284,32.922111,2022-7-16,1657929600000
Артилерія та РСЗВ,,,47.198526,32.829574,2022-7-16,1657929600000
Артилерія та РСЗВ,,,46.72796,31.97235,2022-7-17,1658016000000
Артилерія та РСЗВ,,,46.824849,32.141298,2022-7-17,1658016000000
Артилерія та РСЗВ,,,47.198526,32.829574,2022-7-17,1658016000000
Артилерія та РСЗВ,,,46.72796,31.97235,2022-7-18,1658102400000
Артилерія та РСЗВ,,,47.123866,32.621648,2022-7-18,1658102400000
Артилерія та РСЗВ,,,47.198526,32.829574,2022-7-18,1658102400000
Артилерія та РСЗВ,,,46.896352,32.288157,2022-7-19,1658188800000
Артилерія та РСЗВ,,,46.885644,32.227655,2022-7-19,1658188800000
Артилерія та РСЗВ,,,46.813882,32.309469,2022-7-19,1658188800000
Артилерія та РСЗВ,,,46.80328,31.954482,2022-7-19,1658188800000
Артилерія та РСЗВ,,,46.72796,31.97235,2022-7-19,1658188800000
Артилерія та РСЗВ,,,47.123866,32.621648,2022-7-19,1658188800000
Артилерія та РСЗВ,,,47.3838,32.51341,2022-7-20,1658275200000
Артилерія та РСЗВ,,,47.364476,32.94025,2022-7-20,1658275200000
Артилерія та РСЗВ,,,47.261436,32.821056,2022-7-20,1658275200000
Артилерія та РСЗВ,,,46.72796,31.97235,2022-7-20,1658275200000
Артилерія та РСЗВ,,,46.912469,32.237155,2022-7-20,1658275200000
Артилерія та РСЗВ,,,46.80328,31.954482,2022-7-20,1658275200000
Артилерія та РСЗВ,,,47.14444,32.663701,2022-7-20,1658275200000
Артилерія та РСЗВ,,,47.098634,32.674144,2022-7-21,1658361600000
Артилерія та РСЗВ,,,47.3838,32.51341,2022-7-21,1658361600000
Артилерія та РСЗВ,,,47.198526,32.829574,2022-7-20,1658275200000
Артилерія та РСЗВ,,,46.824849,32.141298,2022-7-21,1658361600000
Артилерія та РСЗВ,,,46.72796,31.97235,2022-7-21,1658361600000
Артилерія та РСЗВ,,,47.049012,32.179163,2022-7-21,1658361600000
Артилерія та РСЗВ,,,47.04128,32.438662,2022-7-22,1658448000000
Артилерія та РСЗВ,,,46.966356,32.359167,2022-7-22,1658448000000
Артилерія та РСЗВ,,,47.002349,32.468069,2022-7-22,1658448000000
Артилерія та РСЗВ,,,46.961971,32.482437,2022-7-22,1658448000000
Артилерія та РСЗВ,,,47.098634,32.674144,2022-7-22,1658448000000
Артилерія та РСЗВ,,,47.418487,32.555622,2022-7-21,1658361600000
Артилерія та РСЗВ,,,47.198526,32.829574,2022-7-21,1658361600000
Артилерія та РСЗВ,,,46.80328,31.954482,2022-7-22,1658448000000
Артилерія та РСЗВ,,,46.780528,31.952911,2022-7-22,1658448000000
Артилерія та РСЗВ,,,47.198526,32.829574,2022-7-22,1658448000000
Артилерія та РСЗВ,,,47.123866,32.621648,2022-7-22,1658448000000
Артилерія та РСЗВ,,,46.72796,31.97235,2022-7-23,1658534400000
Артилерія та РСЗВ,,,46.86215,32.196443,2022-7-23,1658534400000
Артилерія та РСЗВ,,,47.098634,32.674144,2022-7-23,1658534400000
Артилерія та РСЗВ,,,47.198526,32.829574,2022-7-23,1658534400000
Артилерія та РСЗВ,,,46.959077,32.011812,2022-7-25,1658707200000
Артилерія та РСЗВ,,,47.023995,32.427847,2022-7-24,1658620800000
Артилерія та РСЗВ,,,46.995222,32.112717,2022-7-25,1658707200000
Артилерія та РСЗВ,,,47.198526,32.829574,2022-7-24,1658620800000
Артилерія та РСЗВ,,,47.123866,32.621648,2022-7-24,1658620800000
Артилерія та РСЗВ,,,46.966356,32.359167,2022-7-25,1658707200000
Артилерія та РСЗВ,,,47.161138,31.788057,2022-7-25,1658707200000
Артилерія та РСЗВ,,,47.098634,32.674144,2022-7-25,1658707200000
Артилерія та РСЗВ,,,47.14444,32.663701,2022-7-26,1658793600000
Артилерія та РСЗВ,,,47.198526,32.829574,2022-7-25,1658707200000
Артилерія та РСЗВ,,,47.483595,32.73034,2022-7-25,1658707200000
Артилерія та РСЗВ,,,46.959077,32.011812,2022-7-27,1658880000000
Артилерія та РСЗВ,,,46.86215,32.196443,2022-7-26,1658793600000
Артилерія та РСЗВ,,,46.885644,32.227655,2022-7-26,1658793600000
Артилерія та РСЗВ,,,46.844166,31.908865,2022-7-26,1658793600000
Артилерія та РСЗВ,,,46.72796,31.97235,2022-7-26,1658793600000
Артилерія та РСЗВ,,,46.97526,31.892919,2022-7-26,1658793600000
Артилерія та РСЗВ,,,47.098634,32.674144,2022-7-27,1658880000000
Артилерія та РСЗВ,,,47.098634,32.674144,2022-7-26,1658793600000
Артилерія та РСЗВ,,,47.307953,32.846669,2022-7-26,1658793600000
Артилерія та РСЗВ,,,47.331542,33.048818,2022-7-26,1658793600000
Артилерія та РСЗВ,,,47.286823,33.071037,2022-7-26,1658793600000
Артилерія та РСЗВ,,,46.72796,31.97235,2022-7-27,1658880000000
Артилерія та РСЗВ,,,46.86215,32.196443,2022-7-27,1658880000000
Артилерія та РСЗВ,,,47.098634,32.674144,2022-7-27,1658880000000
Артилерія та РСЗВ,,,47.098634,32.674144,2022-7-28,1658966400000
Артилерія та РСЗВ,,,47.198526,32.829574,2022-7-27,1658880000000
Артилерія та РСЗВ,,,46.959077,32.011812,2022-7-28,1658966400000
Артилерія та РСЗВ,,,46.980092,32.339906,2022-7-28,1658966400000
Артилерія та РСЗВ,,,46.632603,31.738128,2022-7-28,1658966400000
Артилерія та РСЗВ,,,46.497864,31.826792,2022-7-28,1658966400000
Артилерія та РСЗВ,,,46.662214,31.772931,2022-7-28,1658966400000
Артилерія та РСЗВ,,,47.198526,32.829574,2022-7-28,1658966400000
Артилерія та РСЗВ,,,46.959077,32.011812,2022-7-30,1659139200000
Артилерія та РСЗВ,,,47.098634,32.674144,2022-7-29,1659052800000
Артилерія та РСЗВ,,,47.286823,33.071037,2022-7-30,1659139200000
Артилерія та РСЗВ,,,47.331542,33.048818,2022-7-30,1659139200000
Артилерія та РСЗВ,,,46.959077,32.011812,2022-7-31,1659225600000
Артилерія та РСЗВ,,,46.696826,31.979453,2022-7-30,1659139200000
Артилерія та РСЗВ,,,47.14444,32.663701,2022-7-30,1659139200000
Артилерія та РСЗВ,,,47.198526,32.829574,2022-7-30,1659139200000
Артилерія та РСЗВ,,,46.959077,32.011812,2022-7-1,1656633600000
Артилерія та РСЗВ,,,46.966356,32.359167,2022-7-31,1659225600000
Артилерія та РСЗВ,,,46.780528,31.952911,2022-7-31,1659225600000
Артилерія та РСЗВ,,,47.168671,32.446554,2022-7-31,1659225600000
Артилерія та РСЗВ,,,47.331542,33.048818,2022-7-31,1659225600000
Артилерія та РСЗВ,,,47.286823,33.071037,2022-7-31,1659225600000
Артилерія та РСЗВ,,,47.366277,33.062555,2022-7-31,1659225600000
Артилерія та РСЗВ,,,47.312209,32.98571,2022-7-31,1659225600000
Артилерія та РСЗВ,,,47.365991,32.940963,2022-7-31,1659225600000
Артилерія та РСЗВ,,,47.32143,32.91042,2022-7-31,1659225600000
Загиблі цивільні,1.0,"В с. Білозірка пошкоджено будинок, загинула одна людина.",47.090263,32.448873,2022-7-1,1656633600000
Загиблі цивільні,1.0,В селищі Луч внаслідок ворожих обстрілів загинула одна людина. ,46.826064,32.219268,2022-7-2,1656720000000
Загиблі цивільні,1.0,Внаслідок обстрілів с. Засілля загинула одна людина.,47.023995,32.427847,2022-7-5,1656979200000
Загиблі цивільні,1.0,Під час обстрілів с. Нечаяне загинула одна людина.,46.942736,31.552642,2022-7-6,1657065600000
Загиблі цивільні,2.0,Внаслідок обстрілів с. Українка Галицинівської громади загинуло дві людини.,46.824849,32.141298,2022-7-7,1657152000000
Загиблі цивільні,1.0,Через ракетний удар по Баштанці загинула жінка. ,47.40372,32.438221,2022-7-12,1657584000000
Загиблі цивільні,4.0,Через обстріли с. Новоселівка загинуло 4 людини.,46.999938,32.395752,2022-7-13,1657670400000
Загиблі цивільні,1.0,Через нічний обстріл Баштанки загинула одна людина.,47.40372,32.438221,2022-7-14,1657756800000
Загиблі цивільні,3.0,У с. Шевченкове внаслідок обстрілів загинули три людини. ,46.86215,32.196443,2022-7-16,1657929600000
Загиблі цивільні,1.0,Через обстріли у Широківській громаді загинула жінка.,47.123866,32.621648,2022-7-16,1657929600000
Загиблі цивільні,1.0,В с. Широке внаслідок влучання боєприпасу в житловий будинок є один загиблий.,47.098634,32.674144,2022-7-21,1658361600000
Загиблі цивільні,2.0,Через удари по с. Шевченкове загинуло дві людини.,46.86215,32.196443,2022-7-23,1658534400000
Загиблі цивільні,7.0,"Ворожі касетні снаряди влучили у зупинку громадського транспорту в Корабельному районі Миколаєва, загинуло 7 цивільних.",46.959077,32.011812,2022-7-29,1659052800000
Загиблі цивільні,1.0,"У Миколаєві обстріляли один зі спальних районів міста, одна людина загинула.",46.959077,32.011812,2022-7-30,1659139200000
Загиблі цивільні,1.0,Внаслідок масованих обстрілів Миколаєва загинула одна людина,46.959077,32.011812,2022-7-31,1659225600000
Поранені цивільні,3.0,Через влучання по домогосподарствах у Широківській громаді поранено троє людей.,47.123866,32.621648,2022-7-9,1657324800000
Поранені цивільні,1.0,"У Миколаєві внаслідок ракетного обстрілу є один поранений.
",46.959077,32.011807,2022-7-11,1657497600000
Поранені цивільні,4.0,У Миколаєві через масований ракетний обстріл поранено 4 людей.,46.959077,32.011807,2022-7-12,1657584000000
Поранені цивільні,1.0,"По Миколаєву випущено 9 ракет типу С-300, поранена одна людина.",46.959077,32.011807,2022-7-14,1657756800000
Поранені цивільні,2.0,Через обстріли с. Новоселівка поранено 2 людини.,46.999938,32.395752,2022-7-13,1657670400000
Поранені цивільні,2.0,Через обстріли у Широківській громаді отримали поранення 2 людини.,47.123866,32.621648,2022-7-15,1657843200000
Поранені цивільні,3.0,У с. Шевченкове внаслідок обстрілів поранені три людини. ,46.86215,32.196443,2022-7-16,1657929600000
Поранені цивільні,2.0,Окупанти обстріляли касетними снарядами Корабельний район Миколаєва - поранень зазнали двоє цивільних.,46.870032,32.025611,2022-7-18,1658102400000
Поранені цивільні,2.0,В смт Березнегувате після ракетного обстрілу з-під завалів врятовано дві людини.,47.307953,32.846669,2022-7-20,1658275200000
Поранені цивільні,1.0,"Окупанти випустили по Миколаєву сім ракет С-300, одна людина постраждала. ",46.959077,32.01181,2022-7-21,1658361600000
Поранені цивільні,5.0,"По Миколаєву було випущено чотири крилатих ракети типу «Калібр». Відомо про п‘ятьох поранених, серед них підліток. ",46.959077,32.011811,2022-7-23,1658534400000
Поранені цивільні,1.0,Через обстріл с. Мішково-Погорілове зазнала поранень 7-річна дитина.,46.995222,32.112717,2022-7-25,1658707200000
Поранені цивільні,3.0,У Миколаєві через ворожий обстріл отримали поранення троє осіб.,46.959077,32.011812,2022-7-28,1658966400000
Поранені цивільні,12.0,"Ворожі касетні снаряди влучили у зупинку громадського транспорту в Корабельному районі Миколаєва, поранено 12 цивільних.",46.959077,32.011812,2022-7-29,1659052800000
Поранені цивільні,6.0,"У Миколаєві обстріляний один зі спальних районів міста, шість людей поранено.",46.959077,32.011812,2022-7-30,1659139200000
Поранені цивільні,2.0,Внаслідок масованих обстрілів Миколаєва поранено дві людини,46.959077,32.011812,2022-7-31,1659225600000
Житлові будинки,,"В с. Білозірка пошкоджено будинок, загинула одна людина.",47.090263,32.448873,2022-7-1,1656633600000
Житлові будинки,,В селищі Засілля зруйновано житловий будинок та господарське підсобне приміщення.,47.023995,32.427847,2022-7-2,1656720000000
Житлові будинки,,В смт Первомайське пошкоджено недобудовану 4-поверхівку. ,47.041483,32.43914,2022-7-2,1656720000000
Житлові будинки,,Внаслідок обстрілів в смт Первомайське виникло загоряння житлового будинку та гаражів.,47.041483,32.439141,2022-7-3,1656806400000
Житлові будинки,,"В с. Дніпровське внаслідок ворожого обстрілу зруйновано два житлових будинки, інші будинки й будівлі зазнали пошкоджень.",46.63574,31.873512,2022-7-3,1656806400000
Житлові будинки,,"Обстрілів зазнала Широківська громада. Зруйновано житловий будинок, потерпілих немає.",47.123866,32.621648,2022-7-4,1656892800000
Житлові будинки,,Внаслідок обстрілів с. Лимани зруйновано житловий будинок. ,46.72796,31.97235,2022-7-4,1656892800000
Житлові будинки,,"У Широківській громаді пошкоджено один житловий будинок, зруйновано ще один житловий будинок.",47.123866,32.621648,2022-7-5,1656979200000
Житлові будинки,,Через обстріли с. Новомиколаївка пошкоджено житлові будинки.,46.966356,32.359167,2022-7-6,1657065600000
Житлові будинки,,Через обстріли смт Березнегувате є руйнування житлових будинків.,47.307953,32.846669,2022-7-8,1657238400000
Житлові будинки,,"Внаслідок ворожих обстрілів у Галицинівській громаді, у СВТ «Бірюза» відбулась пожежа дачного будинку.",46.80328,31.954482,2022-7-7,1657152000000
Житлові будинки,,Внаслідок обстрілів с. Новомиколаївка частково пошкоджено житлові будинки.,46.966356,32.359167,2022-7-8,1657238400000
Житлові будинки,,У Широківській громаді влучання по житловим будинкам та відкритих територіяч домогосподарств.,47.123866,32.621648,2022-7-10,1657411200000
Житлові будинки,,Під час масованого ракетного обстрілу Миколаєва були влучання у житлові будинки.,46.959077,32.011807,2022-7-12,1657584000000
Житлові будинки,,Внаслідок обстрілів смт Первомайське зазнав пошкоджень житловий будинок.,47.04128,32.438662,2022-7-11,1657497600000
Житлові будинки,,В смт Березнегувате було влучання по житлових будинках.,47.307953,32.846669,2022-7-13,1657670400000
Житлові будинки,,В с. Зоря пошкоджено житлові будинки.,46.896352,32.288157,2022-7-12,1657584000000
Житлові будинки,,Нічний обстріл Баштанки зруйнував житлові будинки.,47.40372,32.438221,2022-7-14,1657756800000
Житлові будинки,,Обстріли с. Лимани пошкодили житлові будинки.,46.72796,31.97235,2022-7-15,1657843200000
Житлові будинки,,Періодичні обстріли у Широківській громаді зруйнували один житловий будинок і пошкодили три.,47.123866,32.621648,2022-7-15,1657843200000
Житлові будинки,,Через обстріли с. Олександрівка у 6 приватних будинках частково пошкоджені покрівлі та вікна.,47.55982,32.973923,2022-7-15,1657843200000
Житлові будинки,,У с. Шевченкове внаслідок обстрілів зруйновані житлові будинки.,46.86215,32.196443,2022-7-16,1657929600000
Житлові будинки,,Лимани зазнали масованого обстрілу: пошкоджено житлові будинки.,46.72796,31.97235,2022-7-16,1657929600000
Житлові будинки,,Через обстріли у Широківській громаді зруйновано житловий будинок.,47.123866,32.621648,2022-7-16,1657929600000
Житлові будинки,,Окупанти обстріляли касетними снарядами Корабельний район Миколаєва – пошкоджено вікна і дах у приватних будинках. ,46.870032,32.025611,2022-7-18,1658102400000
Житлові будинки,,Через обстріл у Шевченківській громаді відбулося руйнування житлових будинків.,46.844318,32.243351,2022-7-19,1658188800000
Житлові будинки,,В с. Лимани відбулось загоряння житлових та дачних будинків.,46.72796,31.97235,2022-7-19,1658188800000
Житлові будинки,,В Широківській громаді зруйновані та пошкоджені сім житлових будинків.,47.123866,32.621648,2022-7-19,1658188800000
Житлові будинки,,В смт Березнегувате внаслідок ракетного обстрілу пошкоджено вісім житлових будинків. ,47.307953,32.846669,2022-7-20,1658275200000
Житлові будинки,,Під ворожий обстріл потрапили житлові будинки в с. Калуга.,47.364476,32.94025,2022-7-20,1658275200000
Житлові будинки,,Під ворожий обстріл потрапили житлові будинки в с. Висунськ. ,47.261436,32.821056,2022-7-20,1658275200000
Житлові будинки,,Через обстріли с. Лимани зруйновано житлові будинки.,46.72796,31.97235,2022-7-20,1658275200000
Житлові будинки,,В с. Широке боєприпас влучив в житловий будинок.,47.098634,32.674144,2022-7-21,1658361600000
Житлові будинки,,Після обстрілів у с. Галицинове відбулося займання житлового будинку. ,46.780528,31.952911,2022-7-22,1658448000000
Житлові будинки,,"Через ракетний обстріл ракетами ""Калібр"" у Миколаєві повністю зруйновано декілька садиб, пошкоджено приватні та багатоповерхові будинки.",46.959077,32.011811,2022-7-23,1658534400000
Житлові будинки,,Через обстріли с. Лимани відбулося загоряння житлових будинків.,46.72796,31.97235,2022-7-23,1658534400000
Житлові будинки,,"Через обстріл с. Мішково-Погорілове зруйновані та пошкоджені будинки, виникла пожежа двоповерхового житлового будинку.",46.995222,32.112717,2022-7-25,1658707200000
Житлові будинки,,Через обстріли с. Маліївка зруйновано один житловий будинок. ,47.483595,32.73034,2022-7-25,1658707200000
Житлові будинки,,Внаслідок ворожих обстрілів в с. Шевченкове частково зруйновано житловий будинок. ,46.86215,32.196443,2022-7-26,1658793600000
Житлові будинки,,В селищі Весняне пошкоджено біля восьми приватних житлових будинків.,46.97526,31.892919,2022-7-26,1658793600000
Житлові будинки,,В с. Лепетиха пошкоджені житлові будинки.,47.331542,33.048818,2022-7-26,1658793600000
Житлові будинки,,В с. Кавказ пошкоджені житлові будинки.,47.286823,33.071037,2022-7-26,1658793600000
Житлові будинки,,Внаслідок ворожих обстрілів с. Лимани зруйновано та пошкоджено три житлових будинки.,46.72796,31.97235,2022-7-27,1658880000000
Житлові будинки,,В с. Широке пошкоджено три житлових будинки.,47.098634,32.674144,2022-7-27,1658880000000
Житлові будинки,,У Миколаєві зруйновано три приватних будинка.,46.959077,32.011812,2022-7-28,1658966400000
Житлові будинки,,У Миколаєві через обстріл багатоповерхівки зазнали значних ушкоджень,46.959077,32.011812,2022-7-30,1659139200000
Житлові будинки,,Внаслідок масованих обстрілів Миколаєва пошкоджено житлові будинки. Також зайнялась двоповерхова будівля,46.959077,32.011812,2022-7-31,1659225600000
Житлові будинки,,У селі Лупареве загорівся дачний будинок,46.696826,31.979453,2022-7-30,1659139200000
Навчальні заклади,,В смт Первомайське внаслідок обстрілів горіла шкільна їдальня.,47.041483,32.43914,2022-7-2,1656720000000
Навчальні заклади,,У Широківській громаді влучання по будівлі школи.,47.123866,32.621648,2022-7-10,1657411200000
Навчальні заклади,,По Миколаєву випущено 9 ракет типу С-300: постраждали два навчальні заклади.,46.959077,32.011807,2022-7-14,1657756800000
Навчальні заклади,,"Через ракетний обстріл ракетами ""Калібр"" у Миколаєві повністю зруйновано заклад освіти.",46.959077,32.011811,2022-7-23,1658534400000
Навчальні заклади,,Внаслідок влучання трьох ракет вщент зруйновано будівлю середньої школи у Корабельному районі Миколаєва. ,46.959077,32.011812,2022-7-28,1658966400000
Навчальні заклади,,Внаслідок масованих обстрілів Миколаєва пошкоджено два заклади освіти,46.959077,32.011812,2022-7-31,1659225600000
Сільськогосподарські та лісові ,,В лісовому урочищі Галицинівської громади горіли хвойна підстилка та лісові насадження на площі 1 га.,46.773075,31.962628,2022-7-1,1656633600000
Сільськогосподарські та лісові ,,"Обстріли с-ща Засілля та за межами населених пунктів Первомайської громади пошкодили присадибні ділянки, відбулося займання на полях.",47.023995,32.427847,2022-7-3,1656806400000
Сільськогосподарські та лісові ,,Внаслідок обстрілу Інгульської громади виникло займання поля з ріпаком. ,47.19975,32.225665,2022-7-5,1656979200000
Сільськогосподарські та лісові ,,В наслідок обстрілів с. Лимани виникло займання полів з урожаєм.,46.72796,31.97235,2022-7-4,1656892800000
Сільськогосподарські та лісові ,,Внаслідок обстрілів с. Квітневе спалахнули поля з урожаєм.,47.022603,32.455243,2022-7-5,1656979200000
Сільськогосподарські та лісові ,,"Обстріляно Широківську громаду, внаслідок чого відбулися займання полів. ",47.123866,32.621648,2022-7-6,1657065600000
Сільськогосподарські та лісові ,,Через обстріли с. Новомиколаївка відбулося займання сухостою та зернових полів.,46.966356,32.359167,2022-7-6,1657065600000
Сільськогосподарські та лісові ,,В смт Первомайське виникли загоряння полів з урожаєм.,46.966356,32.359167,2022-7-6,1657065600000
Сільськогосподарські та лісові ,,В с. Шевченкове виникла пожежа поля з ячменем та сухої трави.,46.86215,32.196443,2022-7-6,1657065600000
Сільськогосподарські та лісові ,,Через обстріли території у Широківській громаді відбулися займання полів. ,47.123866,32.621648,2022-7-7,1657152000000
Сільськогосподарські та лісові ,,"Внаслідок обстрілів с. Новомиколаївка Також відбулося займання полів із зерновими, лісосмуги та сухостою. ",46.966356,32.359167,2022-7-8,1657238400000
Сільськогосподарські та лісові ,,Після ворожих обстрілів виникла пожежа лісу на Кінбурнській косі та дві пожежі хвойного настилу на території лісництва поблизу с. Василівка.,46.497864,31.826792,2022-7-8,1657238400000
Сільськогосподарські та лісові ,,Внаслідок влучення боєприпасів та їх уламків горіли пожнивні залишки в с. Добре.,47.314146,32.453223,2022-7-8,1657238400000
Сільськогосподарські та лісові ,,Після ворожих обстрілів виникло займання поля з пшеницею в смт Березнегувате.,47.307953,32.846669,2022-7-10,1657411200000
Сільськогосподарські та лісові ,,За межами с. Новомиколаївка внаслідок обстрілу загорілися поля з врожаєм і лісосмуги. ,46.966356,32.359167,2022-7-10,1657411200000
Сільськогосподарські та лісові ,,В с. Лимани зайнялося поле з врожаєм та лісосмуга. ,46.72796,31.97235,2022-7-10,1657411200000
Сільськогосподарські та лісові ,,В смт Березнегувате виникло загоряння поля з пшеницею.,47.307953,32.846669,2022-7-12,1657584000000
Сільськогосподарські та лісові ,,В с. Шевченкове загорілися поля з зерновими.,46.86215,32.196443,2022-7-12,1657584000000
Сільськогосподарські та лісові ,,У Широківській громаді горіли поля з зерновими.,47.123866,32.621648,2022-7-14,1657756800000
Сільськогосподарські та лісові ,,Через обстріли с. Лимани відбулося займання лісу. ,46.72796,31.97235,2022-7-14,1657756800000
Сільськогосподарські та лісові ,,Через обстріли виникло загоряння поля з ячменем в с. Шевченкове.,46.86215,32.196443,2022-7-14,1657756800000
Сільськогосподарські та лісові ,,Через обстріли виникло загоряння поля з пшеницею у с. Котляреве.,46.885644,32.227655,2022-7-14,1657756800000
Сільськогосподарські та лісові ,,Через потрапляння боєприпасів зайнялося поле з пшеницею у с. Привільне.,47.490558,32.297098,2022-7-14,1657756800000
Сільськогосподарські та лісові ,,В Інгульській громаді внаслідок влучань горіли поля.,47.19975,32.225665,2022-7-16,1657929600000
Сільськогосподарські та лісові ,,Через обстріли с. Лимани виникли загоряння полів із зерновими. ,46.72796,31.97235,2022-7-18,1658102400000
Сільськогосподарські та лісові ,,Через обстріл у Шевченківській громаді відбулося загоряння полів із зерновими.,46.844318,32.243351,2022-7-19,1658188800000
Сільськогосподарські та лісові ,,Внаслідок ворожого обстрілу в лісовому урочищі Галицинівської громади горіли хвойна підстилка та лісові насадження.,46.80328,31.954482,2022-7-19,1658188800000
Сільськогосподарські та лісові ,,Через обстріли Баштанської громади горіли пожнивні залишки на полі.,47.3838,32.51341,2022-7-20,1658275200000
Сільськогосподарські та лісові ,,Внаслідок обстрілів Шевченківської громади між с. Котляреве та Зеленим Гаєм загорілися поля з зерновими.,46.912469,32.237155,2022-7-20,1658275200000
Сільськогосподарські та лісові ,,В лісовому урочищі Галицинівської громади виникло загоряння хвойної підстилки та лісових насаджень.,46.80328,31.954482,2022-7-20,1658275200000
Сільськогосподарські та лісові ,,За с. Лимани зайнялися лісові насадження та поля із зерновими. ,46.72796,31.97235,2022-7-21,1658361600000
Сільськогосподарські та лісові ,,"Внаслідок обстрілів у с. Калинівка відбулось загоряння пожнивних залишків, лісосмуги та чагарників на відкритій території.",47.049012,32.179163,2022-7-21,1658361600000
Сільськогосподарські та лісові ,,Внаслідок потрапляння боєприпасів та їх уламків за межами с. Зелений Клин виникла пожежа сухої трави та пожнивних залишків.,47.418487,32.555622,2022-7-21,1658361600000
Сільськогосподарські та лісові ,,Внаслідок ворожих обстрілів в лісовому господарстві Галицинівської громади виникло загоряння хвойної підстилки та лісових насаджень.,46.80328,31.954482,2022-7-22,1658448000000
Сільськогосподарські та лісові ,,Через обстріли с. Лимани відбулося загоряння лісового насадження.,46.72796,31.97235,2022-7-23,1658534400000
Сільськогосподарські та лісові ,,Внаслідок ворожих обстрілів в Широківській громаді відбулося займання полів із зерновими. ,47.123866,32.621648,2022-7-24,1658620800000
Сільськогосподарські та лісові ,,У с. Котляреве Шевченківської громади горіли поля ячменю та пшениці. ,46.885644,32.227655,2022-7-26,1658793600000
Сільськогосподарські та лісові ,,У с. Лимани відбулося займання пшеничного поля.,46.72796,31.97235,2022-7-26,1658793600000
Сільськогосподарські та лісові ,,Внаслідок обстрілів горіли поля із зерновими за межами с. Шевченкове.,46.86215,32.196443,2022-7-27,1658880000000
Сільськогосподарські та лісові ,,Через обстріли території між с. Новомиколаївка та Костянтинівка були численні займання полів та сухостою.,46.980092,32.339906,2022-7-28,1658966400000
Сільськогосподарські та лісові ,,Виникло загоряння поля з пшеницею в с. Дмитрівка Куцурубської громади.,46.632603,31.738128,2022-7-28,1658966400000
Сільськогосподарські та лісові ,,Відбулося займання хвойної підстилки на Кінбурнській косі.,46.497864,31.826792,2022-7-28,1658966400000
Сільськогосподарські та лісові ,,Відбулося займання полів в с. Широке.,47.098634,32.674144,2022-7-29,1659052800000
Сільськогосподарські та лісові ,,Відбулося займання полів з зерновими в с. Новомиколаївка,46.966356,32.359167,2022-7-31,1659225600000
Підприємства та сг виробництва,,12 ракетних ударів по портовій інфраструктурі та приватних підприємствах з виробництва парфумів та вапна.,46.959077,32.011807,2022-7-1,1656633600000
Підприємства та сг виробництва,,В с. Шевченкове зазнало часткових руйнувань приватне підприємство. ,46.86215,32.196443,2022-7-2,1656720000000
Підприємства та сг виробництва,,Обстріли Острівського старостинського округу зруйновали фермерське господарство.,46.717996,31.709332,2022-7-7,1657152000000
Підприємства та сг виробництва,,Обстріли території фермерського господарства у Широківській громаді. ,47.123866,32.621648,2022-7-7,1657152000000
Підприємства та сг виробництва,,Внаслідок обстрілів смт Первомайське зазнали пошкоджень приватне сільське господарство і сільгосптехніка.,47.04128,32.438662,2022-7-11,1657497600000
Підприємства та сг виробництва,,Обстріли в смт Первомайське пошкодили об'єкти сільськогосподарського призначення.,47.04128,32.438662,2022-7-15,1657843200000
Підприємства та сг виробництва,,Під час масованого ракетного обстрілу Миколаєва є влучання та пожежі на двох промислових підприємствах. ,46.959077,32.011809,2022-7-17,1658016000000
Підприємства та сг виробництва,,Через обстріли у Широківській громаді пошкоджено сільськогосподарські будівлі та корівники.,47.123866,32.621648,2022-7-16,1657929600000
Підприємства та сг виробництва,,В селі Українка відбулось загоряння сількогосподарських будівель та техніки.,46.824849,32.141298,2022-7-21,1658361600000
Підприємства та сг виробництва,,Під час обстрілів с. Широке були влучання по сільськогосподарським будівлям.,47.098634,32.674144,2022-7-22,1658448000000
Підприємства та сг виробництва,,Через удар по Миколаєву шістьма ракетами С-300 відбулося займання на території складського приміщення.,46.959077,32.011811,2022-7-22,1658448000000
Підприємства та сг виробництва,,Під час нічного обстрілу Миколаєва було влучання у складське приміщення.,46.959077,32.011812,2022-7-24,1658620800000
Підприємства та сг виробництва,,Під час масованого ракетного удару по Миколаєву уражено автотранспортне підприємство.,46.959077,32.011812,2022-7-26,1658793600000
Підприємства та сг виробництва,,У Миколаєві потрапляння снарядів у промислову зону та ремонтне підприємство. ,46.959077,32.011812,2022-7-27,1658880000000
Підприємства та сг виробництва,,Ракетний удар по Миколаєву пошкодив склад агропромислового підприємства та господарські споруди.,46.959077,32.011812,2022-7-28,1658966400000
Підприємства та сг виробництва,,Внаслідок масованих обстрілів Миколаєва пошкоджено СТО,46.959077,32.011812,2022-7-31,1659225600000
Домогосподарства,,У Широківській громаді було влучання було по домогосподарству. Потерпілих немає.,47.123866,32.621648,2022-7-1,1656633600000
Домогосподарства,,В смт Первомайське пошкоджено приватні сектори. ,47.04128,32.438662,2022-7-6,1657065600000
Домогосподарства,,Обстріли у Широківській громаді: влучання по домогосподарствах.,47.123866,32.621648,2022-7-9,1657324800000
Домогосподарства,,Через обстріли в селищі Засілля зруйновано господарські споруди.,47.023995,32.427847,2022-7-9,1657324800000
Домогосподарства,,У Широківській громаді влучання по житловим будинкам та відкритим територіям домогосподарств.,47.123866,32.621648,2022-7-10,1657411200000
Домогосподарства,,Через обстріли с. Лимани відбулося займання нежитлових господарських будівель.,46.72796,31.97235,2022-7-14,1657756800000
Домогосподарства,,Лимани зазнали масованого обстрілу: пошкоджено господарські будівлі.,46.72796,31.97235,2022-7-16,1657929600000
Домогосподарства,,Через обстріли с. Лимани зруйновано господарські споруди.,46.72796,31.97235,2022-7-20,1658275200000
Домогосподарства,,Через обстріли с. Лимани відбулося загоряння господарських споруд.,46.72796,31.97235,2022-7-23,1658534400000
Домогосподарства,,Внаслідок ворожих обстрілів в с. Шевченкове виникла пожежа господарчої будівлі. ,46.86215,32.196443,2022-7-26,1658793600000
Домогосподарства,,В селищі Весняне виникла пожежа господарчої будівлі.,46.97526,31.892919,2022-7-26,1658793600000
Домогосподарства,,В с. Широке було влучання в домогосподарство.,47.098634,32.674144,2022-7-26,1658793600000
Домогосподарства,,В с. Широке влучання ворожих снарядів по домогосподарствах.,47.098634,32.674144,2022-7-27,1658880000000
Домогосподарства,,Внаслідок масованих обстрілів Миколаєва пошкоджено дві господарчі споруди,46.959077,32.011812,2022-7-31,1659225600000
Заклади культури,,В смт Первомайське внаслідок обстрілів виникла пожежа спортивної бази місцевого будинку культури.,47.041483,32.43914,2022-7-2,1656720000000
Заклади культури,,Під час обстрілу Широківської громади було влучання по будинку культури.,47.123866,32.621648,2022-7-14,1657756800000
Заклади культури,,Шість влучань ворожих снарядів по будинку культури в с. Широке.,47.098634,32.674144,2022-7-23,1658534400000
Критична інфраструктура,,Внаслідок обстрілів Куцурубської громади пошкоджено дві електроопори.,46.659323,31.634256,2022-7-5,1656979200000
Критична інфраструктура,,Через обстріли смт Березнегувате є руйнування об‘єктів інфраструктури.,47.307953,32.846669,2022-7-8,1657238400000
Критична інфраструктура,,Ракетний удар зруйнував котельню у Баштанці.,47.40372,32.438221,2022-7-12,1657584000000
Критична інфраструктура,,У Широківській громаді пошкоджена водонапірна башта.,47.123866,32.621648,2022-7-14,1657756800000
Критична інфраструктура,,Обстріли в смт Первомайське пошкодили об'єкти критичної інфраструктури.,47.04128,32.438662,2022-7-15,1657843200000
Критична інфраструктура,,"Обстріли с. Лимани пошкодили об'єкти критичної інфраструктури, внаслідок чого село залишилося без електро- газопостачання. ",46.72796,31.97235,2022-7-15,1657843200000
Критична інфраструктура,,Під ворожий обстріл потрапили об'єкти інфраструктури в с. Калуга.,47.364476,32.94025,2022-7-20,1658275200000
Критична інфраструктура,,Під ворожий обстріл потрапили об'єкти інфраструктури в с. Висунськ. ,47.261436,32.821056,2022-7-20,1658275200000
Критична інфраструктура,,"Окупанти випустили по Миколаєву сім ракет С-300: є влучання в об’єкт інфраструктури, АЗС та газогін.",46.959077,32.01181,2022-7-21,1658361600000
Критична інфраструктура,,"Через обстріл с. Мішково-Погорілове пошкоджено об'єкти критичної інфраструктури, електро- та газопостачання. ",46.995222,32.112717,2022-7-25,1658707200000
Критична інфраструктура,,Під час масованого ракетного удару по Миколаєву уражено об’єкт критичної інфраструктури. ,46.959077,32.011812,2022-7-26,1658793600000
Критична інфраструктура,,Окупанти обстріляли об'єкт інфраструктури в Ольшанській громаді. ,47.161138,31.788057,2022-7-25,1658707200000
Критична інфраструктура,,В с. Широке зруйновані мережі електроопор.,47.098634,32.674144,2022-7-26,1658793600000
Критична інфраструктура,,Внаслідок ворожих обстрілів с. Лимани пошкоджено електромережу.,46.72796,31.97235,2022-7-27,1658880000000
Критична інфраструктура,,У Березнегуватській громаді пошкоджено лінію електропередач.,47.198526,32.829574,2022-7-28,1658966400000
Критична інфраструктура,,"Внаслідок обстрілу було пошкоджено об'єкти електропостачання, як наслідок зникло світло у н.п. Лепетинського старостиннського округу",47.32143,32.91042,2022-7-31,1659225600000
Медичні заклади,,Під час масованого ракетного обстрілу Миколаєва були влучання у два медичні заклади.,46.959077,32.011807,2022-7-12,1657584000000
Медичні заклади,,В смт Березнегувате було влучання по лікарні.,47.307953,32.846669,2022-7-13,1657670400000
Адміністративні будівлі,,У Широківській громаді влучання по вже зруйнованій будівлі ЦНАПу.,47.123866,32.621648,2022-7-10,1657411200000
Цивільна інфраструктура,,Руйнація інфраструктури внаслідок обстрілу с. Стара Богданівка Радсадівської громади,46.844166,31.908865,2022-7-1,1656633600000
Цивільна інфраструктура,,В смт Первомайське зруйновано соціальну інфраструктуру.,47.041483,32.43914,2022-7-2,1656720000000
Цивільна інфраструктура,,Обстріли с. Степове пошкодили будівлю церкви.,47.109722,32.379444,2022-7-3,1656806400000
Цивільна інфраструктура,,В с. Білозірка пошкоджено магазин. ,47.090263,32.448873,2022-7-6,1657065600000
Цивільна інфраструктура,,Через обстріли смт Шевченкове згорів заклад ресторанного господарства.,46.86215,32.196443,2022-7-10,1657411200000
Цивільна інфраструктура,,Внаслідок обстрілів с. Лимани сталося займання на місцевому цвинтарі.,46.72796,31.97235,2022-7-12,1657584000000
Цивільна інфраструктура,,По Миколаєву випущено 9 ракет типу С-300: пошкоджено об’єкт транспортної інфраструктури. та готель.,46.959077,32.011807,2022-7-14,1657756800000
Цивільна інфраструктура,,У Миколаєві ракети влучили в автосалон та салон з продажу сільгосптехніки. ,46.959077,32.01181,2022-7-18,1658102400000
Цивільна інфраструктура,,Влучання в будівлю магазину та гаражний кооператив у смт Первомайське.,47.04128,32.438662,2022-7-22,1658448000000
Цивільна інфраструктура,,Ракетний удар по Миколаєву пошкодив яхт-клуб.,46.959077,32.011812,2022-7-28,1658966400000
Цивільна інфраструктура,,У Миколаєві пошкоджено пункт видачі гуманітарної допомоги.,46.959077,32.011812,2022-7-28,1658966400000
Цивільна інфраструктура,,Внаслідок масованих обстрілів Миколаєва пошкоджено готель і спортивний комплекс,46.959077,32.011812,2022-7-31,1659225600000
Ракети,,,46.959077,32.011812,2022-8-2,1659398400000
Ракети,,,46.959077,32.011812,2022-8-6,1659744000000
Ракети,,,46.959077,32.011812,2022-8-16,1660608000000
Ракети,,,46.959077,32.011812,2022-8-19,1660867200000
Ракети,,,46.959077,32.011812,2022-8-20,1660953600000
Ракети,,,46.959077,32.011812,2022-8-21,1661040000000
Ракети,,,47.569273,31.332095,2022-8-20,1660953600000
Ракети,,,47.098634,32.674144,2022-8-23,1661212800000
Ракети,,,46.959077,32.011812,2022-8-25,1661385600000
Ракети,,,46.959077,32.011812,2022-8-29,1661731200000
Ракети,,,47.402978,32.53217,2022-8-29,1661731200000
Ракети,,,47.198526,32.829574,2022-8-31,1661904000000
Касетні боєприпаси,,,46.780528,31.952911,2022-8-18,1660780800000
Касетні боєприпаси,,,47.04128,32.438662,2022-8-19,1660867200000
Артилерія та РСЗВ,,,46.959077,32.011812,2022-8-2,1659398400000
Артилерія та РСЗВ,,,46.885644,32.227655,2022-8-1,1659312000000
Артилерія та РСЗВ,,,46.780528,31.952911,2022-8-1,1659312000000
Артилерія та РСЗВ,,,47.098634,32.674144,2022-8-1,1659312000000
Артилерія та РСЗВ,,,47.26453,32.6054,2022-8-2,1659398400000
Артилерія та РСЗВ,,,47.198526,32.829574,2022-8-2,1659398400000
Артилерія та РСЗВ,,,46.959077,32.011812,2022-8-2,1659398400000
Артилерія та РСЗВ,,,46.959077,32.011812,2022-8-3,1659484800000
Артилерія та РСЗВ,,,46.966356,32.359167,2022-8-2,1659398400000
Артилерія та РСЗВ,,,46.902901,31.987211,2022-8-2,1659398400000
Артилерія та РСЗВ,,,46.780528,31.952911,2022-8-3,1659484800000
Артилерія та РСЗВ,,,47.198526,32.829574,2022-8-3,1659484800000
Артилерія та РСЗВ,,,46.959077,32.011812,2022-8-4,1659571200000
Артилерія та РСЗВ,,,46.619291,31.544722,2022-8-3,1659484800000
Артилерія та РСЗВ,,,46.696826,31.979453,2022-8-3,1659484800000
Артилерія та РСЗВ,,,46.896352,32.288157,2022-8-3,1659484800000
Артилерія та РСЗВ,,,46.86215,32.196443,2022-8-3,1659484800000
Артилерія та РСЗВ,,,46.659323,31.634256,2022-8-3,1659484800000
Артилерія та РСЗВ,,,47.098634,32.674144,2022-8-3,1659484800000
Артилерія та РСЗВ,,,47.14444,32.663701,2022-8-3,1659484800000
Артилерія та РСЗВ,,,47.26453,32.6054,2022-8-4,1659571200000
Артилерія та РСЗВ,,,47.286823,33.071037,2022-8-4,1659571200000
Артилерія та РСЗВ,,,46.959077,32.011812,2022-8-5,1659657600000
Артилерія та РСЗВ,,,46.706472,31.896191,2022-8-4,1659571200000
Артилерія та РСЗВ,,,47.035355,32.112348,2022-8-5,1659657600000
Артилерія та РСЗВ,,,46.86215,32.196443,2022-8-5,1659657600000
Артилерія та РСЗВ,,,46.80328,31.954482,2022-8-5,1659657600000
Артилерія та РСЗВ,,,47.098634,32.674144,2022-8-4,1659571200000
Артилерія та РСЗВ,,,47.14444,32.663701,2022-8-4,1659571200000
Артилерія та РСЗВ,,,47.167679,32.679529,2022-8-4,1659571200000
Артилерія та РСЗВ,,,47.098634,32.674144,2022-8-5,1659657600000
Артилерія та РСЗВ,,,47.198526,32.829574,2022-8-5,1659657600000
Артилерія та РСЗВ,,,46.959077,32.011812,2022-8-5,1659657600000
Артилерія та РСЗВ,,,46.966356,32.359167,2022-8-5,1659657600000
Артилерія та РСЗВ,,,46.780528,31.952911,2022-8-5,1659657600000
Артилерія та РСЗВ,,,47.14444,32.663701,2022-8-5,1659657600000
Артилерія та РСЗВ,,,47.167679,32.679529,2022-8-6,1659744000000
Артилерія та РСЗВ,,,47.109722,32.379444,2022-8-6,1659744000000
Артилерія та РСЗВ,,,47.098634,32.674144,2022-8-6,1659744000000
Артилерія та РСЗВ,,,47.14444,32.663701,2022-8-6,1659744000000
Артилерія та РСЗВ,,,47.123866,32.621648,2022-8-6,1659744000000
Артилерія та РСЗВ,,,47.198526,32.829574,2022-8-5,1659657600000
Артилерія та РСЗВ,,,46.959077,32.011812,2022-8-6,1659744000000
Артилерія та РСЗВ,,,46.959077,32.011812,2022-8-7,1659830400000
Артилерія та РСЗВ,,,46.885644,32.227655,2022-8-6,1659744000000
Артилерія та РСЗВ,,,46.985922,32.435539,2022-8-6,1659744000000
Артилерія та РСЗВ,,,46.987659,32.315543,2022-8-6,1659744000000
Артилерія та РСЗВ,,,46.966356,32.359167,2022-8-7,1659830400000
Артилерія та РСЗВ,,,46.72796,31.97235,2022-8-6,1659744000000
Артилерія та РСЗВ,,,46.696826,31.979453,2022-8-6,1659744000000
Артилерія та РСЗВ,,,47.198526,32.829574,2022-8-6,1659744000000
Артилерія та РСЗВ,,,47.307953,32.846669,2022-8-6,1659744000000
Артилерія та РСЗВ,,,47.123866,32.621648,2022-8-6,1659744000000
Артилерія та РСЗВ,,,47.604667,31.377889,2022-8-7,1659830400000
Артилерія та РСЗВ,,,46.959077,32.011812,2022-8-7,1659830400000
Артилерія та РСЗВ,,,46.959077,32.011812,2022-8-8,1659916800000
Артилерія та РСЗВ,,,47.051891,31.88553,2022-8-7,1659830400000
Артилерія та РСЗВ,,,46.780528,31.952911,2022-8-7,1659830400000
Артилерія та РСЗВ,,,47.04128,32.438662,2022-8-7,1659830400000
Артилерія та РСЗВ,,,47.39841,32.59419,2022-8-7,1659830400000
Артилерія та РСЗВ,,,47.098634,32.674144,2022-8-7,1659830400000
Артилерія та РСЗВ,,,47.14444,32.663701,2022-8-8,1659916800000
Артилерія та РСЗВ,,,47.167679,32.679529,2022-8-8,1659916800000
Артилерія та РСЗВ,,,47.098634,32.674144,2022-8-8,1659916800000
Артилерія та РСЗВ,,,47.307953,32.846669,2022-8-8,1659916800000
Артилерія та РСЗВ,,,46.959077,32.011812,2022-8-9,1660003200000
Артилерія та РСЗВ,,,46.780528,31.952911,2022-8-8,1659916800000
Артилерія та РСЗВ,,,46.80328,31.954482,2022-8-8,1659916800000
Артилерія та РСЗВ,,,46.72796,31.97235,2022-8-9,1660003200000
Артилерія та РСЗВ,,,46.86215,32.196443,2022-8-8,1659916800000
Артилерія та РСЗВ,,,47.198526,32.829574,2022-8-8,1659916800000
Артилерія та РСЗВ,,,47.307953,32.846669,2022-8-9,1660003200000
Артилерія та РСЗВ,,,47.167679,32.679529,2022-8-8,1659916800000
Артилерія та РСЗВ,,,46.959077,32.011812,2022-8-10,1660089600000
Артилерія та РСЗВ,,,46.86215,32.196443,2022-8-9,1660003200000
Артилерія та РСЗВ,,,46.826064,32.219268,2022-8-9,1660003200000
Артилерія та РСЗВ,,,46.86215,32.196443,2022-8-10,1660089600000
Артилерія та РСЗВ,,,46.987659,32.315543,2022-8-10,1660089600000
Артилерія та РСЗВ,,,47.04128,32.438662,2022-8-10,1660089600000
Артилерія та РСЗВ,,,46.80328,31.954482,2022-8-9,1660003200000
Артилерія та РСЗВ,,,46.80328,31.954482,2022-8-10,1660089600000
Артилерія та РСЗВ,,,47.167679,32.679529,2022-8-9,1660003200000
Артилерія та РСЗВ,,,47.098634,32.674144,2022-8-9,1660003200000
Артилерія та РСЗВ,,,47.198526,32.829574,2022-8-9,1660003200000
Артилерія та РСЗВ,,,46.896352,32.288157,2022-8-10,1660089600000
Артилерія та РСЗВ,,,46.987659,32.315543,2022-8-10,1660089600000
Артилерія та РСЗВ,,,46.987659,32.315543,2022-8-11,1660176000000
Артилерія та РСЗВ,,,46.839396,31.992933,2022-8-10,1660089600000
Артилерія та РСЗВ,,,47.098634,32.674144,2022-8-10,1660089600000
Артилерія та РСЗВ,,,47.331542,33.048818,2022-8-10,1660089600000
Артилерія та РСЗВ,,,47.286823,33.071037,2022-8-10,1660089600000
Артилерія та РСЗВ,,,47.307953,32.846669,2022-8-10,1660089600000
Артилерія та РСЗВ,,,46.959077,32.011812,2022-8-11,1660176000000
Артилерія та РСЗВ,,,46.839396,31.992933,2022-8-11,1660176000000
Артилерія та РСЗВ,,,46.896352,32.288157,2022-8-11,1660176000000
Артилерія та РСЗВ,,,46.80328,31.954482,2022-8-11,1660176000000
Артилерія та РСЗВ,,,46.987659,32.315543,2022-8-11,1660176000000
Артилерія та РСЗВ,,,46.966356,32.359167,2022-8-11,1660176000000
Артилерія та РСЗВ,,,46.706472,31.896191,2022-8-11,1660176000000
Артилерія та РСЗВ,,,47.331542,33.048818,2022-8-11,1660176000000
Артилерія та РСЗВ,,,47.286823,33.071037,2022-8-11,1660176000000
Артилерія та РСЗВ,,,47.307953,32.846669,2022-8-11,1660176000000
Артилерія та РСЗВ,,,47.167679,32.679529,2022-8-11,1660176000000
Артилерія та РСЗВ,,,47.123866,32.621648,2022-8-11,1660176000000
Артилерія та РСЗВ,,,46.93527,32.305433,2022-8-11,1660176000000
Артилерія та РСЗВ,,,46.640231,31.847701,2022-8-12,1660262400000
Артилерія та РСЗВ,,,46.780528,31.952911,2022-8-12,1660262400000
Артилерія та РСЗВ,,,46.987659,32.315543,2022-8-12,1660262400000
Артилерія та РСЗВ,,,47.307953,32.846669,2022-8-12,1660262400000
Артилерія та РСЗВ,,,47.331542,33.048818,2022-8-12,1660262400000
Артилерія та РСЗВ,,,47.286823,33.071037,2022-8-12,1660262400000
Артилерія та РСЗВ,,,47.155185,32.910984,2022-8-12,1660262400000
Артилерія та РСЗВ,,,47.098634,32.674144,2022-8-12,1660262400000
Артилерія та РСЗВ,,,47.14444,32.663701,2022-8-12,1660262400000
Артилерія та РСЗВ,,,46.959077,32.011812,2022-8-13,1660348800000
Артилерія та РСЗВ,,,46.959077,32.011812,2022-8-13,1660348800000
Артилерія та РСЗВ,,,46.959077,32.011812,2022-8-14,1660435200000
Артилерія та РСЗВ,,,47.04128,32.438662,2022-8-13,1660348800000
Артилерія та РСЗВ,,,46.780528,31.952911,2022-8-14,1660435200000
Артилерія та РСЗВ,,,47.098634,32.674144,2022-8-13,1660348800000
Артилерія та РСЗВ,,,47.167679,32.679529,2022-8-13,1660348800000
Артилерія та РСЗВ,,,47.098634,32.674144,2022-8-14,1660435200000
Артилерія та РСЗВ,,,47.307953,32.846669,2022-8-13,1660348800000
Артилерія та РСЗВ,,,47.331542,33.048818,2022-8-13,1660348800000
Артилерія та РСЗВ,,,47.286823,33.071037,2022-8-13,1660348800000
Артилерія та РСЗВ,,,46.959077,32.011812,2022-8-15,1660521600000
Артилерія та РСЗВ,,,46.885644,32.227655,2022-8-15,1660521600000
Артилерія та РСЗВ,,,47.098634,32.674144,2022-8-15,1660521600000
Артилерія та РСЗВ,,,47.167679,32.679529,2022-8-15,1660521600000
Артилерія та РСЗВ,,,47.307953,32.846669,2022-8-14,1660435200000
Артилерія та РСЗВ,,,47.261436,32.821056,2022-8-14,1660435200000
Артилерія та РСЗВ,,,47.27598,32.837025,2022-8-14,1660435200000
Артилерія та РСЗВ,,,47.04128,32.438662,2022-8-15,1660521600000
Артилерія та РСЗВ,,,46.72796,31.97235,2022-8-15,1660521600000
Артилерія та РСЗВ,,,47.098634,32.674144,2022-8-15,1660521600000
Артилерія та РСЗВ,,,47.14444,32.663701,2022-8-15,1660521600000
Артилерія та РСЗВ,,,47.14444,32.663701,2022-8-16,1660608000000
Артилерія та РСЗВ,,,47.198526,32.829574,2022-8-15,1660521600000
Артилерія та РСЗВ,,,47.331542,33.048818,2022-8-15,1660521600000
Артилерія та РСЗВ,,,47.286823,33.071037,2022-8-15,1660521600000
Артилерія та РСЗВ,,,47.307953,32.846669,2022-8-16,1660608000000
Артилерія та РСЗВ,,,46.959077,32.011812,2022-8-16,1660608000000
Артилерія та РСЗВ,,,47.04128,32.438662,2022-8-16,1660608000000
Артилерія та РСЗВ,,,46.632603,31.738128,2022-8-16,1660608000000
Артилерія та РСЗВ,,,47.098634,32.674144,2022-8-16,1660608000000
Артилерія та РСЗВ,,,47.098634,32.674144,2022-8-17,1660694400000
Артилерія та РСЗВ,,,47.198526,32.829574,2022-8-16,1660608000000
Артилерія та РСЗВ,,,47.06066,32.376822,2022-8-17,1660694400000
Артилерія та РСЗВ,,,46.86215,32.196443,2022-8-17,1660694400000
Артилерія та РСЗВ,,,47.098634,32.674144,2022-8-17,1660694400000
Артилерія та РСЗВ,,,47.098634,32.674144,2022-8-18,1660780800000
Артилерія та РСЗВ,,,47.198526,32.829574,2022-8-17,1660694400000
Артилерія та РСЗВ,,,46.959077,32.011812,2022-8-18,1660780800000
Артилерія та РСЗВ,,,47.123866,32.621648,2022-8-18,1660780800000
Артилерія та РСЗВ,,,47.198526,32.829574,2022-8-18,1660780800000
Артилерія та РСЗВ,,,46.987659,32.315543,2022-8-19,1660867200000
Артилерія та РСЗВ,,,47.14444,32.663701,2022-8-19,1660867200000
Артилерія та РСЗВ,,,47.098634,32.674144,2022-8-19,1660867200000
Артилерія та РСЗВ,,,47.098634,32.674144,2022-8-20,1660953600000
Артилерія та РСЗВ,,,47.167679,32.679529,2022-8-19,1660867200000
Артилерія та РСЗВ,,,47.198526,32.829574,2022-8-19,1660867200000
Артилерія та РСЗВ,,,47.187785,32.874432,2022-8-20,1660953600000
Артилерія та РСЗВ,,,46.896352,32.288157,2022-8-20,1660953600000
Артилерія та РСЗВ,,,46.908381,32.2575,2022-8-20,1660953600000
Артилерія та РСЗВ,,,47.168671,32.446554,2022-8-20,1660953600000
Артилерія та РСЗВ,,,47.14444,32.663701,2022-8-20,1660953600000
Артилерія та РСЗВ,,,47.098634,32.674144,2022-8-20,1660953600000
Артилерія та РСЗВ,,,47.098634,32.674144,2022-8-21,1661040000000
Артилерія та РСЗВ,,,47.198526,32.829574,2022-8-20,1660953600000
Артилерія та РСЗВ,,,46.959077,32.011812,2022-8-22,1661126400000
Артилерія та РСЗВ,,,46.987659,32.315543,2022-8-21,1661040000000
Артилерія та РСЗВ,,,47.40372,32.438221,2022-8-21,1661040000000
Артилерія та РСЗВ,,,47.123866,32.621648,2022-8-21,1661040000000
Артилерія та РСЗВ,,,47.098634,32.674144,2022-8-21,1661040000000
Артилерія та РСЗВ,,,47.168671,32.446554,2022-8-21,1661040000000
Артилерія та РСЗВ,,,47.198526,32.829574,2022-8-21,1661040000000
Артилерія та РСЗВ,,,47.168671,32.446554,2022-8-22,1661126400000
Артилерія та РСЗВ,,,47.14444,32.663701,2022-8-22,1661126400000
Артилерія та РСЗВ,,,47.098634,32.674144,2022-8-23,1661212800000
Артилерія та РСЗВ,,,47.307953,32.846669,2022-8-22,1661126400000
Артилерія та РСЗВ,,,47.167679,32.679529,2022-8-23,1661212800000
Артилерія та РСЗВ,,,47.14444,32.663701,2022-8-23,1661212800000
Артилерія та РСЗВ,,,47.098634,32.674144,2022-8-23,1661212800000
Артилерія та РСЗВ,,,47.098634,32.674144,2022-8-23,1661212800000
Артилерія та РСЗВ,,,47.123866,32.621648,2022-8-23,1661212800000
Артилерія та РСЗВ,,,47.26453,32.6054,2022-8-24,1661299200000
Артилерія та РСЗВ,,,47.198526,32.829574,2022-8-23,1661212800000
Артилерія та РСЗВ,,,47.261436,32.821056,2022-8-24,1661299200000
Артилерія та РСЗВ,,,47.307953,32.846669,2022-8-24,1661299200000
Артилерія та РСЗВ,,,47.690774,32.516459,2022-8-24,1661299200000
Артилерія та РСЗВ,,,46.959077,32.011812,2022-8-24,1661299200000
Артилерія та РСЗВ,,,46.885644,32.227655,2022-8-24,1661299200000
Артилерія та РСЗВ,,,46.966356,32.359167,2022-8-24,1661299200000
Артилерія та РСЗВ,,,47.123866,32.621648,2022-8-24,1661299200000
Артилерія та РСЗВ,,,47.14444,32.663701,2022-8-24,1661299200000
Артилерія та РСЗВ,,,47.307953,32.846669,2022-8-25,1661385600000
Артилерія та РСЗВ,,,47.331542,33.048818,2022-8-24,1661299200000
Артилерія та РСЗВ,,,47.286823,33.071037,2022-8-24,1661299200000
Артилерія та РСЗВ,,,46.696826,31.979453,2022-8-25,1661385600000
Артилерія та РСЗВ,,,47.098634,32.674144,2022-8-25,1661385600000
Артилерія та РСЗВ,,,47.098634,32.674144,2022-8-26,1661472000000
Артилерія та РСЗВ,,,47.14444,32.663701,2022-8-25,1661385600000
Артилерія та РСЗВ,,,47.14444,32.663701,2022-8-26,1661472000000
Артилерія та РСЗВ,,,47.198526,32.829574,2022-8-25,1661385600000
Артилерія та РСЗВ,,,47.307953,32.846669,2022-8-25,1661385600000
Артилерія та РСЗВ,,,46.959077,32.011812,2022-8-26,1661472000000
Артилерія та РСЗВ,,,46.959077,32.011812,2022-8-27,1661558400000
Артилерія та РСЗВ,,,47.04128,32.438662,2022-8-26,1661472000000
Артилерія та РСЗВ,,,47.04128,32.438662,2022-8-26,1661472000000
Артилерія та РСЗВ,,,47.14444,32.663701,2022-8-26,1661472000000
Артилерія та РСЗВ,,,47.098634,32.674144,2022-8-27,1661558400000
Артилерія та РСЗВ,,,47.167679,32.679529,2022-8-27,1661558400000
Артилерія та РСЗВ,,,47.198526,32.829574,2022-8-26,1661472000000
Артилерія та РСЗВ,,,47.307953,32.846669,2022-8-26,1661472000000
Артилерія та РСЗВ,,,46.93527,32.305433,2022-8-27,1661558400000
Артилерія та РСЗВ,,,47.187785,32.874432,2022-8-27,1661558400000
Артилерія та РСЗВ,,,47.04128,32.438662,2022-8-27,1661558400000
Артилерія та РСЗВ,,,47.098634,32.674144,2022-8-27,1661558400000
Артилерія та РСЗВ,,,47.098634,32.674144,2022-8-27,1661558400000
Артилерія та РСЗВ,,,47.098634,32.674144,2022-8-28,1661644800000
Артилерія та РСЗВ,,,47.198526,32.829574,2022-8-27,1661558400000
Артилерія та РСЗВ,,,46.959077,32.011812,2022-8-28,1661644800000
Артилерія та РСЗВ,,,46.959077,32.011812,2022-8-28,1661644800000
Артилерія та РСЗВ,,,47.04128,32.438662,2022-8-28,1661644800000
Артилерія та РСЗВ,,,46.887668,32.271986,2022-8-28,1661644800000
Артилерія та РСЗВ,,,46.885644,32.227655,2022-8-28,1661644800000
Артилерія та РСЗВ,,,46.606658,31.565892,2022-8-28,1661644800000
Артилерія та РСЗВ,,,47.307953,32.846669,2022-8-28,1661644800000
Артилерія та РСЗВ,,,47.261436,32.821056,2022-8-29,1661731200000
Артилерія та РСЗВ,,,47.14444,32.663701,2022-8-29,1661731200000
Артилерія та РСЗВ,,,47.167679,32.679529,2022-8-29,1661731200000
Артилерія та РСЗВ,,,47.123866,32.621648,2022-8-29,1661731200000
Артилерія та РСЗВ,,,46.606658,31.565892,2022-8-29,1661731200000
Артилерія та РСЗВ,,,47.06066,32.376822,2022-8-29,1661731200000
Артилерія та РСЗВ,,,47.049012,32.179163,2022-8-29,1661731200000
Артилерія та РСЗВ,,,47.198526,32.829574,2022-8-29,1661731200000
Артилерія та РСЗВ,,,46.959077,32.011812,2022-8-30,1661817600000
Артилерія та РСЗВ,,,46.966356,32.359167,2022-8-30,1661817600000
Артилерія та РСЗВ,,,47.307953,32.846669,2022-8-30,1661817600000
Артилерія та РСЗВ,,,47.261436,32.821056,2022-8-30,1661817600000
Артилерія та РСЗВ,,,47.286823,33.071037,2022-8-30,1661817600000
Артилерія та РСЗВ,,,47.14444,32.663701,2022-8-30,1661817600000
Артилерія та РСЗВ,,,47.14444,32.663701,2022-8-31,1661904000000
Артилерія та РСЗВ,,,47.098634,32.674144,2022-8-31,1661904000000
Артилерія та РСЗВ,,,46.966356,32.359167,2022-8-31,1661904000000
Артилерія та РСЗВ,,,47.04128,32.438662,2022-8-31,1661904000000
Артилерія та РСЗВ,,,47.187785,32.874432,2022-8-31,1661904000000
Артилерія та РСЗВ,,,46.923268,32.470676,2022-8-31,1661904000000
Артилерія та РСЗВ,,,46.659323,31.634256,2022-8-31,1661904000000
Артилерія та РСЗВ,,,47.307953,32.846669,2022-8-31,1661904000000
Артилерія та РСЗВ,,,47.261436,32.821056,2022-8-31,1661904000000
Артилерія та РСЗВ,,,47.286823,33.071037,2022-8-31,1661904000000
Артилерія та РСЗВ,,,47.098634,32.674144,2022-8-31,1661904000000
Загиблі цивільні,1.0,Внаслідок масованого обстрілу Миколаєва одна людина загинула,46.959077,32.011812,2022-8-5,1659657600000
Загиблі цивільні,1.0,Через обстріл Березнегуватого загинула одна людина,47.307953,32.846669,2022-8-6,1659744000000
Загиблі цивільні,1.0,Внаслідок обстрілу села Галицинове було вбито одну людину,46.780528,31.952911,2022-8-7,1659830400000
Загиблі цивільні,1.0,Ввечері внаслідок обстрілів смт Березнегувате загинула жінка,47.307953,32.846669,2022-8-11,1660176000000
Загиблі цивільні,1.0,Внаслідок обстрілів села Веселий Кут загинула жінка,47.155185,32.910984,2022-8-12,1660262400000
Загиблі цивільні,1.0,Під обстріл потрапило смт Березнегувате. Внаслідок чого одна людина загинула ,47.307953,32.846669,2022-8-16,1660608000000
Загиблі цивільні,1.0,Зафіксовані ворожі обстріли смт Первомайське одна людина загинула,47.04128,32.438662,2022-8-26,1661472000000
Загиблі цивільні,1.0,Ворог здійснював обстріли Шевченківської громади. Внаслідок обстрілів у селищі Любомирівка одна людина загинула,47.187785,32.874432,2022-8-28,1661644800000
Загиблі цивільні,2.0,Миколаїв зазнав масований обстріл шістнадцятьма зенітними ракетами С-300. Внаслідок чого дві людини загинуло,46.959077,32.011812,2022-8-29,1661731200000
Загиблі цивільні,1.0,Ворог обстріляв об’єкти інфраструктури Миколаєва. Є один загиблий ,46.959077,32.011812,2022-8-30,1661817600000
Поранені цивільні,3.0,Внаслідок масованих обстрілів Миколаєва поранено три людини,46.959077,32.011812,2022-8-1,1659312000000
Поранені цивільні,1.0,Внаслідок обстрілу Миколаєва був поранений охоронець одного з гуртожитків,46.959077,32.011812,2022-8-2,1659398400000
Поранені цивільні,1.0,Через обстріли с. Галицинове поранено одну людину,46.780528,31.952911,2022-8-3,1659484800000
Поранені цивільні,2.0,"Було обстріляно село Зоря, як наслідок поранено дві людини",46.896352,32.288157,2022-8-3,1659484800000
Поранені цивільні,3.0,В селі Парутине внаслідок обстрілу троє людей зазнали поранень,46.706472,31.896191,2022-8-4,1659571200000
Поранені цивільні,21.0,"Внаслідок масованого обстрілу Миколаєва поранено двадцять одна, серед яких 13-річний підліток",46.959077,32.011812,2022-8-5,1659657600000
Поранені цивільні,2.0,Через ракетний обстріл Миколаєва важко поранені дві людини,46.959077,32.011812,2022-8-6,1659744000000
Поранені цивільні,1.0,Внаслідок обстрілів села Новомиколаєвка поранено одну людину,46.966356,32.359167,2022-8-7,1659830400000
Поранені цивільні,1.0,Через обстріл Березнегуватого поранено 5 людей,47.307953,32.846669,2022-8-6,1659744000000
Поранені цивільні,3.0,"В Миколаєві поранено 3 людей через ворожі обстріли, серед них дівчинка 13 років",46.959077,32.011812,2022-8-10,1660089600000
Поранені цивільні,1.0,У Миколаєві поранення отримала одна цивільна особа внаслідок ворожого обстрілу,46.959077,32.011812,2022-8-13,1660348800000
Поранені цивільні,1.0,Під обстріл потрапило смт Березнегувате. Внаслідок чого одну людину поранено.,47.307953,32.846669,2022-8-16,1660608000000
Поранені цивільні,1.0,Внаслідок ворожих обстрілів в с. Червоне Воскресенської громади зазнала поранень одна людина,47.06066,32.376822,2022-8-17,1660694400000
Поранені цивільні,1.0,Місто зазнало обстрілів ракетами типу С-300. Одна людина отримали поранення,46.959077,32.011812,2022-8-19,1660867200000
Поранені цивільні,3.0,В результаті влучання касетних боєприпасів РСЗВ «Смерч» по селу Галицинове три людини отримали поранення.,46.780528,31.952911,2022-8-18,1660780800000
Поранені цивільні,3.0,Касетними снарядами обстріляно смт Первомайське. Дві людини зазнали поранень,47.04128,32.438662,2022-8-19,1660867200000
Поранені цивільні,1.0,"Було обстріляно с. Любомирівка, одна людина зазнала поранень",47.187785,32.874432,2022-8-20,1660953600000
Поранені цивільні,14.0,"Був нанесений ракетою типу «Калібр» по місту Вознесенськ. Відомо, що поранення отримали 14 людей, серед яких троє дітей",47.569273,31.332095,2022-8-20,1660953600000
Поранені цивільні,1.0,Ворог обстріляв місто Баштанка. У результаті чого одна дитина отримала легке поранення,47.40372,32.438221,2022-8-21,1661040000000
Поранені цивільні,9.0,"Були обстріли м. Новий Буг. Внаслідок цього 9 людей, з них 2 дітей отримали поранення",47.690774,32.516459,2022-8-24,1661299200000
Поранені цивільні,1.0,Обстрілів зазнало смт Березнегувате. Поранення отримала жінка,47.307953,32.846669,2022-8-26,1661472000000
Поранені цивільні,1.0,Під ворожими обстрілами були с. Оленівка та с-ще Любомирівка. Одна людина зазнала поранень,46.93527,32.305433,2022-8-27,1661558400000
Поранені цивільні,1.0,Ворог здійснював обстріли Шевченківської громади. У с. Котляреве одна людина зазнала важких поранень,46.885644,32.227655,2022-8-28,1661644800000
Поранені цивільні,24.0,Миколаїв зазнав масований обстріл шістнадцятьма зенітними ракетами С-300. Внаслідок чого 24 людини отримали поранення,46.959077,32.011812,2022-8-29,1661731200000
Поранені цивільні,2.0,Ворог обстріляв об’єкти інфраструктури Миколаєва. Є двоє поранених,46.959077,32.011812,2022-8-30,1661817600000
Житлові будинки,,Внаслідок масованих обстрілів Миколаєва уражено приватні будинки,46.959077,32.011812,2022-8-1,1659312000000
Житлові будинки,,Внаслідок обстрілу Миколаєва пошкоджено житлові будинки,46.959077,32.011812,2022-8-2,1659398400000
Житлові будинки,,У селі Котляреве через обстріли загорілись житлові приміщення,46.885644,32.227655,2022-8-1,1659312000000
Житлові будинки,,Внаслідок обстрілу Миколаєву були пошкоджені житлові будинки,46.959077,32.011812,2022-8-2,1659398400000
Житлові будинки,,У Миколаєві через обстріли пошкоджено багатоповерхові будинки,46.959077,32.011812,2022-8-3,1659484800000
Житлові будинки,,Через обстріли Миколаєва пошкоджено житлові будинки,46.959077,32.011812,2022-8-4,1659571200000
Житлові будинки,,У селі Лупареве пошкоджено житлові та нежитлові будинки,46.696826,31.979453,2022-8-3,1659484800000
Житлові будинки,,У селі Шевченкове через потрапляння боєприпасів виникло загоряння житлового будинку,46.86215,32.196443,2022-8-3,1659484800000
Житлові будинки,,Ворог влучив у приватний будинок та пошкодив будинки навколо у Миколаєві,46.959077,32.011812,2022-8-5,1659657600000
Житлові будинки,,Внаслідок обстрілу села Зайчівське відбулось займання житлового будинку,47.035355,32.112348,2022-8-5,1659657600000
Житлові будинки,,У селі Шевченкове пошкоджено житлові будинки,46.86215,32.196443,2022-8-5,1659657600000
Житлові будинки,,У селі Широке ворог зруйнував лінію електропередач,47.098634,32.674144,2022-8-4,1659571200000
Житлові будинки,,У Миколаєві пошкоджено 21 житловий будинок внаслідок масованого обстрілу. У 5 багатоповерхівка вибиті вікна,46.959077,32.011812,2022-8-5,1659657600000
Житлові будинки,,У селі Новомиколаївка внаслідок ворожого обстрілу загорівся будинок,46.966356,32.359167,2022-8-5,1659657600000
Житлові будинки,,У селі Червона Долина внаслідок обстрілу було пошкоджено житловий будинок,47.14444,32.663701,2022-8-5,1659657600000
Житлові будинки,,Внаслідок обстрілу повністю знищений житловий будинок у селі Котляреве,46.885644,32.227655,2022-8-6,1659744000000
Житлові будинки,,Внаслідок обстрілів села Новомиколаєвка пошкоджено житловий будинок,46.966356,32.359167,2022-8-7,1659830400000
Житлові будинки,,Через обстріл Березнегуватого пошкоджено житлові будинки,47.307953,32.846669,2022-8-6,1659744000000
Житлові будинки,,У селі Таборівка окупанти внаслідок обстрілів зруйнували три житлових будинку,47.604667,31.377889,2022-8-7,1659830400000
Житлові будинки,,Внаслідок обстрілу смт. Первомайське сталась пожежа житлового будинку,47.04128,32.438662,2022-8-7,1659830400000
Житлові будинки,,"Ворог пошкодив житлові будинки, обстрілявши смт. Березнегувате",47.307953,32.846669,2022-8-9,1660003200000
Житлові будинки,,В Миколаєві пошкоджено житлові будинки внаслідок обстрілу,46.959077,32.011812,2022-8-10,1660089600000
Житлові будинки,,У селі Шевченкове пошкоджено житлові будинки,46.86215,32.196443,2022-8-9,1660003200000
Житлові будинки,,У селищі Луч пошкоджено житлові будинки,46.826064,32.219268,2022-8-9,1660003200000
Житлові будинки,,У Галицинівській громаді внаслідок обстрілів пошкоджено житлові будинки ,46.80328,31.954482,2022-8-9,1660003200000
Житлові будинки,,У Галицинівській громаді внаслідок обстрілів пошкоджено житлові будинки ,46.80328,31.954482,2022-8-10,1660089600000
Житлові будинки,,У селі Зоря зруйновано житлові будинки внаслідок обстрілу,46.896352,32.288157,2022-8-10,1660089600000
Житлові будинки,,У селищі Широке внаслідок обстрілу зруйновані два житлові будинки,47.098634,32.674144,2022-8-10,1660089600000
Житлові будинки,,У місті Миколаїв через ворожі обстріли виникла пожежа житлового будинку у Корабельному районі міста ,46.959077,32.011812,2022-8-11,1660176000000
Житлові будинки,,Внаслідок обстрілів с. Зоря зруйновано два житлових будинки,46.896352,32.288157,2022-8-11,1660176000000
Житлові будинки,,У селищі Березнегувате внаслідок пошкоджено житлові будинки,47.307953,32.846669,2022-8-11,1660176000000
Житлові будинки,,Внаслідок обстрілі пошкоджено житлові будинки у селі Поляна,47.167679,32.679529,2022-8-11,1660176000000
Житлові будинки,,Внаслідок обстрілів села Веселий Кут пошкоджено житлові будинки.,47.155185,32.910984,2022-8-12,1660262400000
Житлові будинки,,Нанесено удар по житловим кварталам Миколаєва. Пошкоджень зазнали кілька будівельМиколаїв,46.959077,32.011812,2022-8-13,1660348800000
Житлові будинки,,Внаслідок російського обстрілу пошкоджено житловий будинок у селі Первомайське,47.04128,32.438662,2022-8-13,1660348800000
Житлові будинки,,Пошкоджено три житлових будинки у селі Широке,47.098634,32.674144,2022-8-13,1660348800000
Житлові будинки,,"Обстрілів зазнало с. Поляна, внаслідок чого пошкоджені житлові будинки",47.167679,32.679529,2022-8-15,1660521600000
Житлові будинки,,"Зафіксовано ворожі обстріли смт Первомайське. Внаслідок яких частково зруйновано заклад освіти, приватні будинки ",47.04128,32.438662,2022-8-15,1660521600000
Житлові будинки,,Були обстріли с. Широке. Зруйновано один житловий будинок,47.098634,32.674144,2022-8-15,1660521600000
Житлові будинки,,Під обстріл потрапило смт Березнегувате. Є зруйновані житлові будинки.,47.307953,32.846669,2022-8-16,1660608000000
Житлові будинки,,Окупанти обстріляли Миколаїв ракетами типу С-300. Пошкодили приватні будинки,46.959077,32.011812,2022-8-16,1660608000000
Житлові будинки,,Внаслідок ворожих обстрілів в с. Червоне пошкоджено житловий будинок.,47.06066,32.376822,2022-8-17,1660694400000
Житлові будинки,,Зафіксовано обстріл с. Шевченкове. Є пошкодження житлових будинків.,46.86215,32.196443,2022-8-17,1660694400000
Житлові будинки,,Миколаїв зазнав обстрілів ракетами типу С-300. Пошкоджено будинки,46.959077,32.011812,2022-8-19,1660867200000
Житлові будинки,,В результаті влучання касетних боєприпасів РСЗВ «Смерч» по селу Галицинове пошкоджено кілька житлових будинків,46.780528,31.952911,2022-8-18,1660780800000
Житлові будинки,,Були обстріли с. Червона Долина. Внаслідок чого пошкоджено житловий будинок.,47.14444,32.663701,2022-8-19,1660867200000
Житлові будинки,,Були обстріли с. Широке. Пошкоджено три житлових будинки,47.098634,32.674144,2022-8-20,1660953600000
Житлові будинки,,Були обстріли с. Червона Долина. Пошкоджено житловий будинок,47.14444,32.663701,2022-8-20,1660953600000
Житлові будинки,,Зазнало обстрілів с. Широке. В наслідок чого пошкоджені житлові будинки,47.098634,32.674144,2022-8-21,1661040000000
Житлові будинки,,"Удар був нанесений ракетою типу «Калібр» по місту Вознесенськ. В результаті потрапляння у п'ятиповерхівці пошкоджено конструктивні елементи з першого по п'ятий поверх, обрушені балкони, вибиті шибки та вікна. Також пошкоджено близько п'яти одноповерхових будинків",47.569273,31.332095,2022-8-20,1660953600000
Житлові будинки,,Ворог обстріляв місто Баштанка та влучив в приватний сектор. У результаті чого загорілась покрівля двоповерхового житлового будинку. Також пошкоджено приблизно 10 будинків,47.40372,32.438221,2022-8-21,1661040000000
Житлові будинки,,Були обстріли с. Широке. Влучання були у житлові будинки,47.098634,32.674144,2022-8-21,1661040000000
Житлові будинки,,Обстрілів зазнало с. Червона Долина. Пошкоджені чотири житлових будинки.,47.14444,32.663701,2022-8-22,1661126400000
Житлові будинки,,Був авіаналіт на село Широке. Влучено в один житловий будинок,47.098634,32.674144,2022-8-23,1661212800000
Житлові будинки,,Були обстріли Явкінського старостинського округу. Є пошкоджені будинки,47.26453,32.6054,2022-8-24,1661299200000
Житлові будинки,,Внаслідок обстрілу селища Березнегувате зруйновано та виникла пожежа двох двоповерхових житлових будинків,47.307953,32.846669,2022-8-24,1661299200000
Житлові будинки,,"Були обстріли м. Новий Буг. Відомо, що внаслідок цього виникла пожежа покрівлі двоповерхового житлового будинку та ще декілька будинків зазнали пошкоджень",47.690774,32.516459,2022-8-24,1661299200000
Житлові будинки,,Ворог завдав удару ракетами типу С-300. Внаслідок цього відбулось займання приватного будинку. Також пошкоджень зазнали декілька домівок.,46.959077,32.011812,2022-8-25,1661385600000
Житлові будинки,,Внаслідок ворожих обстрілів вранці в смт Березнегувате зруйновано житловий будинок,47.307953,32.846669,2022-8-25,1661385600000
Житлові будинки,,В селищі Первомайське внаслідок обстрілу виникла пожежа квартири в житловому будинку,47.04128,32.438662,2022-8-26,1661472000000
Житлові будинки,,Обстрілів зазнало смт Березнегувате. В результаті цього вибуховою хвилею знищено житловий будинок. Також пошкоджень та руйнувань зазнали інші будинки,47.307953,32.846669,2022-8-26,1661472000000
Житлові будинки,,Були обстріли с. Широке Широківської громади. Внаслідок чого зруйновано два житлових будинки,47.098634,32.674144,2022-8-27,1661558400000
Житлові будинки,,Ворог здійснював обстріли Шевченківської громади. У с. Шевченкове через обстріли загорівся житловий будинок,46.86215,32.196443,2022-8-28,1661644800000
Житлові будинки,,Ворог завдав удару по Миколаєву з РСЗВ «Смерч». Пошкоджено житлові будинки,46.959077,32.011812,2022-8-28,1661644800000
Житлові будинки,,Внаслідок ворожого обстрілу смт Первомайське частково зруйновано житлові будинки.,47.04128,32.438662,2022-8-28,1661644800000
Житлові будинки,,Були артилерійські обстріли с. Котляреве. Влучання у два житлових будинки й господарські споруди.,46.885644,32.227655,2022-8-28,1661644800000
Житлові будинки,,Обстрілювали село Висунськ. Внаслідок обстрілів є пошкоджені житлові будинки,47.261436,32.821056,2022-8-29,1661731200000
Житлові будинки,,Обстрілів зазнало с. Червона Долина. Пошкоджені житлові будинки ,47.14444,32.663701,2022-8-29,1661731200000
Житлові будинки,,"Миколаїв зазнав масований обстріл шістнадцятьма зенітними ракетами С-300, який призвів до численних руйнувань та пошкоджень приватних і багатоповерхових будинків",46.959077,32.011812,2022-8-29,1661731200000
Житлові будинки,,Внаслідок обстрілів с. Червоне Воскресенської громади частково зруйновано будинок,47.06066,32.376822,2022-8-29,1661731200000
Житлові будинки,,Двома зенітними ракетами С-300 атаковано Баштанський район. Внаслідок розриву ракет є пошкодження приватних будинків,47.402978,32.53217,2022-8-29,1661731200000
Житлові будинки,,Зафіксовані обстріли території с. Новомиколаївка. Внаслідок чого пошкоджені житлові будинки ,46.966356,32.359167,2022-8-30,1661817600000
Житлові будинки,,Під ворожими обстрілами перебувало смт Первомайське. Внаслідок чого частково зруйновані житлові будинки,47.04128,32.438662,2022-8-31,1661904000000
Житлові будинки,,Під ворожими обстрілами перебувало селище  Любомирівка пошкоджено біля 40 житлових будівель.,47.187785,32.874432,2022-8-31,1661904000000
Житлові будинки,,Були обстріли за межами с. Широке. Пошкоджений житловий будинок,47.098634,32.674144,2022-8-31,1661904000000
Житлові будинки,,Протягом дня під ворожими обстрілами перебувало село Вавилове житлові будинки,46.923268,32.470676,2022-8-31,1661904000000
Навчальні заклади,,В смт Первомайське внаслідок обстрілів горіла шкільна їдальня.,47.041483,32.43914,2022-8-2,1659398400000
Навчальні заклади,,У Широківській громаді влучання по будівлі школи.,47.123866,32.621648,2022-8-10,1660089600000
Навчальні заклади,,По Миколаєву випущено 9 ракет типу С-300: постраждали два навчальні заклади.,46.959077,32.011807,2022-8-14,1660435200000
Навчальні заклади,,"Через ракетний обстріл ракетами ""Калібр"" у Миколаєві повністю зруйновано заклад освіти.",46.959077,32.011811,2022-8-23,1661212800000
Навчальні заклади,,Внаслідок влучання трьох ракет вщент зруйновано будівлю середньої школи у Корабельному районі Миколаєва. ,46.959077,32.011812,2022-8-28,1661644800000
Навчальні заклади,,Внаслідок масованих обстрілів Миколаєва пошкоджено два заклади освіти,46.959077,32.011812,2022-8-31,1661904000000
Навчальні заклади,,Внаслідок обстрілу Миколаєва пошкоджено гуртожиток одного з університетів,46.959077,32.011812,2022-8-2,1659398400000
Навчальні заклади,,У селищі Широке внаслідок обстрілу було влучання у зруйновану школу,47.098634,32.674144,2022-8-10,1660089600000
Навчальні заклади,,Миколаїв зазнав ворожих обстрілів. Внаслідок чого пошкоджено навчальний заклад,46.959077,32.011812,2022-8-15,1660521600000
Навчальні заклади,,Зафіксовано ворожі обстріли смт Первомайське. Внаслідок яких частково зруйновано заклад освіти,47.04128,32.438662,2022-8-15,1660521600000
Навчальні заклади,,Обстріли с. Широке. Були лучанння у вже зруйновану школу,47.098634,32.674144,2022-8-15,1660521600000
Навчальні заклади,,Ворог обстріляв Миколаїв ракетами типу С-300. Влучив в ЧНУ імені П.Могили.,46.959077,32.011812,2022-8-16,1660608000000
Навчальні заклади,,Миколаїв зазнав обстрілів ракетами типу С-300. Три ворожі ракети знову влучили в ЧНУ імені П.Могили.,46.959077,32.011812,2022-8-19,1660867200000
Навчальні заклади,,Під ворожими обстрілами перебувало селище  Любомирівка частково зруйновано школу,47.187785,32.874432,2022-8-31,1661904000000
Навчальні заклади,,"Миколаїв зазнав масованого ракетного обстрілу, перередньо С-300. Суттєво пошкоджено два навчальних заклади",46.959077,32.011812,2022-8-4,1659571200000
Навчальні заклади,,Обстрілів зазнало с. Широке. Влучання були у вже зруйнований школу,47.098634,32.674144,2022-8-8,1659916800000
Навчальні заклади,,Через обстріли смт Березнегувате пошкоджено склад професійного ліцея. ,47.307953,32.846669,2022-8-12,1660262400000
Навчальні заклади,,Ракета С-300 пошкодила у Миколаєві навчальний заклад.,46.959077,32.011812,2022-8-14,1660435200000
Навчальні заклади,,Внаслідок обстрілу смт Березнегувате пошкоджено навчальний заклад – у будівлі вилетіли вікна. ,47.307953,32.846669,2022-8-20,1660953600000
Сільськогосподарські та лісові ,,Окупанти обстріляли городи жителів села Широке,47.098634,32.674144,2022-8-1,1659312000000
Сільськогосподарські та лісові ,,Внаслідок обстрілу села Зайчівське відбулось займання приватного сільськогосподарського підприємства,47.035355,32.112348,2022-8-5,1659657600000
Сільськогосподарські та лісові ,,У селі Широке ворог пошкодив сільгоспбудівлі в домогосподарствах ,47.098634,32.674144,2022-8-4,1659571200000
Сільськогосподарські та лісові ,,Внаслідок обстрілу Галицинівського лісового урочища загорілась лісова підстилка ,46.780528,31.952911,2022-8-5,1659657600000
Сільськогосподарські та лісові ,,У селі Червона Долина внаслідок обстрілу було пошкоджено сільсгосп будівлі,47.14444,32.663701,2022-8-5,1659657600000
Сільськогосподарські та лісові ,,Внаслідок обстрілу повністю знищена господарська споруда у селі Котляреве,46.885644,32.227655,2022-8-6,1659744000000
Сільськогосподарські та лісові ,,Внаслідок обстрілу села Галицинове загорілась хвойна підстилка та лісових насаджень в лісовому урочищі,46.780528,31.952911,2022-8-7,1659830400000
Сільськогосподарські та лісові ,,Внаслідок потрапляння боєприпасів та їх уламків у Галицинівському лісовому урочищі сталася пожежа хвойної підстилки та лісових насаджень,46.80328,31.954482,2022-8-8,1659916800000
Сільськогосподарські та лісові ,,У результаті влучань відбулися займання полів у селі Поляна,47.167679,32.679529,2022-8-8,1659916800000
Сільськогосподарські та лісові ,,У селі Шевченкове пошкоджено господарські споруди,46.86215,32.196443,2022-8-9,1660003200000
Сільськогосподарські та лісові ,,У селищі Луч пошкоджено господарські споруди,46.826064,32.219268,2022-8-9,1660003200000
Сільськогосподарські та лісові ,,У Галицинівській громаді внаслідок обстрілів відбулось займання хвойної підстилки й лісових насаджень Галицинівського лісового урочища,46.80328,31.954482,2022-8-9,1660003200000
Сільськогосподарські та лісові ,,У Галицинівській громаді внаслідок обстрілів відбулось займання хвойної підстилки й лісових насаджень Галицинівського лісового урочища,46.80328,31.954482,2022-8-10,1660089600000
Сільськогосподарські та лісові ,,Внаслідок обстрілу загорілись поля у селі Поляна,47.167679,32.679529,2022-8-9,1660003200000
Сільськогосподарські та лісові ,,Внаслідок обстрілу загорілись поля у селі Широке,47.098634,32.674144,2022-8-9,1660003200000
Сільськогосподарські та лісові ,,У Миколаєві внаслідок потрапляння боєприпасів та їх уламків виникла пожежа хвойної підстилки та лісових насаджень у Балабанівському лісовому урочищі,46.839396,31.992933,2022-8-10,1660089600000
Сільськогосподарські та лісові ,,Внаслідок потрапляння боєприпасів та їх уламків відбулося загоряння хвойної підстілки та сухої трави в Балабанівському лісовому урочищі,46.839396,31.992933,2022-8-11,1660176000000
Сільськогосподарські та лісові ,,Після ворожих обстрілів виникло загоряння хвойної підстилки у Галицинівському лісовому урочищі,46.80328,31.954482,2022-8-11,1660176000000
Сільськогосподарські та лісові ,,У селі Галицинове через ворожі обстріли пошкоджено господарські споруди,46.780528,31.952911,2022-8-14,1660435200000
Сільськогосподарські та лісові ,,Були обстріли по сільськогосподарським спорудам с. Широке,47.098634,32.674144,2022-8-14,1660435200000
Сільськогосподарські та лісові ,,Ворожі обстріли смт Первомайське. Внаслідок яких пошкоджено присадібні ділянки,47.04128,32.438662,2022-8-15,1660521600000
Сільськогосподарські та лісові ,,Через потрапляння боєприпасів та їх уламків у селищі Березнегувате відбулося займання сіна.,47.307953,32.846669,2022-8-22,1661126400000
Сільськогосподарські та лісові ,,Були обстріли смт Березнегувате. Влучання по сільськогосподарських площах,47.307953,32.846669,2022-8-25,1661385600000
Підприємства та сг виробництва,,Внаслідок обстрілу Миколаєву було пошкоджено промислове підприємство,46.959077,32.011812,2022-8-2,1659398400000
Підприємства та сг виробництва,,У селі Лупареве обстріляно садівниче підприємство,46.696826,31.979453,2022-8-3,1659484800000
Підприємства та сг виробництва,,У Миколаєві внаслідок обстрілу пошкоджено два приватні підприємства,46.959077,32.011812,2022-8-5,1659657600000
Підприємства та сг виробництва,,"У селі Баловне ворог обстріляв садівниче товариство, в якому зруйнували вісім будинків",47.051891,31.88553,2022-8-7,1659830400000
Підприємства та сг виробництва,,"В Миколаєві було влучання по території підприємства, складських приміщень та автобазі внаслідок обстрілу",46.959077,32.011812,2022-8-10,1660089600000
Підприємства та сг виробництва,,Атаковано портову інфраструктуру Миколаєва,46.959077,32.011812,2022-8-13,1660348800000
Підприємства та сг виробництва,,Ворог вдарив по портовій інфраструктурі Миколаєва,46.959077,32.011812,2022-8-16,1660608000000
Підприємства та сг виробництва,,Ворог обстріляв Миколаїв ракетами типу С-300. Влучив по одному з підприємств міста.,46.959077,32.011812,2022-8-16,1660608000000
Підприємства та сг виробництва,,У Миколаєві було вкотре атаковано об’єкти портової інфраструктури,46.959077,32.011812,2022-8-18,1660780800000
Підприємства та сг виробництва,,Миколаїв зазнав обстрілів ракетами типу С-300. Пошкоджено підприємство,46.959077,32.011812,2022-8-19,1660867200000
Підприємства та сг виробництва,,Ворог завдав удару ракетами типу С-300. Влучив на територію підприємства,46.959077,32.011812,2022-8-21,1661040000000
Підприємства та сг виробництва,,Миколаїв зазнав обстрілів. Внаслідок чого є влучання на територію підприємства.,46.959077,32.011812,2022-8-22,1661126400000
Підприємства та сг виробництва,,Миколаїв був атакований реактивними снарядами системи залпового вогню «Смерч». Удар спрямовано на портову інфраструктуру,46.959077,32.011812,2022-8-24,1661299200000
Підприємства та сг виробництва,,Ворог обстріляв приватне сільськогосподарське підприємство у с. Котляреве. Через потрапляння боєприпасів та їх уламків зайнялась ремонтна майстерня. Внаслідок пожежі знищено сільгосптехніку та покрівлю майстерні,46.885644,32.227655,2022-8-24,1661299200000
Підприємства та сг виробництва,,Зафіксовані ворожі обстріли смт Первомайське. Пошкоджено господарські споруди приватного підприємства,47.04128,32.438662,2022-8-26,1661472000000
Підприємства та сг виробництва,,Ворог завдав удару по Миколаєву з РСЗВ «Смерч». Внаслідок чого виникла пожежа на території елеватора. Пошкоджено інші об’єкти інфраструктури. Також по промисловій інфраструктурі міста ворог ударив з РСЗВ «Ураган». ,46.959077,32.011812,2022-8-28,1661644800000
Підприємства та сг виробництва,,Були обстріли за межами с. Червона Долина. Внаслідок обстрілів відбулося загоряння на сільськогосподарському підприємстві.,47.14444,32.663701,2022-8-30,1661817600000
Підприємства та сг виробництва,,Під ворожими обстрілами перебувало селище  Любомирівка частково зруйновано складські приміщення,47.187785,32.874432,2022-8-31,1661904000000
Домогосподарства,,У селі Котляреве через обстріли загорілись житлові приміщення,46.885644,32.227655,2022-8-1,1659312000000
Домогосподарства,,У селі Новомиколаївка внаслідок ворожого обстрілу загорілись дві господарчі споруди,46.966356,32.359167,2022-8-5,1659657600000
Домогосподарства,,Внаслідок обстрілу смт. Первомайське сталась пожежа господарчої споруди,47.04128,32.438662,2022-8-7,1659830400000
Домогосподарства,,"Ворог обстріляв Широке, як наслідок влучив в сільгоспбудівлі домогосподарств",47.098634,32.674144,2022-8-7,1659830400000
Домогосподарства,,У селі Широке влучання були переважно по сільспбудівлям домогосподарств.,47.098634,32.674144,2022-8-12,1660262400000
Домогосподарства,,Влучання були по сільгоспбудівлям у селі Червона Долина ,47.14444,32.663701,2022-8-12,1660262400000
Домогосподарства,,"С. Широке було обстріляно, в результаті чого пошкоджені сільгоспбудівлі в домогосподарст",47.098634,32.674144,2022-8-15,1660521600000
Домогосподарства,,Обстрілів зазнало с. Широке. Влучання були по сільгоспбудівлях.,47.098634,32.674144,2022-8-17,1660694400000
Домогосподарства,,Зафіксовано обстріл с. Шевченкове. Є пошкодження господарських споруд.,46.86215,32.196443,2022-8-17,1660694400000
Домогосподарства,,Були обстріли за межами с. Широке. Влучання були в сільськогосподарські будівлі.,47.098634,32.674144,2022-8-18,1660780800000
Домогосподарства,,Був авіаналіт. на село Широке Влучено в сільгоспбудівлі в домогосподарстві ,47.098634,32.674144,2022-8-23,1661212800000
Домогосподарства,,Ворожими обстрілами було с. Новомиколаївка. Внаслідок обстрілів частково зруйновано господарські споруди,46.966356,32.359167,2022-8-24,1661299200000
Домогосподарства,,Були обстріли с. Червона Долина. Влучання були в сільгоспбудівлі домогосподарств,47.14444,32.663701,2022-8-24,1661299200000
Домогосподарства,,"Обстрілів зазнало с. Лупарево, внаслідок чого виникла пожежа господарчої споруди",46.696826,31.979453,2022-8-25,1661385600000
Домогосподарства,,Були обстріли села Широке пошкоджено дві сільгоспбудівлі домогосподарств,47.098634,32.674144,2022-8-26,1661472000000
Домогосподарства,,Були обстріли села Червона Долина пошкоджено дві сільгоспбудівлі домогосподарств,47.14444,32.663701,2022-8-26,1661472000000
Домогосподарства,,Обстрілів зазнало с. Широке. Влучання були в сільгоспбудівлі домогосподарства,47.098634,32.674144,2022-8-27,1661558400000
Домогосподарства,,Внаслідок обстрілів смт Первомайське Первомайської громади пошкоджено господарські будівлі,47.04128,32.438662,2022-8-27,1661558400000
Домогосподарства,,Були обстріли с. Широке Широківської громади. Внаслідок чого зруйновано сільгоспбудівлі у домогосподарствах,47.098634,32.674144,2022-8-27,1661558400000
Домогосподарства,,Ворог здійснював обстріли Шевченківської громади. У с. Шевченкове через обстріли зазнало руйнувань приватне домоволодіння ,46.86215,32.196443,2022-8-28,1661644800000
Домогосподарства,,Були артилерійські обстріли с. Котляреве. Влучання у два житлових будинки й господарські споруди,46.885644,32.227655,2022-8-28,1661644800000
Домогосподарства,,Обстрілів зазнало с. Червона Долина. Пошкоджені сільгоспбудівлі в домогосподарствах,47.14444,32.663701,2022-8-29,1661731200000
Домогосподарства,,Під ворожими обстрілами перебувало смт Первомайське. Внаслідок чого частково зруйновані  господарські споруди,47.04128,32.438662,2022-8-31,1661904000000
Домогосподарства,,Були обстріли за межами с. Широке. Пошкоджені сільгоспбудівлі,47.098634,32.674144,2022-8-31,1661904000000
Домогосподарства,,Протягом дня під ворожими обстрілами перебувало село Вавилове пошкоджено господарські споруди,46.923268,32.470676,2022-8-31,1661904000000
Заклади культури,,В смт Первомайське внаслідок обстрілів виникла пожежа спортивної бази місцевого будинку культури.,47.041483,32.43914,2022-8-2,1659398400000
Заклади культури,,Під час обстрілу Широківської громади було влучання по будинку культури.,47.123866,32.621648,2022-8-14,1660435200000
Заклади культури,,Шість влучань ворожих снарядів по будинку культури в с. Широке.,47.098634,32.674144,2022-8-23,1661212800000
Критична інфраструктура,,В селі Явкіно внаслідок обстрілу було пошкоджено лінію електропередач,47.26453,32.6054,2022-8-2,1659398400000
Критична інфраструктура,,В місті Очаків було пошкоджено електропідстанцію,46.619291,31.544722,2022-8-3,1659484800000
Критична інфраструктура,,У селі Лупареве пошкоджено електромережу,46.696826,31.979453,2022-8-3,1659484800000
Критична інфраструктура,,Ворог наносив удари по с. Лимани. Пошкоджено електромережу,46.72796,31.97235,2022-8-15,1660521600000
Критична інфраструктура,,Внаслідок обстрілів с. Червоне пошкоджено газопровід,47.06066,32.376822,2022-8-29,1661731200000
Медичні заклади,,"Внаслідок масованих обстрілів Миколаєва виникла пожежа на території медичного диспансеру. Згорів гуманітраний склад з медичними препаратами та продовольством, розбито травмпункт однієї з лікарень, пошкоджено чотири будівлі",46.959077,32.011812,2022-8-1,1659312000000
Адміністративні будівлі,,Зазнало обстрілів с. Широке. В наслідок чого пошкоджена адмінбудівля сільської ради,47.098634,32.674144,2022-8-21,1661040000000
Адміністративні будівлі,,Були обстріли с. Широке. Влучання були у вже зруйнований ЦНАП,47.098634,32.674144,2022-8-21,1661040000000
Адміністративні будівлі,,Під ворожими обстрілами перебувало селище  Любомирівка частково зруйновано адміністративну будівлю,47.187785,32.874432,2022-8-31,1661904000000
Цивільна інфраструктура,,Внаслідок обстрілу Миколаєва через потрапляння боєприпасів та їх уламків виникла пожежа продовольчого магазину.,46.959077,32.011812,2022-8-2,1659398400000
Цивільна інфраструктура,,У селі Галицинове пошкоджено об'єкт інфраструктури.,46.780528,31.952911,2022-8-1,1659312000000
Цивільна інфраструктура,,Внаслідок обстрілу Миколаєву було уражено причал,46.959077,32.011812,2022-8-2,1659398400000
Цивільна інфраструктура,,"У Миколаєві через обстріли зруйнований супермаркет, а також пошкоджено аптеку, магазини. Відомо про влучання на територію кінно-спортивної школи",46.959077,32.011812,2022-8-3,1659484800000
Цивільна інфраструктура,,У селищі Широке внаслідок обстрілу було влучання у стадіон,47.307953,32.846669,2022-8-6,1659744000000
Цивільна інфраструктура,,Ворог обстрілом пошкодив об'єкт цивільної інфраструктури в селищі Березнегувате,47.307953,32.846669,2022-8-8,1659916800000
Цивільна інфраструктура,,У селищі Широке внаслідок обстрілу було влучання у зруйновану школу,47.098634,32.674144,2022-8-10,1660089600000
Цивільна інфраструктура,,Внаслідок обстрілу села Первомайське пошкоджено магазин ,47.04128,32.438662,2022-8-13,1660348800000
Цивільна інфраструктура,,Пошкоджено стадіон внаслідок обстрілу села Широке,47.098634,32.674144,2022-8-13,1660348800000
Цивільна інфраструктура,,Миколаїв зазнав ворожих обстрілів. Внаслідок чого пошкоджено готель ,46.959077,32.011812,2022-8-15,1660521600000
Цивільна інфраструктура,,Внаслідок ворожих обстрілів смт Первомайське зруйновано заклад громадського харчування.,47.04128,32.438662,2022-8-16,1660608000000
Цивільна інфраструктура,,В результаті влучання касетних боєприпасів РСЗВ «Смерч» по селу Галицинове зруйновано будівлю пожежної частини,46.780528,31.952911,2022-8-18,1660780800000
Цивільна інфраструктура,,Миколаїв зазнав обстрілів. Внаслідок чого відбулося займання кафе,46.959077,32.011812,2022-8-22,1661126400000
Цивільна інфраструктура,,"Миколаїв зазнав масований обстріл шістнадцятьма зенітними ракетами С-300, який призвів до численних руйнувань та пошкоджень об’єктів транспортної інфраструктури",46.959077,32.011812,2022-8-29,1661731200000
Цивільна інфраструктура,,Ворог обстріляв об’єкти інфраструктури Миколаєва.,46.959077,32.011812,2022-8-30,1661817600000
Ракети,,,46.959077,32.011812,2022-11-1,1667260800000
Ракети,,,46.959077,32.011812,2022-11-3,1667433600000
Ракети,,,46.959077,32.011812,2022-11-11,1668124800000
Касетні боєприпаси,,,46.80328,31.954482,2022-11-1,1667260800000
Артилерія та РСЗВ,,,46.887668,32.271986,2022-11-1,1667260800000
Артилерія та РСЗВ,,,46.985922,32.435539,2022-11-1,1667260800000
Артилерія та РСЗВ,,,47.123866,32.621648,2022-11-1,1667260800000
Артилерія та РСЗВ,,,47.198526,32.829576,2022-11-1,1667260800000
Артилерія та РСЗВ,,,46.887668,32.271986,2022-11-2,1667347200000
Артилерія та РСЗВ,,,47.123866,32.621648,2022-11-2,1667347200000
Артилерія та РСЗВ,,,47.19975,32.225665,2022-11-3,1667433600000
Артилерія та РСЗВ,,,47.198526,32.829576,2022-11-2,1667347200000
Артилерія та РСЗВ,,,46.985922,32.435539,2022-11-3,1667433600000
Артилерія та РСЗВ,,,47.198526,32.829576,2022-11-3,1667433600000
Артилерія та РСЗВ,,,47.123866,32.621648,2022-11-3,1667433600000
Артилерія та РСЗВ,,,47.123866,32.621648,2022-11-4,1667520000000
Артилерія та РСЗВ,,,47.123866,32.621648,2022-11-5,1667606400000
Артилерія та РСЗВ,,,47.198526,32.829576,2022-11-4,1667520000000
Артилерія та РСЗВ,,,47.198526,32.829576,2022-11-5,1667606400000
Артилерія та РСЗВ,,,46.80328,31.954482,2022-11-6,1667692800000
Артилерія та РСЗВ,,,47.123866,32.621648,2022-11-6,1667692800000
Артилерія та РСЗВ,,,47.123866,32.621648,2022-11-7,1667779200000
Артилерія та РСЗВ,,,46.985922,32.435539,2022-11-7,1667779200000
Артилерія та РСЗВ,,,46.659323,31.634256,2022-11-7,1667779200000
Артилерія та РСЗВ,,,46.887668,32.271986,2022-11-7,1667779200000
Артилерія та РСЗВ,,,46.80328,31.954482,2022-11-7,1667779200000
Артилерія та РСЗВ,,,47.198526,32.829576,2022-11-7,1667779200000
Артилерія та РСЗВ,,,46.887668,32.271986,2022-11-8,1667865600000
Артилерія та РСЗВ,,,47.123866,32.621648,2022-11-8,1667865600000
Артилерія та РСЗВ,,,46.959077,32.011812,2022-11-9,1667952000000
Артилерія та РСЗВ,,,47.198526,32.829576,2022-11-9,1667952000000
Артилерія та РСЗВ,,,46.887668,32.271986,2022-11-10,1668038400000
Артилерія та РСЗВ,,,46.995222,32.112717,2022-11-10,1668038400000
Артилерія та РСЗВ,,,47.198526,32.829576,2022-11-10,1668038400000
Артилерія та РСЗВ,,,46.659323,31.634256,2022-11-11,1668124800000
Артилерія та РСЗВ,,,46.606658,31.565892,2022-11-12,1668211200000
Артилерія та РСЗВ,,,46.619291,31.544722,2022-11-13,1668297600000
Артилерія та РСЗВ,,,46.659323,31.634256,2022-11-14,1668384000000
Артилерія та РСЗВ,,,46.606658,31.565892,2022-11-14,1668384000000
Артилерія та РСЗВ,,,46.659323,31.634256,2022-11-17,1668643200000
Артилерія та РСЗВ,,,46.606658,31.565892,2022-11-18,1668729600000
Артилерія та РСЗВ,,,46.606658,31.565892,2022-11-20,1668902400000
Артилерія та РСЗВ,,,46.629603,31.543439,2022-11-20,1668902400000
Артилерія та РСЗВ,,,46.606658,31.565892,2022-11-20,1668902400000
Артилерія та РСЗВ,,,46.606658,31.565892,2022-11-25,1669334400000
Артилерія та РСЗВ,,,46.629603,31.543439,2022-11-25,1669334400000
Артилерія та РСЗВ,,,46.659323,31.634256,2022-11-27,1669507200000
Артилерія та РСЗВ,,,46.606658,31.565892,2022-11-27,1669507200000
Артилерія та РСЗВ,,,46.606658,31.565892,2022-11-30,1669766400000
Загиблі цивільні,1.0,Через удар по Миколаєву ракетами С-300 загинула одна людина.,46.959077,32.011812,2022-11-1,1667260800000
Загиблі цивільні,7.0,"Ракета С-300 влучила в п’ятиповерховий житловий будинок в Миколаєві, внаслідок цього загинуло 7 мирних жителів. ",46.959077,32.011812,2022-11-11,1668124800000
Поранені цивільні,1.0,Внаслідок обстрілу Галицинівської громади касетними снарядами одна людина отримала поранення.,46.80328,31.954482,2022-11-1,1667260800000
Поранені цивільні,1.0,Внаслідок обстрілу Шевченківської громади поранення отримала одна людина.,46.887668,32.271986,2022-11-7,1667779200000
Поранені цивільні,1.0,"Миколаїв обстріляли з РСЗВ «Смерч», осколкові поранення отримала одна людина.",46.959077,32.011812,2022-11-9,1667952000000
Поранені цивільні,1.0,"Ракета С-300 влучила в п’ятиповерховий житловий будинок в Миколаєві, поранений 1 мирний житель.",46.959077,32.011812,2022-11-11,1668124800000
Поранені цивільні,1.0,Через обстріли Очаківської громади з РСЗВ одна людина отримала контузію.,46.629603,31.543439,2022-11-25,1669334400000
Житлові будинки,,"Через удар по Миколаєву чотирма ракетами С-300 повністю зруйновано двоповерховий будинок, пошкоджено приватні будинки, виникла пожежа п‘ятиповерхового житлового будинку. ",46.959077,32.011812,2022-11-1,1667260800000
Житлові будинки,,Пошкоджено житловий будинок у населеному пункті Первомайської громади.,46.985922,32.435539,2022-11-1,1667260800000
Житлові будинки,,Внаслідок влучання боєприпасів та їх уламків загорівся будинок в Широківській громаді.,47.123866,32.621648,2022-11-1,1667260800000
Житлові будинки,,Через обстріли Широківської громади зруйновано один житловий будинок.,47.123866,32.621648,2022-11-2,1667347200000
Житлові будинки,,"Ворог обстріляв Первомайську громаду, внаслідок чого пошкоджено два житлових будинки. ",46.985922,32.435539,2022-11-3,1667433600000
Житлові будинки,,Через обстріли Широківської громади пошкоджено три будинки.,47.123866,32.621648,2022-11-5,1667606400000
Житлові будинки,,"Обстрілів зазнала Широківська громада, через що зруйновано один будинок.",47.123866,32.621648,2022-11-8,1667865600000
Житлові будинки,,"Миколаїв обстріляли з РСЗВ «Смерч», пошкоджено приватний сектор.",46.959077,32.011812,2022-11-9,1667952000000
Житлові будинки,,"Ракета С-300 влучила в п’ятиповерховий житловий будинок в Миколаєві, внаслідок чого зруйновано всі п'ять поверхів одного з під'їздів. ",46.959077,32.011812,2022-11-11,1668124800000
Житлові будинки,,"Через обстріли Очаківської громади з РСЗВ пошкоджено житлові будинки, серед них – один багатоповерховий. ",46.629603,31.543439,2022-11-25,1669334400000
Навчальні заклади,,Через удар по Миколаєву чотирма ракетами С-300 сталося часткове руйнування будівель навчальних закладів.,46.959077,32.011812,2022-11-1,1667260800000
Навчальні заклади,,В Широківські громаді через обстріл пошкоджено заклад освіти.,47.123866,32.621648,2022-11-7,1667779200000
Підприємства та сг виробництва,,Удар по сільськогосподарському підприємству Шевченківської громади. ,46.887668,32.271986,2022-11-1,1667260800000
Підприємства та сг виробництва,,Внаслідок артилерійського обстрілу Шевченківської громади пошкоджено будівлю сільськогосподарського підприємства.,46.887668,32.271986,2022-11-2,1667347200000
Підприємства та сг виробництва,,"Через обстріл Миколаєва ракетами С-300 зруйновано складське приміщення, виникла пожежа ще одного складського приміщення.",46.959077,32.011812,2022-11-3,1667433600000
Підприємства та сг виробництва,,Через обстріли Широківської громади пошкоджено адмінбудівлю сільськогосподарського підприємства.,47.123866,32.621648,2022-11-5,1667606400000
Підприємства та сг виробництва,,В Галицинівській громаді влучання в об’єкт промислової інфраструктури.,46.80328,31.954482,2022-11-6,1667692800000
Підприємства та сг виробництва,,У Первомайській громаді були влучання по об’єкту промислової інфраструктури. ,46.985922,32.435539,2022-11-7,1667779200000
Підприємства та сг виробництва,,У Шевченківській громаді були влучання по об’єкту промислової інфраструктури. ,46.887668,32.271986,2022-11-8,1667865600000
Підприємства та сг виробництва,,"Миколаїв обстріляли з РСЗВ «Смерч», пошкоджено хлібозаводі і приватне підприємство.",46.959077,32.011812,2022-11-9,1667952000000
Підприємства та сг виробництва,,На території Мішково-Погорілівської громади було влучання по об’єкту промислової інфраструктури.,46.995222,32.112717,2022-11-10,1668038400000
Заклади культури,,В Широківські громаді через обстріл пошкоджено будинок культури.,47.123866,32.621648,2022-11-7,1667779200000
Критична інфраструктура,,"Внаслідок артилерійського обстрілу Шевченківської громади пошкоджено трансформаторну підстанцію, водонапірну башту, електроопори.",46.887668,32.271986,2022-11-2,1667347200000
Критична інфраструктура,,Внаслідок обстрілу Шевченківської громади пошкоджено газопровід.,46.887668,32.271986,2022-11-7,1667779200000
Критична інфраструктура,,Через обстріли Галицинівської громади пошкоджено об’єкт інфраструктури. ,46.80328,31.954482,2022-11-7,1667779200000
Медичні заклади,,Через удар по Миколаєву ракетами С-300 у медичному закладі вибуховою хвилею та уламками вибило OSB-плити.,46.959077,32.011812,2022-11-1,1667260800000
Адміністративні будівлі,,Через обстріл Миколаєва ракетами С-300 пошкоджено адміністративну будівлю.,46.959077,32.011812,2022-11-3,1667433600000
Ракети,,,47.16416,31.789854,2022-12-5,1670198400000
Ракети,,,46.959077,32.011812,2022-12-7,1670371200000
Ракети,,,46.629473,31.216731,2022-12-29,1672272000000
Ракети,,,47.007703,32.150788,2022-12-29,1672272000000
Ракети,,,46.959077,32.011812,2022-12-31,1672444800000
Артилерія та РСЗВ,,,46.606658,31.565892,2022-12-1,1669852800000
Артилерія та РСЗВ,,,46.606658,31.565892,2022-12-2,1669939200000
Артилерія та РСЗВ,,,46.659323,31.634256,2022-12-3,1670025600000
Артилерія та РСЗВ,,,46.606658,31.565892,2022-12-4,1670112000000
Артилерія та РСЗВ,,,46.606658,31.565892,2022-12-5,1670198400000
Артилерія та РСЗВ,,,46.606658,31.565892,2022-12-6,1670284800000
Артилерія та РСЗВ,,,46.659323,31.634256,2022-12-6,1670284800000
Артилерія та РСЗВ,,,46.659323,31.634256,2022-12-7,1670371200000
Артилерія та РСЗВ,,,46.619291,31.544722,2022-12-8,1670457600000
Артилерія та РСЗВ,,,46.659323,31.634256,2022-12-8,1670457600000
Артилерія та РСЗВ,,,46.606658,31.565892,2022-12-8,1670457600000
Артилерія та РСЗВ,,,46.606658,31.565892,2022-12-10,1670630400000
Артилерія та РСЗВ,,,46.659323,31.634256,2022-12-11,1670716800000
Артилерія та РСЗВ,,,46.606658,31.565892,2022-12-11,1670716800000
Артилерія та РСЗВ,,,46.606658,31.565892,2022-12-12,1670803200000
Артилерія та РСЗВ,,,46.629603,31.543439,2022-12-12,1670803200000
Артилерія та РСЗВ,,,46.606658,31.565892,2022-12-13,1670889600000
Артилерія та РСЗВ,,,46.606658,31.565892,2022-12-14,1670976000000
Артилерія та РСЗВ,,,46.629603,31.543439,2022-12-14,1670976000000
Артилерія та РСЗВ,,,46.652514,31.520882,2022-12-15,1671062400000
Артилерія та РСЗВ,,,46.606658,31.565892,2022-12-17,1671235200000
Артилерія та РСЗВ,,,46.629603,31.543439,2022-12-18,1671321600000
Артилерія та РСЗВ,,,46.606658,31.565892,2022-12-19,1671408000000
Артилерія та РСЗВ,,,46.659323,31.634256,2022-12-19,1671408000000
Артилерія та РСЗВ,,,46.606658,31.565892,2022-12-20,1671494400000
Артилерія та РСЗВ,,,46.606658,31.565892,2022-12-21,1671580800000
Артилерія та РСЗВ,,,46.619291,31.544722,2022-12-21,1671580800000
Артилерія та РСЗВ,,,46.659323,31.634256,2022-12-21,1671580800000
Артилерія та РСЗВ,,,46.619291,31.544722,2022-12-22,1671667200000
Артилерія та РСЗВ,,,46.606658,31.565892,2022-12-23,1671753600000
Артилерія та РСЗВ,,,46.606658,31.565892,2022-12-24,1671840000000
Артилерія та РСЗВ,,,46.629603,31.543439,2022-12-24,1671840000000
Артилерія та РСЗВ,,,46.606658,31.565892,2022-12-26,1672012800000
Артилерія та РСЗВ,,,46.606658,31.565892,2022-12-27,1672099200000
Артилерія та РСЗВ,,,46.606658,31.565892,2022-12-29,1672272000000
Артилерія та РСЗВ,,,46.659323,31.634256,2022-12-30,1672358400000
Артилерія та РСЗВ,,,46.619291,31.544722,2022-12-31,1672444800000
Поранені цивільні,1.0,Через удари по населеному пункту Очаківської громади отримала поранення одна людина.,46.629603,31.543439,2022-12-12,1670803200000
Поранені цивільні,3.0,"В Очакові через обстріл зазнали поранень три людини, серед яких 10-річний хлопчик. .",46.619291,31.544722,2022-12-21,1671580800000
Поранені цивільні,7.0,Через ракетний обстріл Миколаєва постраждало семеро людей.,46.959077,32.011812,2022-12-31,1672444800000
Житлові будинки,,Через ракетний обстріл Ольшанської громади пошкоджено житлові та господарські будівлі. ,47.16416,31.789854,2022-12-5,1670198400000
Житлові будинки,,"Через артилерійські удари по Очакову пошкоджено житлові будинки, серед них – один багатоповерховий. ",46.619291,31.544722,2022-12-8,1670457600000
Житлові будинки,,Внаслідок обстрілу одного з сіл Куцурубської громади пошкоджено ожитлові будинки. ,46.659323,31.634256,2022-12-11,1670716800000
Житлові будинки,,Через удари по населеному пункту Очаківської громади пошкоджено та зруйновано житлові будинки.,46.629603,31.543439,2022-12-12,1670803200000
Житлові будинки,,В Очакові через обстріл пошкоджено 16 житлових будинків.,46.619291,31.544722,2022-12-21,1671580800000
Житлові будинки,,В Очакові через обстріл пошкоджено житлові будинки.,46.619291,31.544722,2022-12-22,1671667200000
Житлові будинки,,Через ракетний обстріл Воскресенської громади пошкоджено житлові будинки.,47.007703,32.150788,2022-12-29,1672272000000
Житлові будинки,,Через обстріл Куцурубської громади пошкоджено житлові будинки.,46.659323,31.634256,2022-12-30,1672358400000
Житлові будинки,,"Через ракетний обстріл Миколаєва зруйновано два житлові будинки, пошкоджено ще 12 будинків.",46.959077,32.011812,2022-12-31,1672444800000
Житлові будинки,,"Через обстріли Очакова частково зруйновано та пошкоджено житлові будинки, зокрема багатоповерховий.",46.619291,31.544722,2022-12-31,1672444800000
Навчальні заклади,,Через ракетний обстріл Миколаєва пошкоджено три навчальні заклади.,46.959077,32.011812,2022-12-31,1672444800000
Підприємства та сг виробництва,,"Удари ракетами С-300 по територіях транспортних підприємств у Миколаєві, пошкоджень зазнала техніка. ",46.959077,32.011812,2022-12-7,1670371200000
Підприємства та сг виробництва,,Внаслідок ракетного обстрілу зруйновано складське приміщення приватного підприємства в Коблівській громаді.,46.629473,31.216731,2022-12-29,1672272000000
Підприємства та сг виробництва,,Через обстріли Очакова пошкоджено підприємство.,46.619291,31.544722,2022-12-31,1672444800000
Домогосподарства,,Внаслідок обстрілу одного з сіл Куцурубської громади зруйновано господарське приміщення. ,46.659323,31.634256,2022-12-11,1670716800000
Домогосподарства,,Через обстріл Куцурубської громади пошкоджено господарські споруди.,46.659323,31.634256,2022-12-30,1672358400000
Критична інфраструктура,,Через артилерійський удар в Куцурубській громаді пошкоджено об’єкт інфраструктури.,46.659323,31.634256,2022-12-8,1670457600000
Критична інфраструктура,,Через артилерійські удари по Очаківській громаді пошкоджено об’єкт інфраструктури.,46.619291,31.544722,2022-12-8,1670457600000
Критична інфраструктура,,Через масовані артилерійські удари в Очаківській громаді зруйновано та пошкоджено об’єкти інфраструктури. ,46.629603,31.543439,2022-12-14,1670976000000
Критична інфраструктура,,Через артобстріл в Чорноморській громаді пошкоджено об’єкт інфраструктури. ,46.652514,31.520882,2022-12-15,1671062400000
Критична інфраструктура,,Через ракетний обстріл Воскресенської громади пошкоджено об'єкт інфраструктури.,47.007703,32.150788,2022-12-29,1672272000000
Адміністративні будівлі,,Через ракетний обстріл Ольшанської громади пошкоджено адміністративну будівлю. ,47.16416,31.789854,2022-12-5,1670198400000
Цивільна інфраструктура,,Внаслідок обстрілу одного з сіл Куцурубської громади пошкоджено об’єкт соціальної інфраструктури. ,46.659323,31.634256,2022-12-11,1670716800000
Цивільна інфраструктура,,"Через ракетний обстріл Миколаєва сталась пожежа на території гаражного кооперативу, пошкоджено близько 20 гаражів.",46.959077,32.011812,2022-12-31,1672444800000
Ракети,,,46.959077,32.011807,2022-10-1,1664582400000
Ракети,,,46.959077,32.011807,2022-10-2,1664668800000
Ракети,,,47.198526,32.829574,2022-10-4,1664841600000
Ракети,,,47.685277,31.516687,2022-10-4,1664841600000
Ракети,,,47.198526,32.829574,2022-10-6,1665014400000
Ракети,,,46.959077,32.011807,2022-10-10,1665360000000
Ракети,,,46.959077,32.011807,2022-10-13,1665619200000
Ракети,,,46.959077,32.011807,2022-10-18,1666051200000
Ракети,,,46.959077,32.011807,2022-10-20,1666224000000
Ракети,,,46.959077,32.011807,2022-10-23,1666483200000
Ракети,,,46.80328,31.954482,2022-10-23,1666483200000
Ракети,,,48.140867,30.862553,2022-10-22,1666396800000
Ракети,,,46.959077,32.011807,2022-10-28,1666915200000
Дрони-камікадзе,,,46.959077,32.011807,2022-10-1,1664582400000
Дрони-камікадзе,,,46.959077,32.011807,2022-10-7,1665100800000
Дрони-камікадзе,,,46.959077,32.011807,2022-10-16,1665878400000
Дрони-камікадзе,,,46.62722,31.233162,2022-10-16,1665878400000
Дрони-камікадзе,,,47.161138,31.788057,2022-10-18,1666051200000
Дрони-камікадзе,,,46.959077,32.011807,2022-10-20,1666224000000
Дрони-камікадзе,,,47.161138,31.788057,2022-10-23,1666483200000
Дрони-камікадзе,,,46.887668,32.271986,2022-10-23,1666483200000
Артилерія та РСЗВ,,,47.098634,32.674144,2022-10-1,1664582400000
Артилерія та РСЗВ,,,46.619291,31.544722,2022-10-1,1664582400000
Артилерія та РСЗВ,,,46.86215,32.196443,2022-10-2,1664668800000
Артилерія та РСЗВ,,,47.307953,32.846669,2022-10-1,1664582400000
Артилерія та РСЗВ,,,47.222539,32.825947,2022-10-1,1664582400000
Артилерія та РСЗВ,,,47.261436,32.821056,2022-10-1,1664582400000
Артилерія та РСЗВ,,,47.198526,32.829574,2022-10-1,1664582400000
Артилерія та РСЗВ,,,47.168671,32.446554,2022-10-2,1664668800000
Артилерія та РСЗВ,,,47.098634,32.674144,2022-10-1,1664582400000
Артилерія та РСЗВ,,,47.04128,32.438662,2022-10-2,1664668800000
Артилерія та РСЗВ,,,46.606658,31.565892,2022-10-3,1664755200000
Артилерія та РСЗВ,,,47.198526,32.829574,2022-10-2,1664668800000
Артилерія та РСЗВ,,,47.307953,32.846669,2022-10-2,1664668800000
Артилерія та РСЗВ,,,47.098634,32.674144,2022-10-3,1664755200000
Артилерія та РСЗВ,,,46.606658,31.565892,2022-10-3,1664755200000
Артилерія та РСЗВ,,,47.198526,32.829574,2022-10-2,1664668800000
Артилерія та РСЗВ,,,47.307953,32.846669,2022-10-4,1664841600000
Артилерія та РСЗВ,,,47.168671,32.446554,2022-10-3,1664755200000
Артилерія та РСЗВ,,,47.168671,32.446554,2022-10-4,1664841600000
Артилерія та РСЗВ,,,47.098634,32.674144,2022-10-3,1664755200000
Артилерія та РСЗВ,,,47.098634,32.674144,2022-10-4,1664841600000
Артилерія та РСЗВ,,,46.619291,31.544722,2022-10-4,1664841600000
Артилерія та РСЗВ,,,47.331542,33.048818,2022-10-4,1664841600000
Артилерія та РСЗВ,,,47.246213,33.021857,2022-10-4,1664841600000
Артилерія та РСЗВ,,,47.307953,32.846669,2022-10-4,1664841600000
Артилерія та РСЗВ,,,47.098634,32.674144,2022-10-5,1664928000000
Артилерія та РСЗВ,,,47.198526,32.829574,2022-10-5,1664928000000
Артилерія та РСЗВ,,,47.123866,32.621648,2022-10-5,1664928000000
Артилерія та РСЗВ,,,46.887668,32.271986,2022-10-6,1665014400000
Артилерія та РСЗВ,,,46.985922,32.435539,2022-10-6,1665014400000
Артилерія та РСЗВ,,,47.198526,32.829574,2022-10-6,1665014400000
Артилерія та РСЗВ,,,47.123866,32.621648,2022-10-6,1665014400000
Артилерія та РСЗВ,,,46.606658,31.565892,2022-10-7,1665100800000
Артилерія та РСЗВ,,,47.198526,32.829574,2022-10-7,1665100800000
Артилерія та РСЗВ,,,47.123866,32.621648,2022-10-7,1665100800000
Артилерія та РСЗВ,,,47.123866,32.621648,2022-10-8,1665187200000
Артилерія та РСЗВ,,,46.80328,31.954482,2022-10-7,1665100800000
Артилерія та РСЗВ,,,47.3838,32.51341,2022-10-8,1665187200000
Артилерія та РСЗВ,,,47.123866,32.621648,2022-10-8,1665187200000
Артилерія та РСЗВ,,,47.123866,32.621648,2022-10-9,1665273600000
Артилерія та РСЗВ,,,47.198526,32.829574,2022-10-9,1665273600000
Артилерія та РСЗВ,,,46.659323,31.634256,2022-10-9,1665273600000
Артилерія та РСЗВ,,,47.198526,32.829574,2022-10-9,1665273600000
Артилерія та РСЗВ,,,46.659323,31.634256,2022-10-10,1665360000000
Артилерія та РСЗВ,,,47.123866,32.621648,2022-10-10,1665360000000
Артилерія та РСЗВ,,,47.123866,32.621648,2022-10-11,1665446400000
Артилерія та РСЗВ,,,46.959077,32.011807,2022-10-12,1665532800000
Артилерія та РСЗВ,,,46.985922,32.435539,2022-10-11,1665446400000
Артилерія та РСЗВ,,,46.659323,31.634256,2022-10-12,1665532800000
Артилерія та РСЗВ,,,47.123866,32.621648,2022-10-12,1665532800000
Артилерія та РСЗВ,,,47.123866,32.621648,2022-10-13,1665619200000
Артилерія та РСЗВ,,,47.198526,32.829574,2022-10-12,1665532800000
Артилерія та РСЗВ,,,47.123866,32.621648,2022-10-13,1665619200000
Артилерія та РСЗВ,,,47.19975,32.225665,2022-10-13,1665619200000
Артилерія та РСЗВ,,,47.198526,32.829574,2022-10-14,1665705600000
Артилерія та РСЗВ,,,47.19975,32.225665,2022-10-13,1665619200000
Артилерія та РСЗВ,,,47.198526,32.829574,2022-10-14,1665705600000
Артилерія та РСЗВ,,,46.606658,31.565892,2022-10-15,1665792000000
Артилерія та РСЗВ,,,47.022105,32.179613,2022-10-15,1665792000000
Артилерія та РСЗВ,,,47.19975,32.225665,2022-10-15,1665792000000
Артилерія та РСЗВ,,,47.123866,32.621648,2022-10-15,1665792000000
Артилерія та РСЗВ,,,47.198526,32.829574,2022-10-15,1665792000000
Артилерія та РСЗВ,,,46.985922,32.435539,2022-10-16,1665878400000
Артилерія та РСЗВ,,,47.198526,32.829574,2022-10-17,1665964800000
Артилерія та РСЗВ,,,47.123866,32.621648,2022-10-16,1665878400000
Артилерія та РСЗВ,,,46.659323,31.634256,2022-10-18,1666051200000
Артилерія та РСЗВ,,,47.198526,32.829574,2022-10-17,1665964800000
Артилерія та РСЗВ,,,47.123866,32.621648,2022-10-17,1665964800000
Артилерія та РСЗВ,,,47.123866,32.621648,2022-10-18,1666051200000
Артилерія та РСЗВ,,,47.198526,32.829574,2022-10-18,1666051200000
Артилерія та РСЗВ,,,47.198526,32.829574,2022-10-19,1666137600000
Артилерія та РСЗВ,,,47.123866,32.621648,2022-10-18,1666051200000
Артилерія та РСЗВ,,,46.619291,31.544722,2022-10-20,1666224000000
Артилерія та РСЗВ,,,47.198526,32.829574,2022-10-19,1666137600000
Артилерія та РСЗВ,,,47.123866,32.621648,2022-10-19,1666137600000
Артилерія та РСЗВ,,,47.006358,32.084684,2022-10-20,1666224000000
Артилерія та РСЗВ,,,47.198526,32.829574,2022-10-20,1666224000000
Артилерія та РСЗВ,,,46.659323,31.634256,2022-10-21,1666310400000
Артилерія та РСЗВ,,,47.123866,32.621648,2022-10-20,1666224000000
Артилерія та РСЗВ,,,46.80328,31.954482,2022-10-21,1666310400000
Артилерія та РСЗВ,,,46.80328,31.954482,2022-10-22,1666396800000
Артилерія та РСЗВ,,,46.659323,31.634256,2022-10-21,1666310400000
Артилерія та РСЗВ,,,46.985922,32.435539,2022-10-21,1666310400000
Артилерія та РСЗВ,,,47.198526,32.829574,2022-10-21,1666310400000
Артилерія та РСЗВ,,,47.19975,32.225665,2022-10-21,1666310400000
Артилерія та РСЗВ,,,47.123866,32.621648,2022-10-21,1666310400000
Артилерія та РСЗВ,,,47.198526,32.829574,2022-10-22,1666396800000
Артилерія та РСЗВ,,,47.123866,32.621648,2022-10-22,1666396800000
Артилерія та РСЗВ,,,46.606658,31.565892,2022-10-23,1666483200000
Артилерія та РСЗВ,,,46.887668,32.271986,2022-10-24,1666569600000
Артилерія та РСЗВ,,,47.3838,32.51341,2022-10-24,1666569600000
Артилерія та РСЗВ,,,47.198526,32.829574,2022-10-23,1666483200000
Артилерія та РСЗВ,,,47.123866,32.621648,2022-10-23,1666483200000
Артилерія та РСЗВ,,,47.19975,32.225665,2022-10-24,1666569600000
Артилерія та РСЗВ,,,46.606658,31.565892,2022-10-24,1666569600000
Артилерія та РСЗВ,,,47.198526,32.829574,2022-10-24,1666569600000
Артилерія та РСЗВ,,,47.123866,32.621648,2022-10-24,1666569600000
Артилерія та РСЗВ,,,46.985922,32.435539,2022-10-25,1666656000000
Артилерія та РСЗВ,,,47.198526,32.829574,2022-10-25,1666656000000
Артилерія та РСЗВ,,,47.123866,32.621648,2022-10-26,1666742400000
Артилерія та РСЗВ,,,46.887668,32.271986,2022-10-26,1666742400000
Артилерія та РСЗВ,,,47.198526,32.829574,2022-10-26,1666742400000
Артилерія та РСЗВ,,,47.123866,32.621648,2022-10-27,1666828800000
Артилерія та РСЗВ,,,47.19975,32.225665,2022-10-27,1666828800000
Артилерія та РСЗВ,,,47.198526,32.829574,2022-10-27,1666828800000
Артилерія та РСЗВ,,,46.80328,31.954482,2022-10-28,1666915200000
Артилерія та РСЗВ,,,46.606658,31.565892,2022-10-28,1666915200000
Артилерія та РСЗВ,,,47.198526,32.829574,2022-10-28,1666915200000
Артилерія та РСЗВ,,,47.123866,32.621648,2022-10-28,1666915200000
Артилерія та РСЗВ,,,47.006358,32.084684,2022-10-29,1667001600000
Артилерія та РСЗВ,,,46.80328,31.954482,2022-10-29,1667001600000
Артилерія та РСЗВ,,,46.606658,31.565892,2022-10-29,1667001600000
Артилерія та РСЗВ,,,46.6378,31.533954,2022-10-30,1667088000000
Артилерія та РСЗВ,,,46.887668,32.271986,2022-10-29,1667001600000
Артилерія та РСЗВ,,,46.887668,32.271986,2022-10-30,1667088000000
Артилерія та РСЗВ,,,47.198526,32.829574,2022-10-29,1667001600000
Артилерія та РСЗВ,,,47.198526,32.829574,2022-10-30,1667088000000
Артилерія та РСЗВ,,,47.123866,32.621648,2022-10-29,1667001600000
Артилерія та РСЗВ,,,47.123866,32.621648,2022-10-30,1667088000000
Артилерія та РСЗВ,,,46.659323,31.634256,2022-10-30,1667088000000
Артилерія та РСЗВ,,,46.6378,31.533954,2022-10-30,1667088000000
Артилерія та РСЗВ,,,46.659323,31.634256,2022-10-31,1667174400000
Артилерія та РСЗВ,,,47.19975,32.225665,2022-10-30,1667088000000
Артилерія та РСЗВ,,,47.123866,32.621648,2022-10-30,1667088000000
Артилерія та РСЗВ,,,47.123866,32.621648,2022-10-31,1667174400000
Артилерія та РСЗВ,,,46.659323,31.634256,2022-10-31,1667174400000
Артилерія та РСЗВ,,,46.985922,32.435539,2022-10-31,1667174400000
Артилерія та РСЗВ,,,47.198526,32.829574,2022-10-31,1667174400000
Артилерія та РСЗВ,,,47.123866,32.621648,2022-10-31,1667174400000
Загиблі цивільні,2.0,"Внаслідок ворожого обстрілу с. Шевченко дві людини загинуло, частково зруйнувано житловий будинок",46.86215,32.196443,2022-10-2,1664668800000
Загиблі цивільні,1.0,Були обстріли села Широківської громади. Внаслідок чого загинула одна жінка.,47.123866,32.621648,2022-10-10,1665360000000
Загиблі цивільні,8.0,Ворог масовано обстріляв Миколаїв вісьмома ракетами типу С-300. Вісім людей загинули,46.959077,32.011807,2022-10-13,1665619200000
Загиблі цивільні,1.0,Миколаїв зазнав масованого ракетного обстрілу зенітно-ракетними системи С-300. З-під завалів рятувальники дістали тіло чоловіка.,46.959077,32.011807,2022-10-18,1666051200000
Загиблі цивільні,1.0,Внаслідок ворожих обстрілів одного з населених пунктів Галицинівської громади загинула одна людина,46.80328,31.954482,2022-10-22,1666396800000
Поранені цивільні,5.0,"Внаслідок обстрілу Миколаєва поранення отримали п'ятеро людей, серед них тримісячна дитина",46.959077,32.011807,2022-10-1,1664582400000
Поранені цивільні,7.0,Миколаїв зазнав ракетного обстрілу зенітно-ракетними системи С-300. Всього внаслідок обстрілу поранення отримало сім осіб.,46.959077,32.011807,2022-10-2,1664668800000
Поранені цивільні,2.0,Внаслідок ворожих обстрілів Шевченківської громади поранення отримали дві людини.,46.887668,32.271986,2022-10-6,1665014400000
Поранені цивільні,1.0,Ворог обстрілював Куцурубську громаду. Внаслідок ворожих обстрілів отримала поранення дитина.,46.659323,31.634256,2022-10-9,1665273600000
Поранені цивільні,1.0,Ворог масовано обстріляв Миколаїв вісьмома ракетами типу С-300. Одна людина отримала поранення.,46.959077,32.011807,2022-10-13,1665619200000
Поранені цивільні,1.0,Під час ворожих обстрілів Воскресенської громади зазнала поранень одна людина.,47.022105,32.179613,2022-10-15,1665792000000
Поранені цивільні,1.0,Внаслідок ворожих обстрілів одного з населених пунктів Галицинівської громади одна зазнала осколкових поранень,46.80328,31.954482,2022-10-22,1666396800000
Поранені цивільні,4.0,Миколаїв зазнав ворожого обстрілу ракетами типу С-300. Три людини отримали поранення. Також ще одну людину госпіталізовано,46.959077,32.011807,2022-10-23,1666483200000
Поранені цивільні,2.0,Ворог завдав ракетного обстрілу по Галицинівській громаді. Внаслідок чого поранення отримали дві людини,46.80328,31.954482,2022-10-23,1666483200000
Поранені цивільні,1.0,Миколаїв зазнав обстрілів із зенітно-ракетного комплексу С-300. Одна людина отримала легкі поранення,46.959077,32.011807,2022-10-28,1666915200000
Поранені цивільні,4.0,Ворог обстріляв населений пункт Галицинівської громади. Внаслідок чого чотири людини отримали поранення.,46.80328,31.954482,2022-10-28,1666915200000
Житлові будинки,,"Миколаїв було масовано обстріляно ракетами. Є числені руйнування житлових будинків. Так, одна з ракет влучила у житловий п’ятиповерховий будинок в центрі міста. Повністю зруйновані квартири на 5 та 4 поверхах, інші – суттєво пошкоджені. У навколишніх будинках повилітали вікна. В іншому районі міста численних пошкоджень зазнали приватні та двоповерховий житловий будинок",46.959077,32.011807,2022-10-1,1664582400000
Житлові будинки,,"Миколаїв зазнав ракетного обстрілу зенітно-ракетними системи С-300. Влучання зафіксовані біля двох чотирьохповерхових будинків. Внаслідок чого будинки зазнали пошкоджень, в одному з них виникла пожежа",46.959077,32.011807,2022-10-2,1664668800000
Житлові будинки,,Внаслідок ворожого обстрілу с. Шевченко частково зруйнувано житловий будинок,46.86215,32.196443,2022-10-2,1664668800000
Житлові будинки,,Були обстріли Березнегуватської громади. Внаслідок обстрілів пошкоджено п'ять приватних будинків,47.198526,32.829574,2022-10-1,1664582400000
Житлові будинки,,"Зафіксовано обстріли с. Широке, внаслідок чого зруйновано два житлові будинки та чотири будинки пошкоджено",47.098634,32.674144,2022-10-1,1664582400000
Житлові будинки,,"Ворог атакував місто, попередньо безпілотними дронами-камікадзе. В результаті чого виникла пожежа даху двоповерхової будівлі в одному з районів Миколаєва",46.959077,32.011807,2022-10-7,1665100800000
Житлові будинки,,Внаслідок ворожих обстрілів пошкоджено житлові будинки.,46.985922,32.435539,2022-10-6,1665014400000
Житлові будинки,,В результаті обстрілу Галицинівської громади пошкоджено житловий будинок,46.80328,31.954482,2022-10-7,1665100800000
Житлові будинки,,Були обстріли Баштанської громади. Внаслідок чого руйнувань зазнали три житлових будинки,47.3838,32.51341,2022-10-8,1665187200000
Житлові будинки,,Миколаєву випущено 10 ракет С-300. Пошкоджено житловий будинок.,46.959077,32.011807,2022-10-10,1665360000000
Житлові будинки,,Ворог обстрілював Куцурубську громаду. Пошкоджено вісім житлових будинків,46.659323,31.634256,2022-10-9,1665273600000
Житлові будинки,,Були обстріли села Широківської громади. Внаслідок чого три житлові будинки зазнали пошкоджень,47.123866,32.621648,2022-10-10,1665360000000
Житлові будинки,,Ворог наносив артилерійські обстріли по Куцурубській громаді. Внаслідок чого в одному з населених пунктів зруйновано понад 15 житлових будинків.,46.659323,31.634256,2022-10-12,1665532800000
Житлові будинки,,Ворог масовано обстріляв Миколаїв вісьмома ракетами типу С-300. Влучання у п’ятиповерховий житловий будинок.,46.959077,32.011807,2022-10-13,1665619200000
Житлові будинки,,Обстрілів зазнала Березгуватська громада. Внаслідок чого в одному із сіл пошкоджено 11 житлових будинків,47.198526,32.829574,2022-10-12,1665532800000
Житлові будинки,,Під час ворожих обстрілів Воскресенської громади. Пошкоджено житловий будинок,47.022105,32.179613,2022-10-15,1665792000000
Житлові будинки,,Обстрілів зазнала Широківська громада. Внаслідок чого зафіксовано значні пошкодження трьох будинків,47.123866,32.621648,2022-10-15,1665792000000
Житлові будинки,,Миколаїв зазнав масованого ракетного обстрілу зенітно-ракетними системи С-300. Внаслідок обстрілу сталося руйнування двоповерхового житлового будинку. Також у Центральному районі міста пошкоджень зазнали багатоповерхові житлові будинки.,46.959077,32.011807,2022-10-18,1666051200000
Житлові будинки,,Обстрілів зазнав населений пункт Широківської громади. Внаслідок чого пошкоджень зазнали чотири житлові будинки,47.123866,32.621648,2022-10-18,1666051200000
Житлові будинки,,"Були обстріли Широківської громади, внаслідок чого один будинок зруйновано та ще один пошкоджено",47.123866,32.621648,2022-10-19,1666137600000
Житлові будинки,,Внаслідок ворожих обстрілів одного з населених пунктів Галицинівської громади виникла пожежа житлового будинку,46.80328,31.954482,2022-10-22,1666396800000
Житлові будинки,,"Миколаїв зазнав ворожого обстрілу ракетами типу С-300. Одна з ракет влучила у п’ятиповерховий житловий будинок, повністю зруйнувавши квартиру на п’ятому поверсі. Також пошкоджень зазнав сусідній 10-поверховий житловий будинок",46.959077,32.011807,2022-10-23,1666483200000
Житлові будинки,,"Зафіксовано обстріли Баштанської громади, внаслідок чого пошкоджено три приватних будинки",47.3838,32.51341,2022-10-24,1666569600000
Житлові будинки,,"Обстрілів зазнала Широківська громада, внаслідок чого один будинок зруйновано та три пошкоджено",47.123866,32.621648,2022-10-23,1666483200000
Житлові будинки,,"Ворожих ударів зазнав населений пункт Широківської громади. Внаслідок обстрілу пошкоджено житловий будинок (вибито вікна, уламками посічено дах)",47.123866,32.621648,2022-10-24,1666569600000
Житлові будинки,,"Обстрілів зазнав населений пункт Широківської громади. Внаслідок чого зруйновано два житлові будинки, ще три – пошкоджено",47.123866,32.621648,2022-10-28,1666915200000
Житлові будинки,,Внаслідок обстрілів Галицинівської громади пошкоджено три житлових будинки,46.80328,31.954482,2022-10-29,1667001600000
Житлові будинки,,Внаслідок обстрілів Очаківської громади пошкоджено житлові будинки,46.6378,31.533954,2022-10-30,1667088000000
Житлові будинки,,"Обстрілів зазнала Широківська громада. Внаслідок чого зруйновано один житловий будинок, два будинки зазнали пошкоджень",47.123866,32.621648,2022-10-30,1667088000000
Житлові будинки,,Обстрілів зазнав населений пункт Широківської громади. Внаслідок чого пошкоджено один житловий будинок,47.123866,32.621648,2022-10-31,1667174400000
Житлові будинки,,"Обстрілів зазнала Широківська громада. Внаслідок чого зруйновано один будинок, пошкоджено один будинок",47.123866,32.621648,2022-10-31,1667174400000
Навчальні заклади,,Були обстріли Баштанської громади. Внаслідок чого пошкоджено дитячий садок та школу,47.3838,32.51341,2022-10-8,1665187200000
Навчальні заклади,,Обстрілів зазнала Широківська громада. Влучання у вже зруйнований дитячий садочок,47.123866,32.621648,2022-10-9,1665273600000
Навчальні заклади,,Миколаєву випущено 10 ракет С-300. Зафіксовано влучання по території університету,46.959077,32.011807,2022-10-10,1665360000000
Навчальні заклади,,Ворог атакував Миколаїв ударними безпілотниками-камікадзе «Shahed-136». Чотири дрони поцілили в один з навчальних закладів міста,46.959077,32.011807,2022-10-20,1666224000000
Навчальні заклади,,"Зафіксовано обстріли Баштанської громади, внаслідок чого пошкоджено навчальний заклад",47.3838,32.51341,2022-10-24,1666569600000
Навчальні заклади,,Ворожих ударів зазнав населений пункт Широківської громади. Влучання було у дитячий садок,47.123866,32.621648,2022-10-24,1666569600000
Сільськогосподарські та лісові ,,"Були обстріли Широківської громади, влучання по сільгоспугіддях",47.123866,32.621648,2022-10-5,1664928000000
Сільськогосподарські та лісові ,,Були обстріли села Широківської громади. Влучання у сільськогосподарські угіддя,47.123866,32.621648,2022-10-11,1665446400000
Сільськогосподарські та лісові ,,Обстрілів зазнала Широківська громада. Влучання зафіксовані по сільськогосподарським угіддям,47.123866,32.621648,2022-10-12,1665532800000
Сільськогосподарські та лісові ,,Були обстріли за межами сіл Широківської громади. Влучання зафіксовані по сільськогосподарським угіддям,47.123866,32.621648,2022-10-18,1666051200000
Підприємства та сг виробництва,,внаслідок обстрілу Миколаєва пошкоджено складське приміщення та будівлі на території автотранспортного підприємства,46.959077,32.011807,2022-10-1,1664582400000
Підприємства та сг виробництва,,Ворог наносив удари зі 120 мм міномета та реактивної системи залпового вогню «Град» по портовій акваторії та інфраструктурі,46.619291,31.544722,2022-10-1,1664582400000
Підприємства та сг виробництва,,Під час обстрілів смт Березнегувате було пошкоджено об'єкти торгівлі,47.307953,32.846669,2022-10-4,1664841600000
Підприємства та сг виробництва,,Обстріляно Широківську громаду. Влучання по сільгосппідприємству,47.123866,32.621648,2022-10-6,1665014400000
Підприємства та сг виробництва,,"Обстріли зафіксовано в Широківській громаді. Значних руйнувань зазнало сільгосппідприємство, склади",47.123866,32.621648,2022-10-8,1665187200000
Підприємства та сг виробництва,,Обстрілів зазнала Широківська громада. Влучання у сільськогосподарське підприємство,47.123866,32.621648,2022-10-9,1665273600000
Підприємства та сг виробництва,,Миколаєву випущено 10 ракет С-300. Зафіксовано влучання по складським приміщенням.,46.959077,32.011807,2022-10-10,1665360000000
Підприємства та сг виробництва,,Ворог масовано обстріляв Миколаїв вісьмома ракетами типу С-300. Зруйновано будівлю човникової станці,46.959077,32.011807,2022-10-13,1665619200000
Підприємства та сг виробництва,,Під час обстрілів одного з населених пунктів Березнегуватської громади було пошкоджено об'єкти торгівлі,47.198526,32.829574,2022-10-14,1665705600000
Підприємства та сг виробництва,,Обстрілів зазнала Широківська громада. Внаслідок чого зафіксовано значні пошкодження господарських споруд,47.123866,32.621648,2022-10-15,1665792000000
Підприємства та сг виробництва,,Ворог атакував місто дронами-камікадзе «Shahed-136». Три дрони влучили в об’єкти промислової інфраструктури та фармацевтичний склад,46.959077,32.011807,2022-10-16,1665878400000
Підприємства та сг виробництва,,Були обстріли між двома населеними пунктами Березнегуватської громади. Влучання по сільськогосподарському підприємству,47.198526,32.829574,2022-10-17,1665964800000
Підприємства та сг виробництва,,Миколаїв зазнав масованого ракетного обстрілу зенітно-ракетними системи С-300. Пошкоджень зазнали торгові павільйони,46.959077,32.011807,2022-10-18,1666051200000
Підприємства та сг виробництва,,Під обстріл потрапив населений пункт Широківської громади. Зафіксовано влучання по сільгосппідприємству,47.123866,32.621648,2022-10-17,1665964800000
Підприємства та сг виробництва,,Ворог завдавав ударів з міномету в напрямку Очаківського порту,46.619291,31.544722,2022-10-20,1666224000000
Підприємства та сг виробництва,,Внаслідок ворожих обстрілів Мішково-Погорілівської громади пошкоджено споруду сільгосппідприємства,47.006358,32.084684,2022-10-29,1667001600000
Підприємства та сг виробництва,,Ворог завдавав удари по Первомайській громаді. Влучання зафіксовано в об’єкт промислової інфраструктури,46.985922,32.435539,2022-10-31,1667174400000
Критична інфраструктура,,Ворог завдав ракетного удару по Вознесенському районі. Пошкоджено об'єкт інфраструктури,47.685277,31.516687,2022-10-4,1664841600000
Критична інфраструктура,,Миколаєву випущено 10 ракет С-300. Пошкоджено лінію електромережі.,46.959077,32.011807,2022-10-10,1665360000000
Критична інфраструктура,,"Ворог наносив артилерійські обстріли по Куцурубській громаді. Внаслідок чого зникло світло, вода та газопостачання",46.659323,31.634256,2022-10-12,1665532800000
Критична інфраструктура,,Миколаїв зазнав масованого ракетного обстрілу зенітно-ракетними системи С-300. Після обстрілів місто залишилося без світла.,46.959077,32.011807,2022-10-18,1666051200000
Критична інфраструктура,,Внаслідок ворожого удару по території Ольшанської громади пошкоджено критичну інфраструктуру,47.161138,31.788057,2022-10-18,1666051200000
Критична інфраструктура,,Внаслідок ворожого ракетного обстрілу Мішково-Погорілівської громади пошкоджено інфраструктуру,47.006358,32.084684,2022-10-20,1666224000000
Критична інфраструктура,,"Внаслідок ворожих обстрілів одного з населених пунктів Галицинівської громади пошкоджено електромережу, газопровід",46.80328,31.954482,2022-10-22,1666396800000
Критична інфраструктура,,Внаслідок обстрілів Ольшанської громади пошкоджено об’єкт критичної інфраструктури,47.161138,31.788057,2022-10-23,1666483200000
Критична інфраструктура,,По Шевченківській громаді завдано удар трьома дронами-камікадзе «Shahed-136». Внаслідок чого пошкоджено об’єкт інфраструктури,46.887668,32.271986,2022-10-23,1666483200000
Критична інфраструктура,,Внаслідок ракетного обстрілу Синюхинобрідської громади пошкоджено об’єкт критичної інфраструктури,48.140867,30.862553,2022-10-22,1666396800000
Критична інфраструктура,,"Зафіксовано обстріли Баштанської громади, внаслідок чого пошкоджено лінію електропередач",47.3838,32.51341,2022-10-24,1666569600000
Критична інфраструктура,,Ворог завдавав удари по Первомайській громаді. Влучання були по двох інфраструктурних об'єктах,46.985922,32.435539,2022-10-25,1666656000000
Критична інфраструктура,,"Добу під ворожими обстрілами перебувала Шевченківська громада, обстрілів зазнали п’ять населених пунктів громади. Внаслідок артилерійських ударів пошкоджено інфраструктуру",46.887668,32.271986,2022-10-26,1666742400000
Критична інфраструктура,,Ворог обстріляв населений пункт Галицинівської громади. Також пошкоджено лінію електропередач,46.80328,31.954482,2022-10-28,1666915200000
Критична інфраструктура,,Обстрілів зазнала Широківська громада. Внаслідок чого пошкоджено лінію електропередач,47.123866,32.621648,2022-10-31,1667174400000
Медичні заклади,,Миколаїв зазнав ракетного обстрілу зенітно-ракетними системи С-300. Зафіксовано влучання біля території лікарні,46.959077,32.011807,2022-10-2,1664668800000
Адміністративні будівлі,,"Зафіксовано обстріли с. Широке, внаслідок чого влучання були в адмінбудівлю",47.098634,32.674144,2022-10-1,1664582400000
Адміністративні будівлі,,Під час обстрілів смт Березнегувате було пошкоджено адміністративні будівлі,47.307953,32.846669,2022-10-4,1664841600000
Адміністративні будівлі,,Були обстріли Баштанської громади. Внаслідок чого пошкоджено адмінбудівлю.,47.3838,32.51341,2022-10-8,1665187200000
Адміністративні будівлі,,Під час обстрілів одного з населених пунктів Березнегуватської громади було пошкоджено адміністративні будівлі,47.198526,32.829574,2022-10-14,1665705600000
Адміністративні будівлі,,Під час ворожих обстрілів Воскресенської громади. Пошкоджено адміністративну будівлю залізничної станції,47.022105,32.179613,2022-10-15,1665792000000
Адміністративні будівлі,,Миколаїв зазнав обстрілів із зенітно-ракетного комплексу С-300. Внаслідок ракетного удару зруйновано трьохповерхову адміністративну будівлю,46.959077,32.011807,2022-10-28,1666915200000
Цивільна інфраструктура,,Ворог завдавав ударів з РСЗВ по смт Первомайське. Влучання по об’єкту цивільної інфраструктури,47.04128,32.438662,2022-10-2,1664668800000
Цивільна інфраструктура,,Внаслідок ворожих обстрілів Шевченківської громади пошкоджено об’єкт цивільної інфраструктури,46.887668,32.271986,2022-10-6,1665014400000
Цивільна інфраструктура,,Внаслідок ворожих обстрілів пошкоджено об’єкт цивільної інфраструктури.,46.985922,32.435539,2022-10-6,1665014400000
Цивільна інфраструктура,,Було обстріляно Широківську громаду. Влучання були в стадіон,47.123866,32.621648,2022-10-7,1665100800000
Цивільна інфраструктура,,Були обстріли Баштанської громади. Внаслідок чого пошкоджено приміщення амбулаторії.,47.3838,32.51341,2022-10-8,1665187200000
Цивільна інфраструктура,,Ворог неодноразово завдавав ударів РСЗВ по Первомайській громаді. Влучання були по об’єкту цивільної інфраструктури,46.985922,32.435539,2022-10-11,1665446400000
Цивільна інфраструктура,,Внаслідок артобстрілу населеного пункту Первомайської громади пошкоджено об’єкт соціальної інфраструктури,46.985922,32.435539,2022-10-16,1665878400000
Цивільна інфраструктура,,Миколаїв зазнав масованого ракетного обстрілу зенітно-ракетними системи С-300. Пошкоджень зазнав сквер.,46.959077,32.011807,2022-10-18,1666051200000
Цивільна інфраструктура,,Обстрілів зазнав населений пункт Широківської громади. Внаслідок чого пошкоджень зазнали будинок культури та дитячий майданчик,47.123866,32.621648,2022-10-18,1666051200000
Цивільна інфраструктура,,"Миколаїв зазнав ворожого обстрілу ракетами типу С-300. Пошкоджено теплотрасу, дитячий майданчик",46.959077,32.011807,2022-10-23,1666483200000
Цивільна інфраструктура,,Миколаїв зазнав обстрілів із зенітно-ракетного комплексу С-300. Пошкоджень зазнала хлібопекарня,46.959077,32.011807,2022-10-28,1666915200000
Ракети,,,47.130786,31.777148,2022-9-1,1661990400000
Ракети,,,46.959077,32.011812,2022-9-3,1662163200000
Ракети,,,46.959077,32.011812,2022-9-4,1662249600000
Ракети,,,47.261436,32.821056,2022-9-3,1662163200000
Ракети,,,47.569273,31.332095,2022-9-3,1662163200000
Ракети,,,47.569273,31.332095,2022-9-4,1662249600000
Ракети,,,46.959077,32.011812,2022-9-5,1662336000000
Ракети,,,47.685277,31.516687,2022-9-9,1662681600000
Ракети,,,47.569273,31.332095,2022-9-11,1662854400000
Ракети,,,46.959077,32.011812,2022-9-14,1663113600000
Ракети,,,46.652823,31.511792,2022-9-15,1663200000000
Ракети,,,46.959077,32.011807,2022-9-17,1663372800000
Ракети,,,47.305562,31.78764,2022-9-19,1663545600000
Ракети,,,47.824725,31.170906,2022-9-19,1663545600000
Ракети,,,46.959077,32.011807,2022-9-22,1663804800000
Ракети,,,47.049012,32.179163,2022-9-22,1663804800000
Ракети,,,46.959077,32.011807,2022-9-23,1663891200000
Ракети,,,46.659323,31.634256,2022-9-23,1663891200000
Ракети,,,47.049012,32.179163,2022-9-23,1663891200000
Ракети,,,46.959077,32.011807,2022-9-25,1664064000000
Ракети,,,46.97526,31.892919,2022-9-27,1664236800000
Ракети,,,46.959077,32.011807,2022-9-28,1664323200000
Ракети,,,46.959077,32.011807,2022-9-30,1664496000000
Ракети,,,46.97565,32.127128,2022-9-30,1664496000000
Ракети,,,47.04128,32.438662,2022-9-30,1664496000000
Касетні боєприпаси,,,46.706472,31.896191,2022-9-27,1664236800000
Касетні боєприпаси,,,46.959077,32.011807,2022-9-29,1664409600000
Дрони-камікадзе,,,46.619291,31.544722,2022-9-20,1663632000000
Дрони-камікадзе,,,46.959077,32.011807,2022-9-29,1664409600000
Дрони-камікадзе,,,47.161138,31.788057,2022-9-29,1664409600000
Артилерія та РСЗВ,,,47.14444,32.663701,2022-9-1,1661990400000
Артилерія та РСЗВ,,,46.959077,32.011812,2022-9-1,1661990400000
Артилерія та РСЗВ,,,47.187785,32.874432,2022-9-1,1661990400000
Артилерія та РСЗВ,,,46.860028,32.384354,2022-9-1,1661990400000
Артилерія та РСЗВ,,,46.904678,32.474724,2022-9-1,1661990400000
Артилерія та РСЗВ,,,46.923268,32.470676,2022-9-1,1661990400000
Артилерія та РСЗВ,,,46.942145,32.244413,2022-9-1,1661990400000
Артилерія та РСЗВ,,,46.966356,32.359167,2022-9-1,1661990400000
Артилерія та РСЗВ,,,46.987659,32.315543,2022-9-1,1661990400000
Артилерія та РСЗВ,,,47.307953,32.846669,2022-9-1,1661990400000
Артилерія та РСЗВ,,,47.261436,32.821056,2022-9-1,1661990400000
Артилерія та РСЗВ,,,47.286823,33.071037,2022-9-1,1661990400000
Артилерія та РСЗВ,,,47.098634,32.674144,2022-9-1,1661990400000
Артилерія та РСЗВ,,,46.985922,32.435539,2022-9-2,1662076800000
Артилерія та РСЗВ,,,47.04128,32.438662,2022-9-2,1662076800000
Артилерія та РСЗВ,,,46.966356,32.359167,2022-9-2,1662076800000
Артилерія та РСЗВ,,,46.987659,32.315543,2022-9-2,1662076800000
Артилерія та РСЗВ,,,47.168237,32.567404,2022-9-2,1662076800000
Артилерія та РСЗВ,,,47.307953,32.846669,2022-9-2,1662076800000
Артилерія та РСЗВ,,,47.187785,32.874432,2022-9-2,1662076800000
Артилерія та РСЗВ,,,47.237363,33.151254,2022-9-2,1662076800000
Артилерія та РСЗВ,,,47.220375,33.063256,2022-9-2,1662076800000
Артилерія та РСЗВ,,,47.04128,32.438662,2022-9-3,1662163200000
Артилерія та РСЗВ,,,46.619291,31.544722,2022-9-4,1662249600000
Артилерія та РСЗВ,,,47.168671,32.446554,2022-9-3,1662163200000
Артилерія та РСЗВ,,,46.985922,32.435539,2022-9-4,1662249600000
Артилерія та РСЗВ,,,47.023995,32.427847,2022-9-4,1662249600000
Артилерія та РСЗВ,,,47.307953,32.846669,2022-9-4,1662249600000
Артилерія та РСЗВ,,,47.187785,32.874432,2022-9-4,1662249600000
Артилерія та РСЗВ,,,47.220375,33.063256,2022-9-4,1662249600000
Артилерія та РСЗВ,,,47.168671,32.446554,2022-9-5,1662336000000
Артилерія та РСЗВ,,,47.098634,32.674144,2022-9-5,1662336000000
Артилерія та РСЗВ,,,47.26453,32.6054,2022-9-6,1662422400000
Артилерія та РСЗВ,,,47.198526,32.829574,2022-9-5,1662336000000
Артилерія та РСЗВ,,,46.6531,31.622208,2022-9-6,1662422400000
Артилерія та РСЗВ,,,46.642667,31.816525,2022-9-6,1662422400000
Артилерія та РСЗВ,,,47.198526,32.829574,2022-9-6,1662422400000
Артилерія та РСЗВ,,,47.123866,32.621648,2022-9-6,1662422400000
Артилерія та РСЗВ,,,46.606658,31.565892,2022-9-7,1662508800000
Артилерія та РСЗВ,,,46.652627,31.668877,2022-9-7,1662508800000
Артилерія та РСЗВ,,,47.023995,32.427847,2022-9-7,1662508800000
Артилерія та РСЗВ,,,46.987659,32.315543,2022-9-7,1662508800000
Артилерія та РСЗВ,,,47.04128,32.438662,2022-9-7,1662508800000
Артилерія та РСЗВ,,,47.098634,32.674144,2022-9-7,1662508800000
Артилерія та РСЗВ,,,47.307953,32.846669,2022-9-7,1662508800000
Артилерія та РСЗВ,,,47.261436,32.821056,2022-9-7,1662508800000
Артилерія та РСЗВ,,,47.27598,32.837025,2022-9-7,1662508800000
Артилерія та РСЗВ,,,47.312209,32.98571,2022-9-7,1662508800000
Артилерія та РСЗВ,,,46.860028,32.384354,2022-9-8,1662595200000
Артилерія та РСЗВ,,,46.813882,32.309469,2022-9-8,1662595200000
Артилерія та РСЗВ,,,47.187785,32.874432,2022-9-9,1662681600000
Артилерія та РСЗВ,,,46.896352,32.288157,2022-9-9,1662681600000
Артилерія та РСЗВ,,,46.885644,32.227655,2022-9-9,1662681600000
Артилерія та РСЗВ,,,47.098634,32.674144,2022-9-8,1662595200000
Артилерія та РСЗВ,,,47.098634,32.674144,2022-9-9,1662681600000
Артилерія та РСЗВ,,,47.224347,32.512803,2022-9-8,1662595200000
Артилерія та РСЗВ,,,47.19975,32.225665,2022-9-8,1662595200000
Артилерія та РСЗВ,,,47.307953,32.846669,2022-9-8,1662595200000
Артилерія та РСЗВ,,,47.26453,32.6054,2022-9-8,1662595200000
Артилерія та РСЗВ,,,46.959077,32.011812,2022-9-10,1662768000000
Артилерія та РСЗВ,,,47.023995,32.427847,2022-9-9,1662681600000
Артилерія та РСЗВ,,,47.04128,32.438662,2022-9-9,1662681600000
Артилерія та РСЗВ,,,46.926862,32.119618,2022-9-9,1662681600000
Артилерія та РСЗВ,,,47.14444,32.663701,2022-9-9,1662681600000
Артилерія та РСЗВ,,,47.098634,32.674144,2022-9-9,1662681600000
Артилерія та РСЗВ,,,47.364476,32.94025,2022-9-9,1662681600000
Артилерія та РСЗВ,,,46.959077,32.011812,2022-9-11,1662854400000
Артилерія та РСЗВ,,,47.023995,32.427847,2022-9-10,1662768000000
Артилерія та РСЗВ,,,47.04128,32.438662,2022-9-10,1662768000000
Артилерія та РСЗВ,,,46.606658,31.565892,2022-9-10,1662768000000
Артилерія та РСЗВ,,,46.606658,31.565892,2022-9-11,1662854400000
Артилерія та РСЗВ,,,47.090263,32.448873,2022-9-10,1662768000000
Артилерія та РСЗВ,,,47.14444,32.663701,2022-9-10,1662768000000
Артилерія та РСЗВ,,,47.098634,32.674144,2022-9-10,1662768000000
Артилерія та РСЗВ,,,47.098634,32.674144,2022-9-11,1662854400000
Артилерія та РСЗВ,,,47.307953,32.846669,2022-9-11,1662854400000
Артилерія та РСЗВ,,,47.307953,32.846669,2022-9-11,1662854400000
Артилерія та РСЗВ,,,47.316447,32.92286,2022-9-11,1662854400000
Артилерія та РСЗВ,,,47.098634,32.674144,2022-9-11,1662854400000
Артилерія та РСЗВ,,,47.098634,32.674144,2022-9-12,1662940800000
Артилерія та РСЗВ,,,47.168671,32.446554,2022-9-12,1662940800000
Артилерія та РСЗВ,,,47.04128,32.438662,2022-9-12,1662940800000
Артилерія та РСЗВ,,,47.04128,32.438662,2022-9-12,1662940800000
Артилерія та РСЗВ,,,47.098634,32.674144,2022-9-12,1662940800000
Артилерія та РСЗВ,,,47.098634,32.674144,2022-9-12,1662940800000
Артилерія та РСЗВ,,,47.307953,32.846669,2022-9-12,1662940800000
Артилерія та РСЗВ,,,47.198526,32.829574,2022-9-12,1662940800000
Артилерія та РСЗВ,,,47.312209,32.98571,2022-9-13,1663027200000
Артилерія та РСЗВ,,,47.307953,32.846669,2022-9-13,1663027200000
Артилерія та РСЗВ,,,47.307953,32.846669,2022-9-13,1663027200000
Артилерія та РСЗВ,,,47.14444,32.663701,2022-9-13,1663027200000
Артилерія та РСЗВ,,,47.167679,32.679529,2022-9-13,1663027200000
Артилерія та РСЗВ,,,47.098634,32.674144,2022-9-13,1663027200000
Артилерія та РСЗВ,,,47.098634,32.674144,2022-9-14,1663113600000
Артилерія та РСЗВ,,,46.959077,32.011812,2022-9-15,1663200000000
Артилерія та РСЗВ,,,47.049012,32.179163,2022-9-14,1663113600000
Артилерія та РСЗВ,,,46.642667,31.816525,2022-9-15,1663200000000
Артилерія та РСЗВ,,,46.652627,31.668877,2022-9-15,1663200000000
Артилерія та РСЗВ,,,46.644912,31.694257,2022-9-15,1663200000000
Артилерія та РСЗВ,,,46.6531,31.622208,2022-9-15,1663200000000
Артилерія та РСЗВ,,,46.86215,32.196443,2022-9-15,1663200000000
Артилерія та РСЗВ,,,46.995222,32.112717,2022-9-15,1663200000000
Артилерія та РСЗВ,,,46.619291,31.544722,2022-9-15,1663200000000
Артилерія та РСЗВ,,,47.307953,32.846669,2022-9-14,1663113600000
Артилерія та РСЗВ,,,47.312209,32.98571,2022-9-14,1663113600000
Артилерія та РСЗВ,,,47.307953,32.846669,2022-9-14,1663113600000
Артилерія та РСЗВ,,,47.246213,33.021857,2022-9-14,1663113600000
Артилерія та РСЗВ,,,47.168671,32.446554,2022-9-15,1663200000000
Артилерія та РСЗВ,,,47.098634,32.674144,2022-9-14,1663113600000
Артилерія та РСЗВ,,,47.14444,32.663701,2022-9-14,1663113600000
Артилерія та РСЗВ,,,47.098634,32.674144,2022-9-14,1663113600000
Артилерія та РСЗВ,,,47.246213,33.021857,2022-9-15,1663200000000
Артилерія та РСЗВ,,,47.312209,32.98571,2022-9-15,1663200000000
Артилерія та РСЗВ,,,47.307953,32.846669,2022-9-15,1663200000000
Артилерія та РСЗВ,,,47.307953,32.846669,2022-9-15,1663200000000
Артилерія та РСЗВ,,,47.14444,32.663701,2022-9-15,1663200000000
Артилерія та РСЗВ,,,47.098634,32.674144,2022-9-15,1663200000000
Артилерія та РСЗВ,,,47.168671,32.446554,2022-9-15,1663200000000
Артилерія та РСЗВ,,,46.619291,31.544722,2022-9-16,1663286400000
Артилерія та РСЗВ,,,46.619291,31.544722,2022-9-17,1663372800000
Артилерія та РСЗВ,,,46.632603,31.738128,2022-9-17,1663372800000
Артилерія та РСЗВ,,,47.246213,33.021857,2022-9-16,1663286400000
Артилерія та РСЗВ,,,47.307953,32.846669,2022-9-16,1663286400000
Артилерія та РСЗВ,,,47.307953,32.846669,2022-9-17,1663372800000
Артилерія та РСЗВ,,,47.098634,32.674144,2022-9-16,1663286400000
Артилерія та РСЗВ,,,47.098634,32.674144,2022-9-17,1663372800000
Артилерія та РСЗВ,,,46.619291,31.544722,2022-9-17,1663372800000
Артилерія та РСЗВ,,,46.619291,31.544722,2022-9-18,1663459200000
Артилерія та РСЗВ,,,47.06066,32.376822,2022-9-17,1663372800000
Артилерія та РСЗВ,,,47.307953,32.846669,2022-9-17,1663372800000
Артилерія та РСЗВ,,,47.198526,32.829574,2022-9-17,1663372800000
Артилерія та РСЗВ,,,47.198526,32.829575,2022-9-16,1663286400000
Артилерія та РСЗВ,,,47.198526,32.829576,2022-9-15,1663200000000
Артилерія та РСЗВ,,,47.098634,32.674144,2022-9-17,1663372800000
Артилерія та РСЗВ,,,47.14444,32.663701,2022-9-17,1663372800000
Артилерія та РСЗВ,,,47.167679,32.679529,2022-9-17,1663372800000
Артилерія та РСЗВ,,,47.168671,32.446554,2022-9-17,1663372800000
Артилерія та РСЗВ,,,46.959077,32.011807,2022-9-19,1663545600000
Артилерія та РСЗВ,,,47.198526,32.829576,2022-9-18,1663459200000
Артилерія та РСЗВ,,,47.246213,33.021857,2022-9-18,1663459200000
Артилерія та РСЗВ,,,47.187785,32.874432,2022-9-18,1663459200000
Артилерія та РСЗВ,,,47.307953,32.846669,2022-9-18,1663459200000
Артилерія та РСЗВ,,,47.168671,32.446554,2022-9-18,1663459200000
Артилерія та РСЗВ,,,47.098634,32.674144,2022-9-18,1663459200000
Артилерія та РСЗВ,,,47.098634,32.674144,2022-9-19,1663545600000
Артилерія та РСЗВ,,,46.619291,31.544722,2022-9-19,1663545600000
Артилерія та РСЗВ,,,47.098634,32.674144,2022-9-19,1663545600000
Артилерія та РСЗВ,,,47.14444,32.663701,2022-9-19,1663545600000
Артилерія та РСЗВ,,,47.307953,32.846669,2022-9-19,1663545600000
Артилерія та РСЗВ,,,47.246213,33.021857,2022-9-19,1663545600000
Артилерія та РСЗВ,,,47.187785,32.874432,2022-9-19,1663545600000
Артилерія та РСЗВ,,,47.312209,32.98571,2022-9-19,1663545600000
Артилерія та РСЗВ,,,47.331542,33.048818,2022-9-19,1663545600000
Артилерія та РСЗВ,,,47.307953,32.846669,2022-9-20,1663632000000
Артилерія та РСЗВ,,,47.40372,32.438221,2022-9-19,1663545600000
Артилерія та РСЗВ,,,46.86215,32.196443,2022-9-20,1663632000000
Артилерія та РСЗВ,,,47.04128,32.438662,2022-9-20,1663632000000
Артилерія та РСЗВ,,,47.090263,32.448873,2022-9-20,1663632000000
Артилерія та РСЗВ,,,46.706472,31.896191,2022-9-21,1663718400000
Артилерія та РСЗВ,,,47.26453,32.6054,2022-9-20,1663632000000
Артилерія та РСЗВ,,,47.198526,32.829576,2022-9-20,1663632000000
Артилерія та РСЗВ,,,47.246213,33.021857,2022-9-20,1663632000000
Артилерія та РСЗВ,,,47.307953,32.846669,2022-9-20,1663632000000
Артилерія та РСЗВ,,,47.098634,32.674144,2022-9-21,1663718400000
Артилерія та РСЗВ,,,46.97565,32.127128,2022-9-21,1663718400000
Артилерія та РСЗВ,,,46.706472,31.896191,2022-9-21,1663718400000
Артилерія та РСЗВ,,,46.632603,31.738128,2022-9-21,1663718400000
Артилерія та РСЗВ,,,46.619291,31.544722,2022-9-21,1663718400000
Артилерія та РСЗВ,,,47.04128,32.438662,2022-9-21,1663718400000
Артилерія та РСЗВ,,,47.04128,32.438662,2022-9-21,1663718400000
Артилерія та РСЗВ,,,47.04128,32.438662,2022-9-21,1663718400000
Артилерія та РСЗВ,,,47.307953,32.846669,2022-9-21,1663718400000
Артилерія та РСЗВ,,,47.331542,33.048818,2022-9-21,1663718400000
Артилерія та РСЗВ,,,47.286823,33.071037,2022-9-21,1663718400000
Артилерія та РСЗВ,,,47.168671,32.446554,2022-9-21,1663718400000
Артилерія та РСЗВ,,,47.098634,32.674144,2022-9-21,1663718400000
Артилерія та РСЗВ,,,47.14444,32.663701,2022-9-21,1663718400000
Артилерія та РСЗВ,,,46.824849,32.141298,2022-9-22,1663804800000
Артилерія та РСЗВ,,,46.659323,31.634256,2022-9-22,1663804800000
Артилерія та РСЗВ,,,47.246213,33.021857,2022-9-22,1663804800000
Артилерія та РСЗВ,,,47.452576,32.85237,2022-9-22,1663804800000
Артилерія та РСЗВ,,,47.261436,32.821056,2022-9-22,1663804800000
Артилерія та РСЗВ,,,47.261436,32.821056,2022-9-22,1663804800000
Артилерія та РСЗВ,,,46.959077,32.011807,2022-9-24,1663977600000
Артилерія та РСЗВ,,,46.86215,32.196443,2022-9-23,1663891200000
Артилерія та РСЗВ,,,46.885644,32.227655,2022-9-23,1663891200000
Артилерія та РСЗВ,,,46.706472,31.896191,2022-9-23,1663891200000
Артилерія та РСЗВ,,,47.26453,32.6054,2022-9-24,1663977600000
Артилерія та РСЗВ,,,47.276005,32.690068,2022-9-24,1663977600000
Артилерія та РСЗВ,,,47.168671,32.446554,2022-9-24,1663977600000
Артилерія та РСЗВ,,,47.098634,32.674144,2022-9-24,1663977600000
Артилерія та РСЗВ,,,47.198526,32.829576,2022-9-24,1663977600000
Артилерія та РСЗВ,,,46.606658,31.565892,2022-9-25,1664064000000
Артилерія та РСЗВ,,,47.307953,32.846669,2022-9-24,1663977600000
Артилерія та РСЗВ,,,47.331542,33.048818,2022-9-24,1663977600000
Артилерія та РСЗВ,,,47.098634,32.674144,2022-9-24,1663977600000
Артилерія та РСЗВ,,,47.098634,32.674144,2022-9-25,1664064000000
Артилерія та РСЗВ,,,46.959077,32.011807,2022-9-26,1664150400000
Артилерія та РСЗВ,,,46.619291,31.544722,2022-9-26,1664150400000
Артилерія та РСЗВ,,,47.265232,32.256702,2022-9-26,1664150400000
Артилерія та РСЗВ,,,47.307953,32.846669,2022-9-25,1664064000000
Артилерія та РСЗВ,,,47.098634,32.674144,2022-9-25,1664064000000
Артилерія та РСЗВ,,,47.098634,32.674144,2022-9-26,1664150400000
Артилерія та РСЗВ,,,46.959077,32.011807,2022-9-27,1664236800000
Артилерія та РСЗВ,,,46.959077,32.011807,2022-9-27,1664236800000
Артилерія та РСЗВ,,,46.619291,31.544722,2022-9-27,1664236800000
Артилерія та РСЗВ,,,47.246213,33.021857,2022-9-26,1664150400000
Артилерія та РСЗВ,,,47.307953,32.846669,2022-9-26,1664150400000
Артилерія та РСЗВ,,,47.168671,32.446554,2022-9-26,1664150400000
Артилерія та РСЗВ,,,47.098634,32.674144,2022-9-26,1664150400000
Артилерія та РСЗВ,,,47.14444,32.663701,2022-9-26,1664150400000
Артилерія та РСЗВ,,,46.619291,31.544722,2022-9-27,1664236800000
Артилерія та РСЗВ,,,47.246213,33.021857,2022-9-27,1664236800000
Артилерія та РСЗВ,,,47.32143,32.91042,2022-9-27,1664236800000
Артилерія та РСЗВ,,,47.307953,32.846669,2022-9-27,1664236800000
Артилерія та РСЗВ,,,47.331542,33.048818,2022-9-27,1664236800000
Артилерія та РСЗВ,,,47.286823,33.071037,2022-9-27,1664236800000
Артилерія та РСЗВ,,,47.316447,32.92286,2022-9-27,1664236800000
Артилерія та РСЗВ,,,47.307953,32.846669,2022-9-28,1664323200000
Артилерія та РСЗВ,,,47.168671,32.446554,2022-9-27,1664236800000
Артилерія та РСЗВ,,,47.168671,32.446554,2022-9-28,1664323200000
Артилерія та РСЗВ,,,47.098634,32.674144,2022-9-27,1664236800000
Артилерія та РСЗВ,,,47.098634,32.674144,2022-9-28,1664323200000
Артилерія та РСЗВ,,,47.32143,32.91042,2022-9-29,1664409600000
Артилерія та РСЗВ,,,47.312209,32.98571,2022-9-29,1664409600000
Артилерія та РСЗВ,,,47.261436,32.821056,2022-9-29,1664409600000
Артилерія та РСЗВ,,,47.307953,32.846669,2022-9-29,1664409600000
Артилерія та РСЗВ,,,47.168671,32.446554,2022-9-29,1664409600000
Артилерія та РСЗВ,,,47.098634,32.674144,2022-9-29,1664409600000
Артилерія та РСЗВ,,,47.14444,32.663701,2022-9-29,1664409600000
Артилерія та РСЗВ,,,47.14444,32.663701,2022-9-30,1664496000000
Артилерія та РСЗВ,,,46.985922,32.435539,2022-9-30,1664496000000
Артилерія та РСЗВ,,,47.04128,32.438662,2022-9-30,1664496000000
Артилерія та РСЗВ,,,46.885644,32.227655,2022-9-30,1664496000000
Артилерія та РСЗВ,,,47.023995,32.427847,2022-9-30,1664496000000
Артилерія та РСЗВ,,,47.002349,32.468069,2022-9-30,1664496000000
Артилерія та РСЗВ,,,47.331542,33.048818,2022-9-30,1664496000000
Артилерія та РСЗВ,,,47.286823,33.071037,2022-9-30,1664496000000
Артилерія та РСЗВ,,,47.261436,32.821056,2022-9-30,1664496000000
Артилерія та РСЗВ,,,47.307953,32.846669,2022-9-30,1664496000000
Артилерія та РСЗВ,,,47.168671,32.446554,2022-9-30,1664496000000
Артилерія та РСЗВ,,,47.168237,32.567404,2022-9-30,1664496000000
Загиблі цивільні,1.0,"Ракета типу Х-31, випущена з Су-35, влучила в приватний будинок у селі Висунськ Березнегуватської громади. Внаслідок руйнування будинку загинула одна дитина.",47.261436,32.821056,2022-9-3,1662163200000
Загиблі цивільні,1.0,Внаслідок обстрілів с. Білозірка Первомайської громади загинула одна людина,47.090263,32.448873,2022-9-10,1662768000000
Загиблі цивільні,,"Обстрілів зазнало смт Березнегувате. Проводяться роботи з пошуку зниклого чоловіка, який ймовірно був у своєму домоволодінні",47.307953,32.846669,2022-9-11,1662854400000
Загиблі цивільні,2.0,Через обстріли Миколаєва ракетами С-300 загинули двоє цивільних.,46.959077,32.011812,2022-9-14,1663113600000
Загиблі цивільні,1.0,У с. Дмитрівка через ворожі обстріли загинула одна людина. ,46.632603,31.738128,2022-9-17,1663372800000
Загиблі цивільні,3.0,Ворог завдав удару по житловому району Миколаєва касетними снарядами «Смерч». Внаслідок чого троє людей загинуло,46.959077,32.011807,2022-9-29,1664409600000
Поранені цивільні,1.0,"Ворог здійснив бомбардування фугасними п’ятсоткілограмовими авіабомбами Миколаївського району, де поранено одну людину",47.130786,31.777148,2022-9-1,1661990400000
Поранені цивільні,1.0,"Ворог атакував Центральний район Миколаєва ракетою повітряного базування Х-59, випущеною з Су-35. Поранення отримала одна людина",46.959077,32.011812,2022-9-3,1662163200000
Поранені цивільні,4.0,"Ракета типу Х-31, випущена з Су-35, влучила в приватний будинок у селі Висунськ Березнегуватської громади. Внаслідок руйнування четверо людей отримали осколочні поранення, троє з них - діти",47.261436,32.821056,2022-9-3,1662163200000
Поранені цивільні,1.0,Зафіксовано ворожий обстріл Первомайської громади. Внаслідок чого в смт Первомайське одна людина отримала поранення,47.04128,32.438662,2022-9-4,1662249600000
Поранені цивільні,9.0,Миколаїв зазнав потужних обстрілів. 9 осіб дістали поранення різного ступеню,46.959077,32.011812,2022-9-11,1662854400000
Поранені цивільні,5.0,Обстрілів зазнало смт Березнегувате. Внаслідок чого 5 людей отримали поранення,47.307953,32.846669,2022-9-11,1662854400000
Поранені цивільні,5.0,"Стратегічною авіацією ворог доправив по Вознесенську три крилаті ракети Х-555. Отримали поранення п’ять людей, з них одна дитина",47.569273,31.332095,2022-9-11,1662854400000
Поранені цивільні,6.0,Через обстріли Миколаєва ракетами С-300 троє цивільних отримали поранення та трьом надана допомога амбулаторно. ,46.959077,32.011812,2022-9-14,1663113600000
Поранені цивільні,2.0,У м. Очаків внаслідок обстрілів важких поранень зазнали дві людини.,46.619291,31.544722,2022-9-18,1663459200000
Поранені цивільні,1.0,Внаслідок обстрілу с. Білозірка зазнала поранень одна людина.,47.090263,32.448873,2022-9-20,1663632000000
Поранені цивільні,11.0,"Ворог завдав удару по житловому району Миколаєва касетними снарядами «Смерч». Внаслідок чого одинадцять людей поранено, з них одна дитина 17 років",46.959077,32.011807,2022-9-29,1664409600000
Поранені цивільні,8.0,"Миколаїв зазнав масованого ракетного обстрілу. Дві з ракет влучили у десятиповерховий будинок. Внаслідок чого одну людину було деблоковано з під завалів, поранення отримало ще вісім осіб, три поранених особи у важкому стані перебувають у медичних закладах, п‘ятьом - надано амбулаторну допомогу.",46.959077,32.011807,2022-9-30,1664496000000
Поранені цивільні,1.0,Ворог обстріляв околиці с. Висуньск. Під час обстрілу поранено одну людину,47.261436,32.821056,2022-9-29,1664409600000
Житлові будинки,,Артилерійського обстрілу зазнало с. Зелений Гай. Внаслідок чого відбулось загоряння трьох житлових будинків.,46.942145,32.244413,2022-9-1,1661990400000
Житлові будинки,,Були обстріли с. Широке. Влучання були у вже зруйнований житловий будинок.,47.098634,32.674144,2022-9-1,1661990400000
Житлові будинки,,Обстрілів зазнало с. Новомиколаївка. Внаслідок чого відбулося займання житлового будинку,46.966356,32.359167,2022-9-2,1662076800000
Житлові будинки,,"Ворог атакував Центральний район Миколаєва ракетою повітряного базування Х-59, випущеною з Су-35. Ракета влучила у приватний двір та зруйнувала будинок.",46.959077,32.011812,2022-9-3,1662163200000
Житлові будинки,,Під обстрілами було смт Первомайське. Ворожі снаряди влучили по житлових будинках,47.04128,32.438662,2022-9-3,1662163200000
Житлові будинки,,Ворог наніс удари по м. Очаків. Також внаслідок обстрілу пошкоджено житлові будинки,46.619291,31.544722,2022-9-4,1662249600000
Житлові будинки,,"Ракета типу Х-31, випущена з Су-35, влучила в приватний будинок у селі Висунськ",47.261436,32.821056,2022-9-3,1662163200000
Житлові будинки,,Обстрілів зазнало м. Вознесенськ. Є пошкодження житлових будинків,47.569273,31.332095,2022-9-4,1662249600000
Житлові будинки,,У с. Засілля через потрапляння боєприпасів та їх уламків виникла пожежа житлового будинку,47.023995,32.427847,2022-9-4,1662249600000
Житлові будинки,,Зафіксовано ворожий обстріл Первомайської громади. Внаслідок чого в смт Первомайське пошкоджено два житлових будинки,47.04128,32.438662,2022-9-4,1662249600000
Житлові будинки,,Під ворожими ударами було с. Куцуруб пошкоджено шість житлових будинків.,46.6531,31.622208,2022-9-6,1662422400000
Житлові будинки,,"Фіксувалися обстріли с. Засілля, внаслідок яких понад п‘ять житлових будинків частково зруйновано",47.023995,32.427847,2022-9-7,1662508800000
Житлові будинки,,"Були обстріли смт Первомайське, внаслідок чого загорівся житловий будинок",47.04128,32.438662,2022-9-7,1662508800000
Житлові будинки,,Миколаїв зазнав потужних обстрілів. Внаслідок влучання у двір п’ятиповерхівки один під’їзд практично знищено пожежею та вибухом. Також суттєво пошкоджено приватний будинок,46.959077,32.011812,2022-9-11,1662854400000
Житлові будинки,,Ворог обстрілював с. Засілля. Влучання були в житлові будинки,47.023995,32.427847,2022-9-10,1662768000000
Житлові будинки,,Ворог обстрілював смт Первомайське. Влучання були в житлові будинки,47.04128,32.438662,2022-9-10,1662768000000
Житлові будинки,,Обстрілів зазнало с. Широке. Зруйновано два будинки,47.098634,32.674144,2022-9-10,1662768000000
Житлові будинки,,Обстрілів зазнало смт Березнегувате. Внаслідок чого пошкоджені та зруйновані житлові будинки,47.307953,32.846669,2022-9-11,1662854400000
Житлові будинки,,Обстрілів зазнало смт Березнегувате Березнегуватської громади. Пошкоджено житлові будинки,47.307953,32.846669,2022-9-11,1662854400000
Житлові будинки,,Були обстріли в с. Широке. Зруйновано один будинок,47.098634,32.674144,2022-9-11,1662854400000
Житлові будинки,,Стратегічною авіацією ворог доправив по Вознесенську три крилаті ракети Х-555 встановлено часткову руйнацію 40 житлових будинків,47.569273,31.332095,2022-9-11,1662854400000
Житлові будинки,,У Миколаєві ракети С-300 влучили біля дев’яти- та п’ятиповерхівок: пошкоджені житлові будинки.,46.959077,32.011812,2022-9-14,1663113600000
Житлові будинки,,"Обстрілів зазнало с. Широке, внаслідок чого зруйновано житловий будинок. ",47.098634,32.674144,2022-9-13,1663027200000
Житлові будинки,,Через обстріли Калинівки пошкоджені житлові будинки.,47.049012,32.179163,2022-9-14,1663113600000
Житлові будинки,,У с. Широке зруйновано два житлові будинки.,47.098634,32.674144,2022-9-14,1663113600000
Житлові будинки,,Внаслідок обстрілів у с. Широке пошкоджено один будинок. ,47.098634,32.674144,2022-9-15,1663200000000
Житлові будинки,,У м. Очаків внаслідок обстрілів пошкоджено житлові будинки.,46.619291,31.544722,2022-9-18,1663459200000
Житлові будинки,,"У Миколаєві через обстріл у декількох житлових будинках вибиті вікна, двері, пошкоджено покрівлю.",46.959077,32.011807,2022-9-19,1663545600000
Житлові будинки,,Через ворожий удар у Новій Одесі пошкоджено житлові будинки.,47.305562,31.78764,2022-9-19,1663545600000
Житлові будинки,,В с. Явкине у житловому будинку пошкоджено вікна.,47.26453,32.6054,2022-9-20,1663632000000
Житлові будинки,,"Через масований ракетний обстріл з С-300 у Миколаєві пошкоджено багатоповерхові будинки, вибиті вікна.",46.959077,32.011807,2022-9-22,1663804800000
Житлові будинки,,У смт Первомайське частково зруйновано житловий будинок. ,47.04128,32.438662,2022-9-21,1663718400000
Житлові будинки,,У Миколаєві через ворожий удар пошкоджено приватні будинки.,46.959077,32.011807,2022-9-23,1663891200000
Житлові будинки,,Внаслідок обстрілу с. Українка виникла пожежа житлового будинку. ,46.824849,32.141298,2022-9-22,1663804800000
Житлові будинки,,Через обстріли с. Висунськ. пошкоджено приватні будинки.,47.261436,32.821056,2022-9-22,1663804800000
Житлові будинки,,В с. Парутине частково зруйновано два приватних будинки.,46.706472,31.896191,2022-9-23,1663891200000
Житлові будинки,,Через ракетні удари по с. Калинівка пошкоджено три житлових будинки.,47.049012,32.179163,2022-9-23,1663891200000
Житлові будинки,,Окупанти завдали ракетних ударів по Миколаєву. Внаслідок чого пошкоджені житлові будинки,46.959077,32.011807,2022-9-25,1664064000000
Житлові будинки,,Було обстріляно с. Широке. Пошкоджень зазнали два житлових будинки,47.098634,32.674144,2022-9-24,1663977600000
Житлові будинки,,Обстрілів зазнало с. Христофорівка Баштанської громади. Внаслідок чого пошкоджено понад 15 будинків,47.265232,32.256702,2022-9-26,1664150400000
Житлові будинки,,Зафіксовано обстріли в с. Широке внаслідок чого пошкоджень зазнав один двоповерховий житловий будинок,47.098634,32.674144,2022-9-25,1664064000000
Житлові будинки,,Миколаїв зазнав масованих обстрілів. Пошкодили житлові будинки,46.959077,32.011807,2022-9-27,1664236800000
Житлові будинки,,Зафіксовано ракетний обстріл с. Весняне. Внаслідок чого частково зруйновано та пошкоджено житлові будинки,46.97526,31.892919,2022-9-27,1664236800000
Житлові будинки,,Обстріли с. Широке та його околиць. Пошкоджень зазнали два житлові будинки,47.098634,32.674144,2022-9-26,1664150400000
Житлові будинки,,Ворог завдав удару по житловому району Миколаєва касетними снарядами «Смерч». Внаслідок чого є пошкодження житлових будинків,46.959077,32.011807,2022-9-29,1664409600000
Житлові будинки,,"Миколаїв зазнав масованого ракетного обстрілу. Дві з ракет влучили у десятиповерховий будинок. Зруйновано чотири квартири повністю, шість зруйновано частково.",46.959077,32.011807,2022-9-30,1664496000000
Житлові будинки,,Ворог завдав ракетного удару по селищу Полігон. Внаслідок потрапляння боєприпасів та їх уламків пошкоджено житлові будинки,46.97565,32.127128,2022-9-30,1664496000000
Житлові будинки,,"Обстрілів зазнало с. Широке, посічено осколками чотири будинки",47.098634,32.674144,2022-9-29,1664409600000
Житлові будинки,,Внаслідок ракетних та артилерійських обстрілів в смт Первомайське пошкоджені приватні будинки,47.04128,32.438662,2022-9-30,1664496000000
Житлові будинки,,Зафіксовано артилерійський обстріл с. Котляреве. Пошкоджено житлові будинки,46.885644,32.227655,2022-9-30,1664496000000
Навчальні заклади,,"Миколаїв зазнав масованого ракетного обстрілу, перередньо С-300. Суттєво пошкоджено два навчальних заклади",46.959077,32.011812,2022-9-4,1662249600000
Навчальні заклади,,Обстрілів зазнало с. Широке. Влучання були у вже зруйнований школу,47.098634,32.674144,2022-9-8,1662595200000
Навчальні заклади,,Через обстріли смт Березнегувате пошкоджено склад професійного ліцея. ,47.307953,32.846669,2022-9-12,1662940800000
Навчальні заклади,,Ракета С-300 пошкодила у Миколаєві навчальний заклад.,46.959077,32.011812,2022-9-14,1663113600000
Навчальні заклади,,Внаслідок обстрілу смт Березнегувате пошкоджено навчальний заклад – у будівлі вилетіли вікна. ,47.307953,32.846669,2022-9-20,1663632000000
Навчальні заклади,,Обстрілів зазнало с. Христофорівка Баштанської громади. Внаслідок чого пошкоджено школу,47.265232,32.256702,2022-9-26,1664150400000
Сільськогосподарські та лісові ,,Через обстріли території та прилеглих населених пунктів Березнегуватської громади виникла пожежа листяної та хвойної підстилки у лісі Березнегуватського лісового господарства,47.307953,32.846669,2022-9-8,1662595200000
Сільськогосподарські та лісові ,,"Обстрілів зазнало с. Широке Широківської громади, влучання переважно по сільгоспугіддях.",47.098634,32.674144,2022-9-29,1664409600000
Підприємства та сг виробництва,,Обстрілів зазнало м. Вознесенськ. Внаслідок чого на підприємстві відбулося займання приміщень,47.569273,31.332095,2022-9-4,1662249600000
Підприємства та сг виробництва,,Миколаїв було атаковано ракетами С-300. Влучання були у промислове підприємство ,46.959077,32.011812,2022-9-5,1662336000000
Підприємства та сг виробництва,,Були обстріли околиці с. Явкіно. Влучили в склад з зерном фермерського господарства,47.26453,32.6054,2022-9-6,1662422400000
Підприємства та сг виробництва,,Були обстріли за межами с. Широке. Влучання були по сільгоспскладам,47.098634,32.674144,2022-9-7,1662508800000
Підприємства та сг виробництва,,"Стратегічною авіацією ворог доправив по Вознесенську три крилаті ракети Х-555, які влучили в елеватор із запасами пшениці",47.569273,31.332095,2022-9-11,1662854400000
Підприємства та сг виробництва,,В смт Первомайське чотири снаряди влучили в приватне підприємство.,47.04128,32.438662,2022-9-12,1662940800000
Підприємства та сг виробництва,,Внаслідок влучання ракети С-300 на територію підприємства у Миколаєві виникла пожежа на виробничій будівлі. ,46.959077,32.011812,2022-9-14,1663113600000
Підприємства та сг виробництва,,У смт Березнегувате влучання зафіксовано по комбікормовому заводу.,47.307953,32.846669,2022-9-14,1663113600000
Підприємства та сг виробництва,,У с. Широке влучання по сільськогосподарських будівлях.,47.098634,32.674144,2022-9-14,1663113600000
Підприємства та сг виробництва,,У с. Червона Долина влучання по сільськогосподарських будівлях. ,47.14444,32.663701,2022-9-14,1663113600000
Підприємства та сг виробництва,,У с. Червона Долина пошкоджено сільськогосподарські будівлі.,47.14444,32.663701,2022-9-13,1663027200000
Підприємства та сг виробництва,,У с. Поляна пошкоджено сільськогосподарські будівлі.,47.167679,32.679529,2022-9-13,1663027200000
Підприємства та сг виробництва,,В смт Березнегувате частково зруйноване складське приміщення фермерського господарства.,47.307953,32.846669,2022-9-15,1663200000000
Підприємства та сг виробництва,,У Миколаєві через обстріли загорівся автогаражний кооператив.,46.959077,32.011807,2022-9-17,1663372800000
Підприємства та сг виробництва,,Через масований ракетний обстріл з С-300 у Миколаєві виникла пожежа складського приміщення.,46.959077,32.011807,2022-9-22,1663804800000
Підприємства та сг виробництва,,Через артобстріли по прибережній зоні м. Очаків виникла пожежа на буксирі. ,46.619291,31.544722,2022-9-21,1663718400000
Підприємства та сг виробництва,,У Миколаєві уражено офісну будівлю об’єкта промислової інфраструктури.,46.959077,32.011807,2022-9-23,1663891200000
Підприємства та сг виробництва,,Миколаїв було обстріляно. Нанесено удар по промисловій зоні на околицях міста.,46.959077,32.011807,2022-9-26,1664150400000
Підприємства та сг виробництва,,Зафіксовано обстріли в с. Широке внаслідок чого пошкоджень зазнало сільгосппідприємство,47.098634,32.674144,2022-9-25,1664064000000
Підприємства та сг виробництва,,Миколаїв зазнав масованих обстрілів. Внаслідок обстрілу сталося руйнування складського приміщення з подальшим горінням,46.959077,32.011807,2022-9-27,1664236800000
Підприємства та сг виробництва,,Обстріли с. Широке та його околиць були влучання в сільгосппідприємство за межами села,47.098634,32.674144,2022-9-26,1664150400000
Підприємства та сг виробництва,,Миколаїв зазнав ракетних обстрілів. Було нанесено удар по промисловій зоні,46.959077,32.011807,2022-9-28,1664323200000
Підприємства та сг виробництва,,Широке Широківської громади зазнало обстрілів. Влучання по сільгосппідприємству,47.098634,32.674144,2022-9-28,1664323200000
Домогосподарства,,Ворог обстріляв с. Новомиколаївка. Частково зруйновано господарські будівлі,46.966356,32.359167,2022-9-1,1661990400000
Домогосподарства,,Обстрілів зазнало с. Новомиколаївка. Внаслідок чого пошкоджено господарські споруди,46.966356,32.359167,2022-9-2,1662076800000
Домогосподарства,,"Ворог атакував Центральний район Миколаєва ракетою повітряного базування Х-59, випущеною з Су-35. Ракета влучила у приватний двір та господарчі споруди",46.959077,32.011812,2022-9-3,1662163200000
Домогосподарства,,Були обстріли с. Широке. Влучання було у вже зруйновану сільгоспбудівлю домогосподарства,47.098634,32.674144,2022-9-5,1662336000000
Домогосподарства,,Обстріли зафіксовано за межами с. Червона Долина. Влучання у сільськогосподарські будівлі,47.14444,32.663701,2022-9-10,1662768000000
Домогосподарства,,В с. Широке зруйновані нежитлові господарські приміщення. ,47.098634,32.674144,2022-9-16,1663286400000
Домогосподарства,,"У Миколаєві було влучання у двір приватного будинку, внаслідок чого зруйновано господарську будівлю. ",46.959077,32.011807,2022-9-19,1663545600000
Домогосподарства,,Через ворожий удар у Новій Одесі виникла пожежа гаражу на території приватного домоволодіння.,47.305562,31.78764,2022-9-19,1663545600000
Заклади культури,,"Миколаїв зазнав масованого ракетного обстрілу, перередньо С-300. Суттєво пошкоджено музей",46.959077,32.011812,2022-9-4,1662249600000
Заклади культури,,Реактивними снарядами тричі атаковано район Національного історико-археологічного заповідника «Ольвія» в напрямку Парутиного.,46.706472,31.896191,2022-9-21,1663718400000
Критична інфраструктура,,Внаслідок обстрілів Інгульської громади знеструмлено п’ять населених пунктів,47.19975,32.225665,2022-9-8,1662595200000
Критична інфраструктура,,Були обстріли на території Явкінського старостинського округу. Внаслідок чого знеструмлена вся громада,47.26453,32.6054,2022-9-8,1662595200000
Критична інфраструктура,,Обстрілів зазнало с. Миколаївське. Внаслідок обстрілів у населеному пункті відсутнє світло,46.926862,32.119618,2022-9-9,1662681600000
Критична інфраструктура,,Обстрілів зазнало с. Широке. Зруйнована опора електропередач ,47.098634,32.674144,2022-9-10,1662768000000
Критична інфраструктура,,Обстрілів зазнало смт Березнегувате Березнегуватської громади. Пошкоджено газопровід,47.307953,32.846669,2022-9-11,1662854400000
Критична інфраструктура,,Через обстріли Іванівка лишилася без електропостачання.,46.652627,31.668877,2022-9-14,1663113600000
Критична інфраструктура,,Через обстріли Яселка лишилася без електропостачання.,46.644912,31.694257,2022-9-14,1663113600000
Критична інфраструктура,,Ракетні удари по інфраструктурному об'єкту в с. Чорноморка.,46.652823,31.511792,2022-9-15,1663200000000
Критична інфраструктура,,Через нічні удари по м. Очаків в деяких районах міста зникли світло та вода. ,46.619291,31.544722,2022-9-17,1663372800000
Критична інфраструктура,,У с. Дмитрівка пошкоджено очисні споруди та електропідстанція. ,46.632603,31.738128,2022-9-17,1663372800000
Критична інфраструктура,,Через удар по Березнегуватській громаді трьома реактивними снарядами зі «Смерчу» пошкоджено сонячну електростанцію.,47.198526,32.829576,2022-9-18,1663459200000
Критична інфраструктура,,"Ракетний обстріл промислової зони Південноукраїнської АЕС: пошкоджено будівлі АЕС, розбито понад 100 вікон. Відключився один з гідроагрегатів Олександрівської ГЕС.",47.824725,31.170906,2022-9-19,1663545600000
Критична інфраструктура,,Артилерійські удари по об’єкту критичної інфраструктури в с. Шевченкове.,46.86215,32.196443,2022-9-20,1663632000000
Критична інфраструктура,,В смт Первомайське снаряди влучили по території об’єкта критичної інфраструктури. ,47.04128,32.438662,2022-9-20,1663632000000
Критична інфраструктура,,В с. Явкине пошкоджено лінію електропередач.,47.26453,32.6054,2022-9-20,1663632000000
Критична інфраструктура,,Через масований ракетний обстріл з С-300 у Миколаєві пошкоджено газопровід і водогін.,46.959077,32.011807,2022-9-22,1663804800000
Критична інфраструктура,,У Миколаєві через ворожий удар пошкоджено водогін та електромережі.,46.959077,32.011807,2022-9-23,1663891200000
Критична інфраструктура,,Через обстріли с. Висунськ. пошкоджено газовий трубопровід з подальшим займанням. .,47.261436,32.821056,2022-9-22,1663804800000
Критична інфраструктура,,Через ракетні удари по с. Калинівка виникла пожежа газової труби.,47.049012,32.179163,2022-9-23,1663891200000
Критична інфраструктура,,Окупанти завдали ракетних ударів по Миколаєву. Внаслідок чого є влучання у мережі водопроводу,46.959077,32.011807,2022-9-25,1664064000000
Критична інфраструктура,,Миколаїв зазнав масованих обстрілів. Пошкодили мережу водопроводу,46.959077,32.011807,2022-9-27,1664236800000
Критична інфраструктура,,Ворог завдав удару по житловому району Миколаєва касетними снарядами «Смерч». Внаслідок чого є пошкодження електромереж,46.959077,32.011807,2022-9-29,1664409600000
Критична інфраструктура,,Наносилися ворожі удари по Ольшанській громаді. Зафіксовано влучення в об'єкт критичної інфраструктури,47.161138,31.788057,2022-9-29,1664409600000
Медичні заклади,,У Миколаєві через обстріли постраждала лікарня.,46.959077,32.011807,2022-9-17,1663372800000
Медичні заклади,,Через удар по Березнегуватській громаді трьома реактивними снарядами зі «Смерчу» пошкоджено лікарню.,47.198526,32.829576,2022-9-18,1663459200000
Медичні заклади,,Миколаїв зазнав масованого ракетного обстрілу. Після нічних обстрілів пошкоджено медичний заклад,46.959077,32.011807,2022-9-30,1664496000000
Адміністративні будівлі,,Обстрілів зазнало с. Широке. Влучання були у вже зруйнований ЦНАП,47.098634,32.674144,2022-9-8,1662595200000
Адміністративні будівлі,,Обстрілів зазнало смт Березнегувате. Пошкоджено адміністративну будівлю,47.307953,32.846669,2022-9-11,1662854400000
Адміністративні будівлі,,Через масований ракетний обстріл з С-300 у Миколаєві пошкоджено адміністративні будівлі.,46.959077,32.011807,2022-9-22,1663804800000
Адміністративні будівлі,,"Один ""Шахед-136"" атакував адмінбудівлю в обласному центрі.",46.959077,32.011807,2022-9-29,1664409600000
Цивільна інфраструктура,,"Миколаїв зазнав масованого ракетного обстрілу, перередньо С-300. Суттєво пошкоджено три лікувальних заклади, готель",46.959077,32.011812,2022-9-4,1662249600000
Цивільна інфраструктура,,Ворог наніс удари по м. Очаків. Влучання в об'єкт цивільної інфраструктури. ,46.619291,31.544722,2022-9-4,1662249600000
Цивільна інфраструктура,,"Обстрілів зазнало смт Березнегувате. Пошкоджено технічні споруди комунального підприємства, магазини",47.307953,32.846669,2022-9-11,1662854400000
Цивільна інфраструктура,,У Миколаєві через обстріл пошкоджено близько 300 метрів контактного дроту трамвайної мережі. ,46.959077,32.011807,2022-9-19,1663545600000
Цивільна інфраструктура,,"Через ворожий удар у Новій Одесі пошкоджено торгові кіоски, аптеку, магазин.",47.305562,31.78764,2022-9-19,1663545600000
Цивільна інфраструктура,,Через масований ракетний обстріл з С-300 у Миколаєві пошкоджено кінотеатр та театр.,46.959077,32.011807,2022-9-22,1663804800000
Цивільна інфраструктура,,В с. Калинівка внаслідок ракетного обстрілу виникла пожежа почтового відділення.,47.049012,32.179163,2022-9-22,1663804800000
Цивільна інфраструктура,,Через обстріли с. Висунськ. пошкоджено три об’єкти торгівлі .,47.261436,32.821056,2022-9-22,1663804800000
Цивільна інфраструктура,,У с. Шевченкове влучання по об’єкту цивільної інфраструктури.,46.86215,32.196443,2022-9-23,1663891200000
Цивільна інфраструктура,,Миколаїв зазнав масованих обстрілів. Пошкодили магазини,46.959077,32.011807,2022-9-27,1664236800000
Цивільна інфраструктура,,Через ракетний обстріл с. Весняне частково зруйновано та пошкоджено соціальну інфраструктуру.,46.97526,31.892919,2022-9-27,1664236800000
